<?xml version="1.0" encoding="UTF-8" standalone="yes"?>
<kml xmlns="http://www.opengis.net/kml/2.2" xmlns:ns2="http://www.google.com/kml/ext/2.2" xmlns:ns3="http://www.w3.org/2005/Atom" xmlns:ns4="urn:oasis:names:tc:ciq:xsdschema:xAL:2.0">
    <Document>
        <Schema name="stations_series_1" id="stations_series_1">
            <SimpleField type="string" name="collectioncode"/>
            <SimpleField type="string" name="seriescode"/>
            <SimpleField type="string" name="ocean"/>
            <SimpleField type="string" name="station_name"/>
            <SimpleField type="string" name="station_type"/>
            <SimpleField type="string" name="latitude"/>
            <SimpleField type="string" name="longitude"/>
            <SimpleField type="string" name="depth"/>
            <SimpleField type="string" name="stationstatus"/>
            <SimpleField type="string" name="stationclass"/>
            <SimpleField type="string" name="first_year"/>
            <SimpleField type="string" name="last_year"/>
            <SimpleField type="string" name="locality"/>
            <SimpleField type="string" name="notes"/>
            <SimpleField type="string" name="rcvr_serial"/>
            <SimpleField type="string" name="map_code"/>
        </Schema>
        <Folder>
            <name>stations_series</name>
            <Placemark id="stations_series.fid--2e4a691_19d8297c619_-3cf3">
                <ExtendedData>
                    <SchemaData schemaUrl="#stations_series_1">
                        <SimpleData name="collectioncode">PIRAT.PFRL</SimpleData>
                        <SimpleData name="seriescode">PIRAT</SimpleData>
                        <SimpleData name="ocean">MID PACIFIC</SimpleData>
                        <SimpleData name="station_name">IV</SimpleData>
                        <SimpleData name="station_type">Transceiver</SimpleData>
                        <SimpleData name="latitude">21.63454</SimpleData>
                        <SimpleData name="longitude">-158.12318</SimpleData>
                        <SimpleData name="depth">unknown</SimpleData>
                        <SimpleData name="stationstatus">active</SimpleData>
                        <SimpleData name="stationclass">deployed</SimpleData>
                        <SimpleData name="first_year">2020-12-29</SimpleData>
                        <SimpleData name="notes">&lt;small&gt;&lt;table border=1&gt;&lt;tr&gt;&lt;th&gt;instrument&lt;/th&gt;&lt;th&gt;type&lt;/th&gt;&lt;th&gt;deploy date&lt;/th&gt;&lt;th&gt;last download&lt;/th&gt;&lt;th&gt;recovery date&lt;/th&gt;&lt;th&gt;downloads&lt;/th&gt;&lt;th&gt;offset&lt;/th&gt;&lt;/tr&gt;&lt;tr&gt;&lt;td&gt;VR2W&lt;/td&gt;&lt;td align=center nowrap&gt;Transceiver&lt;/td&gt;&lt;td align=center nowrap&gt;2020-12-29&lt;/td&gt;&lt;td align=center nowrap&gt;2021-10-22&lt;/td&gt;&lt;td align=center nowrap&gt;2021-10-21&lt;/td&gt;&lt;td align=center nowrap&gt;1&lt;/td&gt;&lt;td align=center nowrap&gt;0.0 m&lt;/td&gt;&lt;/tr&gt;&lt;tr&gt;&lt;td&gt;VR2W&lt;/td&gt;&lt;td align=center nowrap&gt;Transceiver&lt;/td&gt;&lt;td align=center nowrap&gt;2021-06-28&lt;/td&gt;&lt;td align=center nowrap&gt;2021-09-16&lt;/td&gt;&lt;td align=center nowrap&gt;2021-09-15&lt;/td&gt;&lt;td align=center nowrap&gt;1&lt;/td&gt;&lt;td align=center nowrap&gt;146.9 m&lt;/td&gt;&lt;/tr&gt;&lt;tr&gt;&lt;td&gt;VR2W&lt;/td&gt;&lt;td align=center nowrap&gt;Transceiver&lt;/td&gt;&lt;td align=center nowrap&gt;2021-09-15&lt;/td&gt;&lt;td align=center nowrap&gt;2023-04-03&lt;/td&gt;&lt;td align=center nowrap&gt;2023-03-24&lt;/td&gt;&lt;td align=center nowrap&gt;1&lt;/td&gt;&lt;td align=center nowrap&gt;110.7 m&lt;/td&gt;&lt;/tr&gt;&lt;tr&gt;&lt;td&gt;VR2W&lt;/td&gt;&lt;td align=center nowrap&gt;Transceiver&lt;/td&gt;&lt;td align=center nowrap&gt;2021-10-21&lt;/td&gt;&lt;td align=center nowrap&gt;2022-06-25&lt;/td&gt;&lt;td align=center nowrap&gt;2022-06-22&lt;/td&gt;&lt;td align=center nowrap&gt;1&lt;/td&gt;&lt;td align=center nowrap&gt;81.7 m&lt;/td&gt;&lt;/tr&gt;&lt;tr&gt;&lt;td&gt;VR2W&lt;/td&gt;&lt;td align=center nowrap&gt;Transceiver&lt;/td&gt;&lt;td align=center nowrap&gt;2022-02-10&lt;/td&gt;&lt;td align=center nowrap&gt;2023-04-04&lt;/td&gt;&lt;td align=center nowrap&gt;2023-03-24&lt;/td&gt;&lt;td align=center nowrap&gt;1&lt;/td&gt;&lt;td align=center nowrap&gt;203.0 m&lt;/td&gt;&lt;/tr&gt;&lt;tr&gt;&lt;td&gt;VR2W&lt;/td&gt;&lt;td align=center nowrap&gt;Transceiver&lt;/td&gt;&lt;td align=center nowrap&gt;2022-06-22&lt;/td&gt;&lt;td align=center nowrap&gt;2022-08-19&lt;/td&gt;&lt;td align=center nowrap&gt;2022-08-18&lt;/td&gt;&lt;td align=center nowrap&gt;1&lt;/td&gt;&lt;td align=center nowrap&gt;298.2 m&lt;/td&gt;&lt;/tr&gt;&lt;tr&gt;&lt;td&gt;VR2AR&lt;/td&gt;&lt;td align=center nowrap&gt;Transceiver&lt;/td&gt;&lt;td align=center nowrap&gt;2022-08-15&lt;/td&gt;&lt;td align=center nowrap&gt;2023-04-04&lt;/td&gt;&lt;td align=center nowrap&gt;2023-03-24&lt;/td&gt;&lt;td align=center nowrap&gt;1&lt;/td&gt;&lt;td align=center nowrap&gt;139.7 m&lt;/td&gt;&lt;/tr&gt;&lt;tr&gt;&lt;td&gt;VR2AR&lt;/td&gt;&lt;td align=center nowrap&gt;Transceiver&lt;/td&gt;&lt;td align=center nowrap&gt;2023-03-24&lt;/td&gt;&lt;td align=center nowrap&gt;2023-10-05&lt;/td&gt;&lt;td align=center nowrap&gt;2023-10-03&lt;/td&gt;&lt;td align=center nowrap&gt;1&lt;/td&gt;&lt;td align=center nowrap&gt;132.8 m&lt;/td&gt;&lt;/tr&gt;&lt;tr&gt;&lt;td&gt;VR2AR&lt;/td&gt;&lt;td align=center nowrap&gt;Transceiver&lt;/td&gt;&lt;td align=center nowrap&gt;2023-10-03&lt;/td&gt;&lt;td align=center nowrap&gt;2024-04-18&lt;/td&gt;&lt;td align=center nowrap&gt;2024-04-16&lt;/td&gt;&lt;td align=center nowrap&gt;1&lt;/td&gt;&lt;td align=center nowrap&gt;115.1 m&lt;/td&gt;&lt;/tr&gt;&lt;tr&gt;&lt;td&gt;VR2AR&lt;/td&gt;&lt;td align=center nowrap&gt;Transceiver&lt;/td&gt;&lt;td align=center nowrap&gt;2024-04-16&lt;/td&gt;&lt;td align=center nowrap&gt;2025-01-02&lt;/td&gt;&lt;td align=center nowrap&gt;2024-11-23&lt;/td&gt;&lt;td align=center nowrap&gt;1&lt;/td&gt;&lt;td align=center nowrap&gt;177.0 m&lt;/td&gt;&lt;/tr&gt;&lt;tr&gt;&lt;td&gt;VR2AR&lt;/td&gt;&lt;td align=center nowrap&gt;Transceiver&lt;/td&gt;&lt;td align=center nowrap&gt;2024-11-23&lt;/td&gt;&lt;td align=center nowrap&gt;2025-08-18&lt;/td&gt;&lt;td align=center nowrap&gt;2025-08-10&lt;/td&gt;&lt;td align=center nowrap&gt;1&lt;/td&gt;&lt;td align=center nowrap&gt;179.9 m&lt;/td&gt;&lt;/tr&gt;&lt;tr&gt;&lt;td&gt;VR2AR&lt;/td&gt;&lt;td align=center nowrap&gt;Transceiver&lt;/td&gt;&lt;td align=center nowrap&gt;2025-08-10&lt;/td&gt;&lt;td align=center nowrap&gt;-&lt;/td&gt;&lt;td align=center nowrap&gt;-&lt;/td&gt;&lt;td align=center nowrap&gt;-&lt;/td&gt;&lt;td align=center nowrap&gt;273.3 m&lt;/td&gt;&lt;/tr&gt;&lt;/table&gt;&lt;/small&gt;</SimpleData>
                    </SchemaData>
                </ExtendedData>
                <Point>
                    <coordinates>-158.12318,21.63454</coordinates>
                </Point>
            </Placemark>
            <Placemark id="stations_series.fid--2e4a691_19d8297c619_-3cf2">
                <ExtendedData>
                    <SchemaData schemaUrl="#stations_series_1">
                        <SimpleData name="collectioncode">PIRAT.PFRL</SimpleData>
                        <SimpleData name="seriescode">PIRAT</SimpleData>
                        <SimpleData name="ocean">MID PACIFIC</SimpleData>
                        <SimpleData name="station_name">WAIKIKI EAST DEEP</SimpleData>
                        <SimpleData name="station_type">Acoustic</SimpleData>
                        <SimpleData name="latitude">21.2716</SimpleData>
                        <SimpleData name="longitude">-157.86293</SimpleData>
                        <SimpleData name="depth">183</SimpleData>
                        <SimpleData name="stationstatus">active</SimpleData>
                        <SimpleData name="stationclass">deployed</SimpleData>
                        <SimpleData name="first_year">2012-04-26</SimpleData>
                        <SimpleData name="last_year">2018-11-08</SimpleData>
                        <SimpleData name="notes">&lt;small&gt;&lt;table border=1&gt;&lt;tr&gt;&lt;th&gt;instrument&lt;/th&gt;&lt;th&gt;type&lt;/th&gt;&lt;th&gt;deploy date&lt;/th&gt;&lt;th&gt;last download&lt;/th&gt;&lt;th&gt;recovery date&lt;/th&gt;&lt;th&gt;downloads&lt;/th&gt;&lt;th&gt;offset&lt;/th&gt;&lt;/tr&gt;&lt;tr&gt;&lt;td&gt;VR2W&lt;/td&gt;&lt;td align=center nowrap&gt;Acoustic&lt;/td&gt;&lt;td align=center nowrap&gt;2012-04-26&lt;/td&gt;&lt;td align=center nowrap&gt;-&lt;/td&gt;&lt;td align=center nowrap&gt;-&lt;/td&gt;&lt;td align=center nowrap&gt;-&lt;/td&gt;&lt;td align=center nowrap&gt;3678.8 m&lt;/td&gt;&lt;/tr&gt;&lt;tr&gt;&lt;td&gt;VR2W&lt;/td&gt;&lt;td align=center nowrap&gt;Acoustic&lt;/td&gt;&lt;td align=center nowrap&gt;2012-11-28&lt;/td&gt;&lt;td align=center nowrap&gt;2013-06-17&lt;/td&gt;&lt;td align=center nowrap&gt;2013-06-17&lt;/td&gt;&lt;td align=center nowrap&gt;1&lt;/td&gt;&lt;td align=center nowrap&gt;0.0 m&lt;/td&gt;&lt;/tr&gt;&lt;tr&gt;&lt;td&gt;VR2W&lt;/td&gt;&lt;td align=center nowrap&gt;Acoustic&lt;/td&gt;&lt;td align=center nowrap&gt;2013-12-12&lt;/td&gt;&lt;td align=center nowrap&gt;2014-11-26&lt;/td&gt;&lt;td align=center nowrap&gt;2014-11-25&lt;/td&gt;&lt;td align=center nowrap&gt;1&lt;/td&gt;&lt;td align=center nowrap&gt;52763.4 m&lt;/td&gt;&lt;/tr&gt;&lt;tr&gt;&lt;td&gt;VR2W&lt;/td&gt;&lt;td align=center nowrap&gt;Acoustic&lt;/td&gt;&lt;td align=center nowrap&gt;2014-11-25&lt;/td&gt;&lt;td align=center nowrap&gt;2015-06-20&lt;/td&gt;&lt;td align=center nowrap&gt;2015-06-19&lt;/td&gt;&lt;td align=center nowrap&gt;1&lt;/td&gt;&lt;td align=center nowrap&gt;0.0 m&lt;/td&gt;&lt;/tr&gt;&lt;tr&gt;&lt;td&gt;VR2W&lt;/td&gt;&lt;td align=center nowrap&gt;Acoustic&lt;/td&gt;&lt;td align=center nowrap&gt;2015-06-19&lt;/td&gt;&lt;td align=center nowrap&gt;2017-12-13&lt;/td&gt;&lt;td align=center nowrap&gt;2020-01-01&lt;/td&gt;&lt;td align=center nowrap&gt;1&lt;/td&gt;&lt;td align=center nowrap&gt;52763.4 m&lt;/td&gt;&lt;/tr&gt;&lt;tr&gt;&lt;td&gt;VR2W&lt;/td&gt;&lt;td align=center nowrap&gt;Acoustic&lt;/td&gt;&lt;td align=center nowrap&gt;2016-11-18&lt;/td&gt;&lt;td align=center nowrap&gt;2017-08-16&lt;/td&gt;&lt;td align=center nowrap&gt;2017-08-08&lt;/td&gt;&lt;td align=center nowrap&gt;1&lt;/td&gt;&lt;td align=center nowrap&gt;44.3 m&lt;/td&gt;&lt;/tr&gt;&lt;tr&gt;&lt;td&gt;VR2W&lt;/td&gt;&lt;td align=center nowrap&gt;Acoustic&lt;/td&gt;&lt;td align=center nowrap&gt;2017-08-08&lt;/td&gt;&lt;td align=center nowrap&gt;2018-11-20&lt;/td&gt;&lt;td align=center nowrap&gt;2018-11-08&lt;/td&gt;&lt;td align=center nowrap&gt;1&lt;/td&gt;&lt;td align=center nowrap&gt;0.0 m&lt;/td&gt;&lt;/tr&gt;&lt;/table&gt;&lt;/small&gt;</SimpleData>
                    </SchemaData>
                </ExtendedData>
                <Point>
                    <coordinates>-157.86293,21.2716</coordinates>
                </Point>
            </Placemark>
            <Placemark id="stations_series.fid--2e4a691_19d8297c619_-3cf1">
                <ExtendedData>
                    <SchemaData schemaUrl="#stations_series_1">
                        <SimpleData name="collectioncode">PIRAT.PFRL</SimpleData>
                        <SimpleData name="seriescode">PIRAT</SimpleData>
                        <SimpleData name="ocean">MID PACIFIC</SimpleData>
                        <SimpleData name="station_name">HIMB WEST COVE</SimpleData>
                        <SimpleData name="station_type">Acoustic</SimpleData>
                        <SimpleData name="latitude">21.43511</SimpleData>
                        <SimpleData name="longitude">-157.79115</SimpleData>
                        <SimpleData name="depth">unknown</SimpleData>
                        <SimpleData name="stationstatus">active</SimpleData>
                        <SimpleData name="stationclass">deployed</SimpleData>
                        <SimpleData name="first_year">2011-12-14</SimpleData>
                        <SimpleData name="last_year">2014-04-16</SimpleData>
                        <SimpleData name="notes">&lt;small&gt;&lt;table border=1&gt;&lt;tr&gt;&lt;th&gt;instrument&lt;/th&gt;&lt;th&gt;type&lt;/th&gt;&lt;th&gt;deploy date&lt;/th&gt;&lt;th&gt;last download&lt;/th&gt;&lt;th&gt;recovery date&lt;/th&gt;&lt;th&gt;downloads&lt;/th&gt;&lt;th&gt;offset&lt;/th&gt;&lt;/tr&gt;&lt;tr&gt;&lt;td&gt;VR2W&lt;/td&gt;&lt;td align=center nowrap&gt;Acoustic&lt;/td&gt;&lt;td align=center nowrap&gt;2011-12-14&lt;/td&gt;&lt;td align=center nowrap&gt;2012-10-25&lt;/td&gt;&lt;td align=center nowrap&gt;2012-10-24&lt;/td&gt;&lt;td align=center nowrap&gt;1&lt;/td&gt;&lt;td align=center nowrap&gt;0.0 m&lt;/td&gt;&lt;/tr&gt;&lt;tr&gt;&lt;td&gt;VR2W&lt;/td&gt;&lt;td align=center nowrap&gt;Acoustic&lt;/td&gt;&lt;td align=center nowrap&gt;2012-10-24&lt;/td&gt;&lt;td align=center nowrap&gt;2014-04-22&lt;/td&gt;&lt;td align=center nowrap&gt;2014-04-16&lt;/td&gt;&lt;td align=center nowrap&gt;1&lt;/td&gt;&lt;td align=center nowrap&gt;0.0 m&lt;/td&gt;&lt;/tr&gt;&lt;/table&gt;&lt;/small&gt;</SimpleData>
                    </SchemaData>
                </ExtendedData>
                <Point>
                    <coordinates>-157.79115,21.43511</coordinates>
                </Point>
            </Placemark>
            <Placemark id="stations_series.fid--2e4a691_19d8297c619_-3cf0">
                <ExtendedData>
                    <SchemaData schemaUrl="#stations_series_1">
                        <SimpleData name="collectioncode">PIRAT.PFRL</SimpleData>
                        <SimpleData name="seriescode">PIRAT</SimpleData>
                        <SimpleData name="ocean">MID PACIFIC</SimpleData>
                        <SimpleData name="station_name">NSSA</SimpleData>
                        <SimpleData name="station_type">Transceiver</SimpleData>
                        <SimpleData name="latitude">21.61724</SimpleData>
                        <SimpleData name="longitude">-158.15788</SimpleData>
                        <SimpleData name="depth">127</SimpleData>
                        <SimpleData name="stationstatus">active</SimpleData>
                        <SimpleData name="stationclass">deployed</SimpleData>
                        <SimpleData name="first_year">2024-04-29</SimpleData>
                        <SimpleData name="notes">&lt;small&gt;&lt;table border=1&gt;&lt;tr&gt;&lt;th&gt;instrument&lt;/th&gt;&lt;th&gt;type&lt;/th&gt;&lt;th&gt;deploy date&lt;/th&gt;&lt;th&gt;last download&lt;/th&gt;&lt;th&gt;recovery date&lt;/th&gt;&lt;th&gt;downloads&lt;/th&gt;&lt;th&gt;offset&lt;/th&gt;&lt;/tr&gt;&lt;tr&gt;&lt;td&gt;VR2AR&lt;/td&gt;&lt;td align=center nowrap&gt;Transceiver&lt;/td&gt;&lt;td align=center nowrap&gt;2024-04-29&lt;/td&gt;&lt;td align=center nowrap&gt;2025-01-02&lt;/td&gt;&lt;td align=center nowrap&gt;2024-11-23&lt;/td&gt;&lt;td align=center nowrap&gt;1&lt;/td&gt;&lt;td align=center nowrap&gt;0.0 m&lt;/td&gt;&lt;/tr&gt;&lt;tr&gt;&lt;td&gt;VR2AR&lt;/td&gt;&lt;td align=center nowrap&gt;Transceiver&lt;/td&gt;&lt;td align=center nowrap&gt;2024-11-23&lt;/td&gt;&lt;td align=center nowrap&gt;2025-06-09&lt;/td&gt;&lt;td align=center nowrap&gt;2025-06-08&lt;/td&gt;&lt;td align=center nowrap&gt;1&lt;/td&gt;&lt;td align=center nowrap&gt;92.5 m&lt;/td&gt;&lt;/tr&gt;&lt;tr&gt;&lt;td&gt;VR2AR&lt;/td&gt;&lt;td align=center nowrap&gt;Transceiver&lt;/td&gt;&lt;td align=center nowrap&gt;2025-06-08&lt;/td&gt;&lt;td align=center nowrap&gt;-&lt;/td&gt;&lt;td align=center nowrap&gt;-&lt;/td&gt;&lt;td align=center nowrap&gt;-&lt;/td&gt;&lt;td align=center nowrap&gt;123.0 m&lt;/td&gt;&lt;/tr&gt;&lt;/table&gt;&lt;/small&gt;</SimpleData>
                    </SchemaData>
                </ExtendedData>
                <Point>
                    <coordinates>-158.15788,21.61724</coordinates>
                </Point>
            </Placemark>
            <Placemark id="stations_series.fid--2e4a691_19d8297c619_-3cef">
                <ExtendedData>
                    <SchemaData schemaUrl="#stations_series_1">
                        <SimpleData name="collectioncode">PIRAT.PFRL</SimpleData>
                        <SimpleData name="seriescode">PIRAT</SimpleData>
                        <SimpleData name="ocean">MID PACIFIC</SimpleData>
                        <SimpleData name="station_name">Waikiki West Mid</SimpleData>
                        <SimpleData name="station_type">Acoustic</SimpleData>
                        <SimpleData name="latitude">21.28035</SimpleData>
                        <SimpleData name="longitude">-157.89583</SimpleData>
                        <SimpleData name="depth">73</SimpleData>
                        <SimpleData name="stationstatus">active</SimpleData>
                        <SimpleData name="stationclass">deployed</SimpleData>
                        <SimpleData name="first_year">2011-12-01</SimpleData>
                        <SimpleData name="last_year">2018-11-09</SimpleData>
                        <SimpleData name="notes">&lt;small&gt;&lt;table border=1&gt;&lt;tr&gt;&lt;th&gt;instrument&lt;/th&gt;&lt;th&gt;type&lt;/th&gt;&lt;th&gt;deploy date&lt;/th&gt;&lt;th&gt;last download&lt;/th&gt;&lt;th&gt;recovery date&lt;/th&gt;&lt;th&gt;downloads&lt;/th&gt;&lt;th&gt;offset&lt;/th&gt;&lt;/tr&gt;&lt;tr&gt;&lt;td&gt;VR2W&lt;/td&gt;&lt;td align=center nowrap&gt;Acoustic&lt;/td&gt;&lt;td align=center nowrap&gt;2011-12-01&lt;/td&gt;&lt;td align=center nowrap&gt;-&lt;/td&gt;&lt;td align=center nowrap&gt;2012-09-13&lt;/td&gt;&lt;td align=center nowrap&gt;-&lt;/td&gt;&lt;td align=center nowrap&gt;0.0 m&lt;/td&gt;&lt;/tr&gt;&lt;tr&gt;&lt;td&gt;VR2W&lt;/td&gt;&lt;td align=center nowrap&gt;Acoustic&lt;/td&gt;&lt;td align=center nowrap&gt;2012-04-26&lt;/td&gt;&lt;td align=center nowrap&gt;2012-11-14&lt;/td&gt;&lt;td align=center nowrap&gt;2012-11-11&lt;/td&gt;&lt;td align=center nowrap&gt;1&lt;/td&gt;&lt;td align=center nowrap&gt;0.0 m&lt;/td&gt;&lt;/tr&gt;&lt;tr&gt;&lt;td&gt;VR2W&lt;/td&gt;&lt;td align=center nowrap&gt;Acoustic&lt;/td&gt;&lt;td align=center nowrap&gt;2012-11-28&lt;/td&gt;&lt;td align=center nowrap&gt;2013-06-18&lt;/td&gt;&lt;td align=center nowrap&gt;2013-06-18&lt;/td&gt;&lt;td align=center nowrap&gt;1&lt;/td&gt;&lt;td align=center nowrap&gt;0.0 m&lt;/td&gt;&lt;/tr&gt;&lt;tr&gt;&lt;td&gt;VR2W&lt;/td&gt;&lt;td align=center nowrap&gt;Acoustic&lt;/td&gt;&lt;td align=center nowrap&gt;2013-06-18&lt;/td&gt;&lt;td align=center nowrap&gt;2013-12-13&lt;/td&gt;&lt;td align=center nowrap&gt;2013-12-12&lt;/td&gt;&lt;td align=center nowrap&gt;1&lt;/td&gt;&lt;td align=center nowrap&gt;51.0 m&lt;/td&gt;&lt;/tr&gt;&lt;tr&gt;&lt;td&gt;VR2W&lt;/td&gt;&lt;td align=center nowrap&gt;Acoustic&lt;/td&gt;&lt;td align=center nowrap&gt;2014-11-26&lt;/td&gt;&lt;td align=center nowrap&gt;2015-09-05&lt;/td&gt;&lt;td align=center nowrap&gt;2015-06-19&lt;/td&gt;&lt;td align=center nowrap&gt;2&lt;/td&gt;&lt;td align=center nowrap&gt;0.0 m&lt;/td&gt;&lt;/tr&gt;&lt;tr&gt;&lt;td&gt;VR2W&lt;/td&gt;&lt;td align=center nowrap&gt;Acoustic&lt;/td&gt;&lt;td align=center nowrap&gt;2015-06-20&lt;/td&gt;&lt;td align=center nowrap&gt;2016-12-21&lt;/td&gt;&lt;td align=center nowrap&gt;2016-11-19&lt;/td&gt;&lt;td align=center nowrap&gt;1&lt;/td&gt;&lt;td align=center nowrap&gt;0.0 m&lt;/td&gt;&lt;/tr&gt;&lt;tr&gt;&lt;td&gt;VR2W&lt;/td&gt;&lt;td align=center nowrap&gt;Acoustic&lt;/td&gt;&lt;td align=center nowrap&gt;2016-11-18&lt;/td&gt;&lt;td align=center nowrap&gt;2017-08-16&lt;/td&gt;&lt;td align=center nowrap&gt;2017-08-08&lt;/td&gt;&lt;td align=center nowrap&gt;1&lt;/td&gt;&lt;td align=center nowrap&gt;66.4 m&lt;/td&gt;&lt;/tr&gt;&lt;tr&gt;&lt;td&gt;VR2W&lt;/td&gt;&lt;td align=center nowrap&gt;Acoustic&lt;/td&gt;&lt;td align=center nowrap&gt;2017-08-08&lt;/td&gt;&lt;td align=center nowrap&gt;2018-11-20&lt;/td&gt;&lt;td align=center nowrap&gt;2018-11-09&lt;/td&gt;&lt;td align=center nowrap&gt;1&lt;/td&gt;&lt;td align=center nowrap&gt;0.0 m&lt;/td&gt;&lt;/tr&gt;&lt;/table&gt;&lt;/small&gt;</SimpleData>
                    </SchemaData>
                </ExtendedData>
                <Point>
                    <coordinates>-157.89583,21.28035</coordinates>
                </Point>
            </Placemark>
            <Placemark id="stations_series.fid--2e4a691_19d8297c619_-3cee">
                <ExtendedData>
                    <SchemaData schemaUrl="#stations_series_1">
                        <SimpleData name="collectioncode">PIRAT.PFRL</SimpleData>
                        <SimpleData name="seriescode">PIRAT</SimpleData>
                        <SimpleData name="ocean">MID PACIFIC</SimpleData>
                        <SimpleData name="station_name">HIMB DOLPHIN WALL</SimpleData>
                        <SimpleData name="station_type">Acoustic</SimpleData>
                        <SimpleData name="latitude">21.43318</SimpleData>
                        <SimpleData name="longitude">-157.79146</SimpleData>
                        <SimpleData name="depth">unknown</SimpleData>
                        <SimpleData name="stationstatus">active</SimpleData>
                        <SimpleData name="stationclass">deployed</SimpleData>
                        <SimpleData name="first_year">2011-12-14</SimpleData>
                        <SimpleData name="last_year">2014-04-16</SimpleData>
                        <SimpleData name="notes">&lt;small&gt;&lt;table border=1&gt;&lt;tr&gt;&lt;th&gt;instrument&lt;/th&gt;&lt;th&gt;type&lt;/th&gt;&lt;th&gt;deploy date&lt;/th&gt;&lt;th&gt;last download&lt;/th&gt;&lt;th&gt;recovery date&lt;/th&gt;&lt;th&gt;downloads&lt;/th&gt;&lt;th&gt;offset&lt;/th&gt;&lt;/tr&gt;&lt;tr&gt;&lt;td&gt;VR2W&lt;/td&gt;&lt;td align=center nowrap&gt;Acoustic&lt;/td&gt;&lt;td align=center nowrap&gt;2011-12-14&lt;/td&gt;&lt;td align=center nowrap&gt;2012-10-24&lt;/td&gt;&lt;td align=center nowrap&gt;2012-10-24&lt;/td&gt;&lt;td align=center nowrap&gt;1&lt;/td&gt;&lt;td align=center nowrap&gt;0.0 m&lt;/td&gt;&lt;/tr&gt;&lt;tr&gt;&lt;td&gt;VR2W&lt;/td&gt;&lt;td align=center nowrap&gt;Acoustic&lt;/td&gt;&lt;td align=center nowrap&gt;2012-10-24&lt;/td&gt;&lt;td align=center nowrap&gt;2014-04-23&lt;/td&gt;&lt;td align=center nowrap&gt;2014-04-16&lt;/td&gt;&lt;td align=center nowrap&gt;1&lt;/td&gt;&lt;td align=center nowrap&gt;0.0 m&lt;/td&gt;&lt;/tr&gt;&lt;/table&gt;&lt;/small&gt;</SimpleData>
                    </SchemaData>
                </ExtendedData>
                <Point>
                    <coordinates>-157.79146,21.43318</coordinates>
                </Point>
            </Placemark>
            <Placemark id="stations_series.fid--2e4a691_19d8297c619_-3ced">
                <ExtendedData>
                    <SchemaData schemaUrl="#stations_series_1">
                        <SimpleData name="collectioncode">PIRAT.PFRL</SimpleData>
                        <SimpleData name="seriescode">PIRAT</SimpleData>
                        <SimpleData name="ocean">MID PACIFIC</SimpleData>
                        <SimpleData name="station_name">FAD LL</SimpleData>
                        <SimpleData name="station_type">Acoustic</SimpleData>
                        <SimpleData name="latitude">21.74833</SimpleData>
                        <SimpleData name="longitude">-157.755</SimpleData>
                        <SimpleData name="depth">unknown</SimpleData>
                        <SimpleData name="stationstatus">active</SimpleData>
                        <SimpleData name="stationclass">deployed</SimpleData>
                        <SimpleData name="first_year">2008-03-13</SimpleData>
                        <SimpleData name="last_year">2011-01-28</SimpleData>
                        <SimpleData name="notes">&lt;small&gt;&lt;table border=1&gt;&lt;tr&gt;&lt;th&gt;instrument&lt;/th&gt;&lt;th&gt;type&lt;/th&gt;&lt;th&gt;deploy date&lt;/th&gt;&lt;th&gt;last download&lt;/th&gt;&lt;th&gt;recovery date&lt;/th&gt;&lt;th&gt;downloads&lt;/th&gt;&lt;th&gt;offset&lt;/th&gt;&lt;/tr&gt;&lt;tr&gt;&lt;td&gt;VR2&lt;/td&gt;&lt;td align=center nowrap&gt;Acoustic&lt;/td&gt;&lt;td align=center nowrap&gt;2008-03-13&lt;/td&gt;&lt;td align=center nowrap&gt;-&lt;/td&gt;&lt;td align=center nowrap&gt;2008-08-02&lt;/td&gt;&lt;td align=center nowrap&gt;-&lt;/td&gt;&lt;td align=center nowrap&gt;0.0 m&lt;/td&gt;&lt;/tr&gt;&lt;tr&gt;&lt;td&gt;VR2&lt;/td&gt;&lt;td align=center nowrap&gt;Acoustic&lt;/td&gt;&lt;td align=center nowrap&gt;2010-08-21&lt;/td&gt;&lt;td align=center nowrap&gt;-&lt;/td&gt;&lt;td align=center nowrap&gt;2011-01-28&lt;/td&gt;&lt;td align=center nowrap&gt;-&lt;/td&gt;&lt;td align=center nowrap&gt;0.0 m&lt;/td&gt;&lt;/tr&gt;&lt;/table&gt;&lt;/small&gt;</SimpleData>
                    </SchemaData>
                </ExtendedData>
                <Point>
                    <coordinates>-157.755,21.74833</coordinates>
                </Point>
            </Placemark>
            <Placemark id="stations_series.fid--2e4a691_19d8297c619_-3cec">
                <ExtendedData>
                    <SchemaData schemaUrl="#stations_series_1">
                        <SimpleData name="collectioncode">PIRAT.PFRL</SimpleData>
                        <SimpleData name="seriescode">PIRAT</SimpleData>
                        <SimpleData name="ocean">MID PACIFIC</SimpleData>
                        <SimpleData name="station_name">MAKALAWENA</SimpleData>
                        <SimpleData name="station_type">Acoustic</SimpleData>
                        <SimpleData name="latitude">19.79</SimpleData>
                        <SimpleData name="longitude">-156.05</SimpleData>
                        <SimpleData name="depth">unknown</SimpleData>
                        <SimpleData name="stationstatus">active</SimpleData>
                        <SimpleData name="stationclass">deployed</SimpleData>
                        <SimpleData name="first_year">2004-01-07</SimpleData>
                        <SimpleData name="last_year">2012-03-20</SimpleData>
                        <SimpleData name="notes">&lt;small&gt;&lt;table border=1&gt;&lt;tr&gt;&lt;th&gt;instrument&lt;/th&gt;&lt;th&gt;type&lt;/th&gt;&lt;th&gt;deploy date&lt;/th&gt;&lt;th&gt;last download&lt;/th&gt;&lt;th&gt;recovery date&lt;/th&gt;&lt;th&gt;downloads&lt;/th&gt;&lt;th&gt;offset&lt;/th&gt;&lt;/tr&gt;&lt;tr&gt;&lt;td&gt;VR2&lt;/td&gt;&lt;td align=center nowrap&gt;Acoustic&lt;/td&gt;&lt;td align=center nowrap&gt;2004-01-07&lt;/td&gt;&lt;td align=center nowrap&gt;-&lt;/td&gt;&lt;td align=center nowrap&gt;2004-09-18&lt;/td&gt;&lt;td align=center nowrap&gt;-&lt;/td&gt;&lt;td align=center nowrap&gt;0.0 m&lt;/td&gt;&lt;/tr&gt;&lt;tr&gt;&lt;td&gt;VR2&lt;/td&gt;&lt;td align=center nowrap&gt;Acoustic&lt;/td&gt;&lt;td align=center nowrap&gt;2004-09-19&lt;/td&gt;&lt;td align=center nowrap&gt;-&lt;/td&gt;&lt;td align=center nowrap&gt;2005-07-19&lt;/td&gt;&lt;td align=center nowrap&gt;-&lt;/td&gt;&lt;td align=center nowrap&gt;0.0 m&lt;/td&gt;&lt;/tr&gt;&lt;tr&gt;&lt;td&gt;VR2&lt;/td&gt;&lt;td align=center nowrap&gt;Acoustic&lt;/td&gt;&lt;td align=center nowrap&gt;2005-07-19&lt;/td&gt;&lt;td align=center nowrap&gt;-&lt;/td&gt;&lt;td align=center nowrap&gt;2006-01-05&lt;/td&gt;&lt;td align=center nowrap&gt;-&lt;/td&gt;&lt;td align=center nowrap&gt;0.0 m&lt;/td&gt;&lt;/tr&gt;&lt;tr&gt;&lt;td&gt;VR2&lt;/td&gt;&lt;td align=center nowrap&gt;Acoustic&lt;/td&gt;&lt;td align=center nowrap&gt;2006-01-05&lt;/td&gt;&lt;td align=center nowrap&gt;-&lt;/td&gt;&lt;td align=center nowrap&gt;2006-07-23&lt;/td&gt;&lt;td align=center nowrap&gt;-&lt;/td&gt;&lt;td align=center nowrap&gt;0.0 m&lt;/td&gt;&lt;/tr&gt;&lt;tr&gt;&lt;td&gt;VR2&lt;/td&gt;&lt;td align=center nowrap&gt;Acoustic&lt;/td&gt;&lt;td align=center nowrap&gt;2006-07-23&lt;/td&gt;&lt;td align=center nowrap&gt;-&lt;/td&gt;&lt;td align=center nowrap&gt;-&lt;/td&gt;&lt;td align=center nowrap&gt;-&lt;/td&gt;&lt;td align=center nowrap&gt;0.0 m&lt;/td&gt;&lt;/tr&gt;&lt;tr&gt;&lt;td&gt;VR2&lt;/td&gt;&lt;td align=center nowrap&gt;Acoustic&lt;/td&gt;&lt;td align=center nowrap&gt;2008-02-15&lt;/td&gt;&lt;td align=center nowrap&gt;-&lt;/td&gt;&lt;td align=center nowrap&gt;2008-08-21&lt;/td&gt;&lt;td align=center nowrap&gt;-&lt;/td&gt;&lt;td align=center nowrap&gt;0.0 m&lt;/td&gt;&lt;/tr&gt;&lt;tr&gt;&lt;td&gt;VR2&lt;/td&gt;&lt;td align=center nowrap&gt;Acoustic&lt;/td&gt;&lt;td align=center nowrap&gt;2008-08-21&lt;/td&gt;&lt;td align=center nowrap&gt;-&lt;/td&gt;&lt;td align=center nowrap&gt;2009-09-10&lt;/td&gt;&lt;td align=center nowrap&gt;-&lt;/td&gt;&lt;td align=center nowrap&gt;0.0 m&lt;/td&gt;&lt;/tr&gt;&lt;tr&gt;&lt;td&gt;VR2W&lt;/td&gt;&lt;td align=center nowrap&gt;Acoustic&lt;/td&gt;&lt;td align=center nowrap&gt;2009-09-10&lt;/td&gt;&lt;td align=center nowrap&gt;-&lt;/td&gt;&lt;td align=center nowrap&gt;2010-12-17&lt;/td&gt;&lt;td align=center nowrap&gt;-&lt;/td&gt;&lt;td align=center nowrap&gt;0.0 m&lt;/td&gt;&lt;/tr&gt;&lt;tr&gt;&lt;td&gt;VR2W&lt;/td&gt;&lt;td align=center nowrap&gt;Acoustic&lt;/td&gt;&lt;td align=center nowrap&gt;2010-12-17&lt;/td&gt;&lt;td align=center nowrap&gt;-&lt;/td&gt;&lt;td align=center nowrap&gt;2012-03-20&lt;/td&gt;&lt;td align=center nowrap&gt;-&lt;/td&gt;&lt;td align=center nowrap&gt;0.0 m&lt;/td&gt;&lt;/tr&gt;&lt;/table&gt;&lt;/small&gt;</SimpleData>
                    </SchemaData>
                </ExtendedData>
                <Point>
                    <coordinates>-156.05,19.79</coordinates>
                </Point>
            </Placemark>
            <Placemark id="stations_series.fid--2e4a691_19d8297c619_-3ceb">
                <ExtendedData>
                    <SchemaData schemaUrl="#stations_series_1">
                        <SimpleData name="collectioncode">PIRAT.PFRL</SimpleData>
                        <SimpleData name="seriescode">PIRAT</SimpleData>
                        <SimpleData name="ocean">MID PACIFIC</SimpleData>
                        <SimpleData name="station_name">FAD V</SimpleData>
                        <SimpleData name="station_type">Acoustic</SimpleData>
                        <SimpleData name="latitude">21.53833</SimpleData>
                        <SimpleData name="longitude">-158.31333</SimpleData>
                        <SimpleData name="depth">unknown</SimpleData>
                        <SimpleData name="stationstatus">active</SimpleData>
                        <SimpleData name="stationclass">deployed</SimpleData>
                        <SimpleData name="first_year">2007-01-22</SimpleData>
                        <SimpleData name="last_year">2009-10-05</SimpleData>
                        <SimpleData name="notes">&lt;small&gt;&lt;table border=1&gt;&lt;tr&gt;&lt;th&gt;instrument&lt;/th&gt;&lt;th&gt;type&lt;/th&gt;&lt;th&gt;deploy date&lt;/th&gt;&lt;th&gt;last download&lt;/th&gt;&lt;th&gt;recovery date&lt;/th&gt;&lt;th&gt;downloads&lt;/th&gt;&lt;th&gt;offset&lt;/th&gt;&lt;/tr&gt;&lt;tr&gt;&lt;td&gt;VR2&lt;/td&gt;&lt;td align=center nowrap&gt;Acoustic&lt;/td&gt;&lt;td align=center nowrap&gt;2007-01-22&lt;/td&gt;&lt;td align=center nowrap&gt;-&lt;/td&gt;&lt;td align=center nowrap&gt;2007-10-27&lt;/td&gt;&lt;td align=center nowrap&gt;-&lt;/td&gt;&lt;td align=center nowrap&gt;0.0 m&lt;/td&gt;&lt;/tr&gt;&lt;tr&gt;&lt;td&gt;VR2&lt;/td&gt;&lt;td align=center nowrap&gt;Acoustic&lt;/td&gt;&lt;td align=center nowrap&gt;2008-01-09&lt;/td&gt;&lt;td align=center nowrap&gt;-&lt;/td&gt;&lt;td align=center nowrap&gt;2008-03-26&lt;/td&gt;&lt;td align=center nowrap&gt;-&lt;/td&gt;&lt;td align=center nowrap&gt;0.0 m&lt;/td&gt;&lt;/tr&gt;&lt;tr&gt;&lt;td&gt;VR2&lt;/td&gt;&lt;td align=center nowrap&gt;Acoustic&lt;/td&gt;&lt;td align=center nowrap&gt;2008-06-18&lt;/td&gt;&lt;td align=center nowrap&gt;-&lt;/td&gt;&lt;td align=center nowrap&gt;2009-01-06&lt;/td&gt;&lt;td align=center nowrap&gt;-&lt;/td&gt;&lt;td align=center nowrap&gt;0.0 m&lt;/td&gt;&lt;/tr&gt;&lt;tr&gt;&lt;td&gt;VR2&lt;/td&gt;&lt;td align=center nowrap&gt;Acoustic&lt;/td&gt;&lt;td align=center nowrap&gt;2009-01-06&lt;/td&gt;&lt;td align=center nowrap&gt;-&lt;/td&gt;&lt;td align=center nowrap&gt;2009-10-05&lt;/td&gt;&lt;td align=center nowrap&gt;-&lt;/td&gt;&lt;td align=center nowrap&gt;0.0 m&lt;/td&gt;&lt;/tr&gt;&lt;/table&gt;&lt;/small&gt;</SimpleData>
                    </SchemaData>
                </ExtendedData>
                <Point>
                    <coordinates>-158.31333,21.53833</coordinates>
                </Point>
            </Placemark>
            <Placemark id="stations_series.fid--2e4a691_19d8297c619_-3cea">
                <ExtendedData>
                    <SchemaData schemaUrl="#stations_series_1">
                        <SimpleData name="collectioncode">PIRAT.PFRL</SimpleData>
                        <SimpleData name="seriescode">PIRAT</SimpleData>
                        <SimpleData name="ocean">MID PACIFIC</SimpleData>
                        <SimpleData name="station_name">FAIRWIND MOORING</SimpleData>
                        <SimpleData name="station_type">Acoustic</SimpleData>
                        <SimpleData name="latitude">19.48203</SimpleData>
                        <SimpleData name="longitude">-155.93244</SimpleData>
                        <SimpleData name="depth">unknown</SimpleData>
                        <SimpleData name="stationstatus">active</SimpleData>
                        <SimpleData name="stationclass">deployed</SimpleData>
                        <SimpleData name="first_year">2005-12-10</SimpleData>
                        <SimpleData name="last_year">2010-12-19</SimpleData>
                        <SimpleData name="notes">&lt;small&gt;&lt;table border=1&gt;&lt;tr&gt;&lt;th&gt;instrument&lt;/th&gt;&lt;th&gt;type&lt;/th&gt;&lt;th&gt;deploy date&lt;/th&gt;&lt;th&gt;last download&lt;/th&gt;&lt;th&gt;recovery date&lt;/th&gt;&lt;th&gt;downloads&lt;/th&gt;&lt;th&gt;offset&lt;/th&gt;&lt;/tr&gt;&lt;tr&gt;&lt;td&gt;VR2&lt;/td&gt;&lt;td align=center nowrap&gt;Acoustic&lt;/td&gt;&lt;td align=center nowrap&gt;2005-12-10&lt;/td&gt;&lt;td align=center nowrap&gt;-&lt;/td&gt;&lt;td align=center nowrap&gt;2006-02-17&lt;/td&gt;&lt;td align=center nowrap&gt;-&lt;/td&gt;&lt;td align=center nowrap&gt;0.0 m&lt;/td&gt;&lt;/tr&gt;&lt;tr&gt;&lt;td&gt;VR2&lt;/td&gt;&lt;td align=center nowrap&gt;Acoustic&lt;/td&gt;&lt;td align=center nowrap&gt;2006-02-17&lt;/td&gt;&lt;td align=center nowrap&gt;-&lt;/td&gt;&lt;td align=center nowrap&gt;2006-06-25&lt;/td&gt;&lt;td align=center nowrap&gt;-&lt;/td&gt;&lt;td align=center nowrap&gt;0.0 m&lt;/td&gt;&lt;/tr&gt;&lt;tr&gt;&lt;td&gt;VR2&lt;/td&gt;&lt;td align=center nowrap&gt;Acoustic&lt;/td&gt;&lt;td align=center nowrap&gt;2006-06-25&lt;/td&gt;&lt;td align=center nowrap&gt;-&lt;/td&gt;&lt;td align=center nowrap&gt;2007-05-13&lt;/td&gt;&lt;td align=center nowrap&gt;-&lt;/td&gt;&lt;td align=center nowrap&gt;0.0 m&lt;/td&gt;&lt;/tr&gt;&lt;tr&gt;&lt;td&gt;VR2&lt;/td&gt;&lt;td align=center nowrap&gt;Acoustic&lt;/td&gt;&lt;td align=center nowrap&gt;2006-06-25&lt;/td&gt;&lt;td align=center nowrap&gt;-&lt;/td&gt;&lt;td align=center nowrap&gt;2006-06-25&lt;/td&gt;&lt;td align=center nowrap&gt;-&lt;/td&gt;&lt;td align=center nowrap&gt;0.0 m&lt;/td&gt;&lt;/tr&gt;&lt;tr&gt;&lt;td&gt;VR2&lt;/td&gt;&lt;td align=center nowrap&gt;Acoustic&lt;/td&gt;&lt;td align=center nowrap&gt;2007-05-14&lt;/td&gt;&lt;td align=center nowrap&gt;-&lt;/td&gt;&lt;td align=center nowrap&gt;2008-08-17&lt;/td&gt;&lt;td align=center nowrap&gt;-&lt;/td&gt;&lt;td align=center nowrap&gt;0.0 m&lt;/td&gt;&lt;/tr&gt;&lt;tr&gt;&lt;td&gt;VR2&lt;/td&gt;&lt;td align=center nowrap&gt;Acoustic&lt;/td&gt;&lt;td align=center nowrap&gt;2008-08-18&lt;/td&gt;&lt;td align=center nowrap&gt;-&lt;/td&gt;&lt;td align=center nowrap&gt;2008-08-21&lt;/td&gt;&lt;td align=center nowrap&gt;-&lt;/td&gt;&lt;td align=center nowrap&gt;0.0 m&lt;/td&gt;&lt;/tr&gt;&lt;tr&gt;&lt;td&gt;VR2&lt;/td&gt;&lt;td align=center nowrap&gt;Acoustic&lt;/td&gt;&lt;td align=center nowrap&gt;2008-08-21&lt;/td&gt;&lt;td align=center nowrap&gt;-&lt;/td&gt;&lt;td align=center nowrap&gt;2009-03-26&lt;/td&gt;&lt;td align=center nowrap&gt;-&lt;/td&gt;&lt;td align=center nowrap&gt;0.0 m&lt;/td&gt;&lt;/tr&gt;&lt;tr&gt;&lt;td&gt;VR2W&lt;/td&gt;&lt;td align=center nowrap&gt;Acoustic&lt;/td&gt;&lt;td align=center nowrap&gt;2009-03-26&lt;/td&gt;&lt;td align=center nowrap&gt;-&lt;/td&gt;&lt;td align=center nowrap&gt;2009-06-02&lt;/td&gt;&lt;td align=center nowrap&gt;-&lt;/td&gt;&lt;td align=center nowrap&gt;340.8 m&lt;/td&gt;&lt;/tr&gt;&lt;tr&gt;&lt;td&gt;VR2W&lt;/td&gt;&lt;td align=center nowrap&gt;Acoustic&lt;/td&gt;&lt;td align=center nowrap&gt;2009-06-02&lt;/td&gt;&lt;td align=center nowrap&gt;-&lt;/td&gt;&lt;td align=center nowrap&gt;2009-06-07&lt;/td&gt;&lt;td align=center nowrap&gt;-&lt;/td&gt;&lt;td align=center nowrap&gt;0.0 m&lt;/td&gt;&lt;/tr&gt;&lt;tr&gt;&lt;td&gt;VR2W&lt;/td&gt;&lt;td align=center nowrap&gt;Acoustic&lt;/td&gt;&lt;td align=center nowrap&gt;2009-06-08&lt;/td&gt;&lt;td align=center nowrap&gt;-&lt;/td&gt;&lt;td align=center nowrap&gt;2009-09-08&lt;/td&gt;&lt;td align=center nowrap&gt;-&lt;/td&gt;&lt;td align=center nowrap&gt;0.0 m&lt;/td&gt;&lt;/tr&gt;&lt;tr&gt;&lt;td&gt;VR2W&lt;/td&gt;&lt;td align=center nowrap&gt;Acoustic&lt;/td&gt;&lt;td align=center nowrap&gt;2009-09-08&lt;/td&gt;&lt;td align=center nowrap&gt;-&lt;/td&gt;&lt;td align=center nowrap&gt;2010-12-19&lt;/td&gt;&lt;td align=center nowrap&gt;-&lt;/td&gt;&lt;td align=center nowrap&gt;0.0 m&lt;/td&gt;&lt;/tr&gt;&lt;/table&gt;&lt;/small&gt;</SimpleData>
                    </SchemaData>
                </ExtendedData>
                <Point>
                    <coordinates>-155.93244,19.48203</coordinates>
                </Point>
            </Placemark>
            <Placemark id="stations_series.fid--2e4a691_19d8297c619_-3ce9">
                <ExtendedData>
                    <SchemaData schemaUrl="#stations_series_1">
                        <SimpleData name="collectioncode">PIRAT.PFRL</SimpleData>
                        <SimpleData name="seriescode">PIRAT</SimpleData>
                        <SimpleData name="ocean">MID PACIFIC</SimpleData>
                        <SimpleData name="station_name">HIMB South East</SimpleData>
                        <SimpleData name="latitude">21.43453</SimpleData>
                        <SimpleData name="longitude">-157.78382</SimpleData>
                        <SimpleData name="depth">unknown</SimpleData>
                        <SimpleData name="stationstatus">active</SimpleData>
                        <SimpleData name="stationclass">deployed</SimpleData>
                    </SchemaData>
                </ExtendedData>
                <Point>
                    <coordinates>-157.78382,21.43453</coordinates>
                </Point>
            </Placemark>
            <Placemark id="stations_series.fid--2e4a691_19d8297c619_-3ce8">
                <ExtendedData>
                    <SchemaData schemaUrl="#stations_series_1">
                        <SimpleData name="collectioncode">PIRAT.PFRL</SimpleData>
                        <SimpleData name="seriescode">PIRAT</SimpleData>
                        <SimpleData name="ocean">MID PACIFIC</SimpleData>
                        <SimpleData name="station_name">Waiehu Shallow</SimpleData>
                        <SimpleData name="station_type">Acoustic</SimpleData>
                        <SimpleData name="latitude">20.90974</SimpleData>
                        <SimpleData name="longitude">-156.47993</SimpleData>
                        <SimpleData name="depth">unknown</SimpleData>
                        <SimpleData name="stationstatus">active</SimpleData>
                        <SimpleData name="stationclass">deployed</SimpleData>
                        <SimpleData name="first_year">2014-01-15</SimpleData>
                        <SimpleData name="last_year">2015-06-28</SimpleData>
                        <SimpleData name="notes">&lt;small&gt;&lt;table border=1&gt;&lt;tr&gt;&lt;th&gt;instrument&lt;/th&gt;&lt;th&gt;type&lt;/th&gt;&lt;th&gt;deploy date&lt;/th&gt;&lt;th&gt;last download&lt;/th&gt;&lt;th&gt;recovery date&lt;/th&gt;&lt;th&gt;downloads&lt;/th&gt;&lt;th&gt;offset&lt;/th&gt;&lt;/tr&gt;&lt;tr&gt;&lt;td&gt;VR2W&lt;/td&gt;&lt;td align=center nowrap&gt;Acoustic&lt;/td&gt;&lt;td align=center nowrap&gt;2014-01-15&lt;/td&gt;&lt;td align=center nowrap&gt;2015-06-28&lt;/td&gt;&lt;td align=center nowrap&gt;2015-06-28&lt;/td&gt;&lt;td align=center nowrap&gt;1&lt;/td&gt;&lt;td align=center nowrap&gt;0.0 m&lt;/td&gt;&lt;/tr&gt;&lt;/table&gt;&lt;/small&gt;</SimpleData>
                    </SchemaData>
                </ExtendedData>
                <Point>
                    <coordinates>-156.47993,20.90974</coordinates>
                </Point>
            </Placemark>
            <Placemark id="stations_series.fid--2e4a691_19d8297c619_-3ce7">
                <ExtendedData>
                    <SchemaData schemaUrl="#stations_series_1">
                        <SimpleData name="collectioncode">PIRAT.PFRL</SimpleData>
                        <SimpleData name="seriescode">PIRAT</SimpleData>
                        <SimpleData name="ocean">MID PACIFIC</SimpleData>
                        <SimpleData name="station_name">HIMB NORTH COVE</SimpleData>
                        <SimpleData name="station_type">Acoustic</SimpleData>
                        <SimpleData name="latitude">21.43773</SimpleData>
                        <SimpleData name="longitude">-157.78981</SimpleData>
                        <SimpleData name="depth">unknown</SimpleData>
                        <SimpleData name="stationstatus">active</SimpleData>
                        <SimpleData name="stationclass">deployed</SimpleData>
                        <SimpleData name="first_year">2012-10-24</SimpleData>
                        <SimpleData name="last_year">2014-04-16</SimpleData>
                        <SimpleData name="notes">&lt;small&gt;&lt;table border=1&gt;&lt;tr&gt;&lt;th&gt;instrument&lt;/th&gt;&lt;th&gt;type&lt;/th&gt;&lt;th&gt;deploy date&lt;/th&gt;&lt;th&gt;last download&lt;/th&gt;&lt;th&gt;recovery date&lt;/th&gt;&lt;th&gt;downloads&lt;/th&gt;&lt;th&gt;offset&lt;/th&gt;&lt;/tr&gt;&lt;tr&gt;&lt;td&gt;VR2W&lt;/td&gt;&lt;td align=center nowrap&gt;Acoustic&lt;/td&gt;&lt;td align=center nowrap&gt;2012-10-24&lt;/td&gt;&lt;td align=center nowrap&gt;2014-08-12&lt;/td&gt;&lt;td align=center nowrap&gt;2014-04-16&lt;/td&gt;&lt;td align=center nowrap&gt;2&lt;/td&gt;&lt;td align=center nowrap&gt;0.0 m&lt;/td&gt;&lt;/tr&gt;&lt;/table&gt;&lt;/small&gt;</SimpleData>
                    </SchemaData>
                </ExtendedData>
                <Point>
                    <coordinates>-157.78981,21.43773</coordinates>
                </Point>
            </Placemark>
            <Placemark id="stations_series.fid--2e4a691_19d8297c619_-3ce6">
                <ExtendedData>
                    <SchemaData schemaUrl="#stations_series_1">
                        <SimpleData name="collectioncode">PIRAT.PFRL</SimpleData>
                        <SimpleData name="seriescode">PIRAT</SimpleData>
                        <SimpleData name="ocean">MID PACIFIC</SimpleData>
                        <SimpleData name="station_name">HIMB REEF 8 NORTH</SimpleData>
                        <SimpleData name="station_type">Acoustic</SimpleData>
                        <SimpleData name="latitude">21.44608</SimpleData>
                        <SimpleData name="longitude">-157.79545</SimpleData>
                        <SimpleData name="depth">unknown</SimpleData>
                        <SimpleData name="stationstatus">active</SimpleData>
                        <SimpleData name="stationclass">deployed</SimpleData>
                        <SimpleData name="first_year">2012-02-24</SimpleData>
                        <SimpleData name="last_year">2012-10-24</SimpleData>
                        <SimpleData name="notes">&lt;small&gt;&lt;table border=1&gt;&lt;tr&gt;&lt;th&gt;instrument&lt;/th&gt;&lt;th&gt;type&lt;/th&gt;&lt;th&gt;deploy date&lt;/th&gt;&lt;th&gt;last download&lt;/th&gt;&lt;th&gt;recovery date&lt;/th&gt;&lt;th&gt;downloads&lt;/th&gt;&lt;th&gt;offset&lt;/th&gt;&lt;/tr&gt;&lt;tr&gt;&lt;td&gt;VR2W&lt;/td&gt;&lt;td align=center nowrap&gt;Acoustic&lt;/td&gt;&lt;td align=center nowrap&gt;2012-02-24&lt;/td&gt;&lt;td align=center nowrap&gt;2017-03-21&lt;/td&gt;&lt;td align=center nowrap&gt;2012-10-24&lt;/td&gt;&lt;td align=center nowrap&gt;2&lt;/td&gt;&lt;td align=center nowrap&gt;0.0 m&lt;/td&gt;&lt;/tr&gt;&lt;/table&gt;&lt;/small&gt;</SimpleData>
                    </SchemaData>
                </ExtendedData>
                <Point>
                    <coordinates>-157.79545,21.44608</coordinates>
                </Point>
            </Placemark>
            <Placemark id="stations_series.fid--2e4a691_19d8297c619_-3ce5">
                <ExtendedData>
                    <SchemaData schemaUrl="#stations_series_1">
                        <SimpleData name="collectioncode">PIRAT.PFRL</SimpleData>
                        <SimpleData name="seriescode">PIRAT</SimpleData>
                        <SimpleData name="ocean">MID PACIFIC</SimpleData>
                        <SimpleData name="station_name">HONOKOHAU BASIN</SimpleData>
                        <SimpleData name="station_type">Acoustic</SimpleData>
                        <SimpleData name="latitude">19.66997</SimpleData>
                        <SimpleData name="longitude">-156.02672</SimpleData>
                        <SimpleData name="depth">unknown</SimpleData>
                        <SimpleData name="stationstatus">active</SimpleData>
                        <SimpleData name="stationclass">deployed</SimpleData>
                        <SimpleData name="first_year">2003-06-26</SimpleData>
                        <SimpleData name="notes">&lt;small&gt;&lt;table border=1&gt;&lt;tr&gt;&lt;th&gt;instrument&lt;/th&gt;&lt;th&gt;type&lt;/th&gt;&lt;th&gt;deploy date&lt;/th&gt;&lt;th&gt;last download&lt;/th&gt;&lt;th&gt;recovery date&lt;/th&gt;&lt;th&gt;downloads&lt;/th&gt;&lt;th&gt;offset&lt;/th&gt;&lt;/tr&gt;&lt;tr&gt;&lt;td&gt;VR2&lt;/td&gt;&lt;td align=center nowrap&gt;Acoustic&lt;/td&gt;&lt;td align=center nowrap&gt;2003-06-26&lt;/td&gt;&lt;td align=center nowrap&gt;-&lt;/td&gt;&lt;td align=center nowrap&gt;-&lt;/td&gt;&lt;td align=center nowrap&gt;-&lt;/td&gt;&lt;td align=center nowrap&gt;0.0 m&lt;/td&gt;&lt;/tr&gt;&lt;/table&gt;&lt;/small&gt;</SimpleData>
                    </SchemaData>
                </ExtendedData>
                <Point>
                    <coordinates>-156.02672,19.66997</coordinates>
                </Point>
            </Placemark>
            <Placemark id="stations_series.fid--2e4a691_19d8297c619_-3ce4">
                <ExtendedData>
                    <SchemaData schemaUrl="#stations_series_1">
                        <SimpleData name="collectioncode">PIRAT.PFRL</SimpleData>
                        <SimpleData name="seriescode">PIRAT</SimpleData>
                        <SimpleData name="ocean">MID PACIFIC</SimpleData>
                        <SimpleData name="station_name">MANSION</SimpleData>
                        <SimpleData name="station_type">Acoustic</SimpleData>
                        <SimpleData name="latitude">19.46709</SimpleData>
                        <SimpleData name="longitude">-155.92411</SimpleData>
                        <SimpleData name="depth">unknown</SimpleData>
                        <SimpleData name="stationstatus">active</SimpleData>
                        <SimpleData name="stationclass">deployed</SimpleData>
                        <SimpleData name="first_year">2005-12-10</SimpleData>
                        <SimpleData name="last_year">2010-12-20</SimpleData>
                        <SimpleData name="notes">&lt;small&gt;&lt;table border=1&gt;&lt;tr&gt;&lt;th&gt;instrument&lt;/th&gt;&lt;th&gt;type&lt;/th&gt;&lt;th&gt;deploy date&lt;/th&gt;&lt;th&gt;last download&lt;/th&gt;&lt;th&gt;recovery date&lt;/th&gt;&lt;th&gt;downloads&lt;/th&gt;&lt;th&gt;offset&lt;/th&gt;&lt;/tr&gt;&lt;tr&gt;&lt;td&gt;VR2&lt;/td&gt;&lt;td align=center nowrap&gt;Acoustic&lt;/td&gt;&lt;td align=center nowrap&gt;2005-12-10&lt;/td&gt;&lt;td align=center nowrap&gt;-&lt;/td&gt;&lt;td align=center nowrap&gt;2006-02-17&lt;/td&gt;&lt;td align=center nowrap&gt;-&lt;/td&gt;&lt;td align=center nowrap&gt;0.0 m&lt;/td&gt;&lt;/tr&gt;&lt;tr&gt;&lt;td&gt;VR2&lt;/td&gt;&lt;td align=center nowrap&gt;Acoustic&lt;/td&gt;&lt;td align=center nowrap&gt;2006-02-17&lt;/td&gt;&lt;td align=center nowrap&gt;-&lt;/td&gt;&lt;td align=center nowrap&gt;2006-06-27&lt;/td&gt;&lt;td align=center nowrap&gt;-&lt;/td&gt;&lt;td align=center nowrap&gt;55.1 m&lt;/td&gt;&lt;/tr&gt;&lt;tr&gt;&lt;td&gt;VR2&lt;/td&gt;&lt;td align=center nowrap&gt;Acoustic&lt;/td&gt;&lt;td align=center nowrap&gt;2006-06-27&lt;/td&gt;&lt;td align=center nowrap&gt;-&lt;/td&gt;&lt;td align=center nowrap&gt;2007-05-13&lt;/td&gt;&lt;td align=center nowrap&gt;-&lt;/td&gt;&lt;td align=center nowrap&gt;55.1 m&lt;/td&gt;&lt;/tr&gt;&lt;tr&gt;&lt;td&gt;VR2&lt;/td&gt;&lt;td align=center nowrap&gt;Acoustic&lt;/td&gt;&lt;td align=center nowrap&gt;2007-05-14&lt;/td&gt;&lt;td align=center nowrap&gt;-&lt;/td&gt;&lt;td align=center nowrap&gt;2008-03-04&lt;/td&gt;&lt;td align=center nowrap&gt;-&lt;/td&gt;&lt;td align=center nowrap&gt;895.7 m&lt;/td&gt;&lt;/tr&gt;&lt;tr&gt;&lt;td&gt;VR2&lt;/td&gt;&lt;td align=center nowrap&gt;Acoustic&lt;/td&gt;&lt;td align=center nowrap&gt;2008-03-04&lt;/td&gt;&lt;td align=center nowrap&gt;-&lt;/td&gt;&lt;td align=center nowrap&gt;2008-08-21&lt;/td&gt;&lt;td align=center nowrap&gt;-&lt;/td&gt;&lt;td align=center nowrap&gt;55.1 m&lt;/td&gt;&lt;/tr&gt;&lt;tr&gt;&lt;td&gt;VR2W&lt;/td&gt;&lt;td align=center nowrap&gt;Acoustic&lt;/td&gt;&lt;td align=center nowrap&gt;2008-11-24&lt;/td&gt;&lt;td align=center nowrap&gt;-&lt;/td&gt;&lt;td align=center nowrap&gt;2010-12-20&lt;/td&gt;&lt;td align=center nowrap&gt;-&lt;/td&gt;&lt;td align=center nowrap&gt;55.1 m&lt;/td&gt;&lt;/tr&gt;&lt;/table&gt;&lt;/small&gt;</SimpleData>
                    </SchemaData>
                </ExtendedData>
                <Point>
                    <coordinates>-155.92411,19.46709</coordinates>
                </Point>
            </Placemark>
            <Placemark id="stations_series.fid--2e4a691_19d8297c619_-3ce3">
                <ExtendedData>
                    <SchemaData schemaUrl="#stations_series_1">
                        <SimpleData name="collectioncode">PIRAT.PFRL</SimpleData>
                        <SimpleData name="seriescode">PIRAT</SimpleData>
                        <SimpleData name="ocean">MID PACIFIC</SimpleData>
                        <SimpleData name="station_name">JOHNSTON SHARK LEDGE</SimpleData>
                        <SimpleData name="station_type">Acoustic</SimpleData>
                        <SimpleData name="latitude">25.46057</SimpleData>
                        <SimpleData name="longitude">-170.68168</SimpleData>
                        <SimpleData name="depth">unknown</SimpleData>
                        <SimpleData name="stationstatus">active</SimpleData>
                        <SimpleData name="stationclass">deployed</SimpleData>
                        <SimpleData name="first_year">2009-06-20</SimpleData>
                        <SimpleData name="last_year">2011-09-11</SimpleData>
                        <SimpleData name="notes">&lt;small&gt;&lt;table border=1&gt;&lt;tr&gt;&lt;th&gt;instrument&lt;/th&gt;&lt;th&gt;type&lt;/th&gt;&lt;th&gt;deploy date&lt;/th&gt;&lt;th&gt;last download&lt;/th&gt;&lt;th&gt;recovery date&lt;/th&gt;&lt;th&gt;downloads&lt;/th&gt;&lt;th&gt;offset&lt;/th&gt;&lt;/tr&gt;&lt;tr&gt;&lt;td&gt;VR2&lt;/td&gt;&lt;td align=center nowrap&gt;Acoustic&lt;/td&gt;&lt;td align=center nowrap&gt;2009-06-20&lt;/td&gt;&lt;td align=center nowrap&gt;-&lt;/td&gt;&lt;td align=center nowrap&gt;2011-09-11&lt;/td&gt;&lt;td align=center nowrap&gt;-&lt;/td&gt;&lt;td align=center nowrap&gt;0.0 m&lt;/td&gt;&lt;/tr&gt;&lt;/table&gt;&lt;/small&gt;</SimpleData>
                    </SchemaData>
                </ExtendedData>
                <Point>
                    <coordinates>-170.68168,25.46057</coordinates>
                </Point>
            </Placemark>
            <Placemark id="stations_series.fid--2e4a691_19d8297c619_-3ce2">
                <ExtendedData>
                    <SchemaData schemaUrl="#stations_series_1">
                        <SimpleData name="collectioncode">PIRAT.PFRL</SimpleData>
                        <SimpleData name="seriescode">PIRAT</SimpleData>
                        <SimpleData name="ocean">MID PACIFIC</SimpleData>
                        <SimpleData name="station_name">HAWAII SHARK ENCOUNTERS BUOY</SimpleData>
                        <SimpleData name="station_type">Transceiver</SimpleData>
                        <SimpleData name="latitude">21.64112</SimpleData>
                        <SimpleData name="longitude">-158.13047</SimpleData>
                        <SimpleData name="depth">unknown</SimpleData>
                        <SimpleData name="stationstatus">active</SimpleData>
                        <SimpleData name="stationclass">deployed</SimpleData>
                        <SimpleData name="first_year">2007-10-19</SimpleData>
                        <SimpleData name="last_year">2024-04-16</SimpleData>
                        <SimpleData name="notes">&lt;small&gt;&lt;table border=1&gt;&lt;tr&gt;&lt;th&gt;instrument&lt;/th&gt;&lt;th&gt;type&lt;/th&gt;&lt;th&gt;deploy date&lt;/th&gt;&lt;th&gt;last download&lt;/th&gt;&lt;th&gt;recovery date&lt;/th&gt;&lt;th&gt;downloads&lt;/th&gt;&lt;th&gt;offset&lt;/th&gt;&lt;/tr&gt;&lt;tr&gt;&lt;td&gt;VR2W&lt;/td&gt;&lt;td align=center nowrap&gt;Transceiver&lt;/td&gt;&lt;td align=center nowrap&gt;2007-10-19&lt;/td&gt;&lt;td align=center nowrap&gt;-&lt;/td&gt;&lt;td align=center nowrap&gt;2008-11-21&lt;/td&gt;&lt;td align=center nowrap&gt;-&lt;/td&gt;&lt;td align=center nowrap&gt;0.0 m&lt;/td&gt;&lt;/tr&gt;&lt;tr&gt;&lt;td&gt;VR2W&lt;/td&gt;&lt;td align=center nowrap&gt;Transceiver&lt;/td&gt;&lt;td align=center nowrap&gt;2008-11-21&lt;/td&gt;&lt;td align=center nowrap&gt;-&lt;/td&gt;&lt;td align=center nowrap&gt;2008-12-09&lt;/td&gt;&lt;td align=center nowrap&gt;-&lt;/td&gt;&lt;td align=center nowrap&gt;0.0 m&lt;/td&gt;&lt;/tr&gt;&lt;tr&gt;&lt;td&gt;VR2W&lt;/td&gt;&lt;td align=center nowrap&gt;Transceiver&lt;/td&gt;&lt;td align=center nowrap&gt;2008-12-09&lt;/td&gt;&lt;td align=center nowrap&gt;-&lt;/td&gt;&lt;td align=center nowrap&gt;2009-04-18&lt;/td&gt;&lt;td align=center nowrap&gt;-&lt;/td&gt;&lt;td align=center nowrap&gt;0.0 m&lt;/td&gt;&lt;/tr&gt;&lt;tr&gt;&lt;td&gt;VR2W&lt;/td&gt;&lt;td align=center nowrap&gt;Transceiver&lt;/td&gt;&lt;td align=center nowrap&gt;2010-05-04&lt;/td&gt;&lt;td align=center nowrap&gt;-&lt;/td&gt;&lt;td align=center nowrap&gt;2010-08-18&lt;/td&gt;&lt;td align=center nowrap&gt;-&lt;/td&gt;&lt;td align=center nowrap&gt;0.0 m&lt;/td&gt;&lt;/tr&gt;&lt;tr&gt;&lt;td&gt;VR2W&lt;/td&gt;&lt;td align=center nowrap&gt;Transceiver&lt;/td&gt;&lt;td align=center nowrap&gt;2021-09-15&lt;/td&gt;&lt;td align=center nowrap&gt;2021-10-22&lt;/td&gt;&lt;td align=center nowrap&gt;2021-10-21&lt;/td&gt;&lt;td align=center nowrap&gt;1&lt;/td&gt;&lt;td align=center nowrap&gt;1303.0 m&lt;/td&gt;&lt;/tr&gt;&lt;tr&gt;&lt;td&gt;VR2W&lt;/td&gt;&lt;td align=center nowrap&gt;Transceiver&lt;/td&gt;&lt;td align=center nowrap&gt;2021-10-21&lt;/td&gt;&lt;td align=center nowrap&gt;2022-03-05&lt;/td&gt;&lt;td align=center nowrap&gt;2022-02-10&lt;/td&gt;&lt;td align=center nowrap&gt;1&lt;/td&gt;&lt;td align=center nowrap&gt;1334.7 m&lt;/td&gt;&lt;/tr&gt;&lt;tr&gt;&lt;td&gt;VR2W&lt;/td&gt;&lt;td align=center nowrap&gt;Transceiver&lt;/td&gt;&lt;td align=center nowrap&gt;2022-02-10&lt;/td&gt;&lt;td align=center nowrap&gt;2023-04-03&lt;/td&gt;&lt;td align=center nowrap&gt;2023-03-24&lt;/td&gt;&lt;td align=center nowrap&gt;1&lt;/td&gt;&lt;td align=center nowrap&gt;1975.3 m&lt;/td&gt;&lt;/tr&gt;&lt;tr&gt;&lt;td&gt;VR2W&lt;/td&gt;&lt;td align=center nowrap&gt;Transceiver&lt;/td&gt;&lt;td align=center nowrap&gt;2022-06-22&lt;/td&gt;&lt;td align=center nowrap&gt;2022-08-17&lt;/td&gt;&lt;td align=center nowrap&gt;2022-08-15&lt;/td&gt;&lt;td align=center nowrap&gt;1&lt;/td&gt;&lt;td align=center nowrap&gt;1521.6 m&lt;/td&gt;&lt;/tr&gt;&lt;tr&gt;&lt;td&gt;VR2AR&lt;/td&gt;&lt;td align=center nowrap&gt;Transceiver&lt;/td&gt;&lt;td align=center nowrap&gt;2023-03-24&lt;/td&gt;&lt;td align=center nowrap&gt;2023-10-05&lt;/td&gt;&lt;td align=center nowrap&gt;2023-10-03&lt;/td&gt;&lt;td align=center nowrap&gt;1&lt;/td&gt;&lt;td align=center nowrap&gt;1314.7 m&lt;/td&gt;&lt;/tr&gt;&lt;tr&gt;&lt;td&gt;VR2AR&lt;/td&gt;&lt;td align=center nowrap&gt;Transceiver&lt;/td&gt;&lt;td align=center nowrap&gt;2023-10-03&lt;/td&gt;&lt;td align=center nowrap&gt;2024-04-18&lt;/td&gt;&lt;td align=center nowrap&gt;2024-04-16&lt;/td&gt;&lt;td align=center nowrap&gt;1&lt;/td&gt;&lt;td align=center nowrap&gt;1324.5 m&lt;/td&gt;&lt;/tr&gt;&lt;/table&gt;&lt;/small&gt;</SimpleData>
                    </SchemaData>
                </ExtendedData>
                <Point>
                    <coordinates>-158.13047,21.64112</coordinates>
                </Point>
            </Placemark>
            <Placemark id="stations_series.fid--2e4a691_19d8297c619_-3ce1">
                <ExtendedData>
                    <SchemaData schemaUrl="#stations_series_1">
                        <SimpleData name="collectioncode">PIRAT.PFRL</SimpleData>
                        <SimpleData name="seriescode">PIRAT</SimpleData>
                        <SimpleData name="ocean">MID PACIFIC</SimpleData>
                        <SimpleData name="station_name">HIMB REEF 3 SOUTH</SimpleData>
                        <SimpleData name="station_type">Acoustic</SimpleData>
                        <SimpleData name="latitude">21.43436</SimpleData>
                        <SimpleData name="longitude">-157.79351</SimpleData>
                        <SimpleData name="depth">unknown</SimpleData>
                        <SimpleData name="stationstatus">active</SimpleData>
                        <SimpleData name="stationclass">deployed</SimpleData>
                        <SimpleData name="first_year">2012-02-24</SimpleData>
                        <SimpleData name="last_year">2014-04-16</SimpleData>
                        <SimpleData name="notes">&lt;small&gt;&lt;table border=1&gt;&lt;tr&gt;&lt;th&gt;instrument&lt;/th&gt;&lt;th&gt;type&lt;/th&gt;&lt;th&gt;deploy date&lt;/th&gt;&lt;th&gt;last download&lt;/th&gt;&lt;th&gt;recovery date&lt;/th&gt;&lt;th&gt;downloads&lt;/th&gt;&lt;th&gt;offset&lt;/th&gt;&lt;/tr&gt;&lt;tr&gt;&lt;td&gt;VR2W&lt;/td&gt;&lt;td align=center nowrap&gt;Acoustic&lt;/td&gt;&lt;td align=center nowrap&gt;2012-02-24&lt;/td&gt;&lt;td align=center nowrap&gt;2012-10-25&lt;/td&gt;&lt;td align=center nowrap&gt;2012-10-25&lt;/td&gt;&lt;td align=center nowrap&gt;1&lt;/td&gt;&lt;td align=center nowrap&gt;0.0 m&lt;/td&gt;&lt;/tr&gt;&lt;tr&gt;&lt;td&gt;VR2W&lt;/td&gt;&lt;td align=center nowrap&gt;Acoustic&lt;/td&gt;&lt;td align=center nowrap&gt;2012-10-25&lt;/td&gt;&lt;td align=center nowrap&gt;2014-05-20&lt;/td&gt;&lt;td align=center nowrap&gt;2014-04-16&lt;/td&gt;&lt;td align=center nowrap&gt;2&lt;/td&gt;&lt;td align=center nowrap&gt;0.0 m&lt;/td&gt;&lt;/tr&gt;&lt;/table&gt;&lt;/small&gt;</SimpleData>
                    </SchemaData>
                </ExtendedData>
                <Point>
                    <coordinates>-157.79351,21.43436</coordinates>
                </Point>
            </Placemark>
            <Placemark id="stations_series.fid--2e4a691_19d8297c619_-3ce0">
                <ExtendedData>
                    <SchemaData schemaUrl="#stations_series_1">
                        <SimpleData name="collectioncode">PIRAT.PFRL</SimpleData>
                        <SimpleData name="seriescode">PIRAT</SimpleData>
                        <SimpleData name="ocean">MID PACIFIC</SimpleData>
                        <SimpleData name="station_name">Palauea Deep</SimpleData>
                        <SimpleData name="station_type">Acoustic</SimpleData>
                        <SimpleData name="latitude">20.66659</SimpleData>
                        <SimpleData name="longitude">-156.46616</SimpleData>
                        <SimpleData name="depth">unknown</SimpleData>
                        <SimpleData name="stationstatus">active</SimpleData>
                        <SimpleData name="stationclass">deployed</SimpleData>
                        <SimpleData name="first_year">2013-10-21</SimpleData>
                        <SimpleData name="notes">&lt;small&gt;&lt;table border=1&gt;&lt;tr&gt;&lt;th&gt;instrument&lt;/th&gt;&lt;th&gt;type&lt;/th&gt;&lt;th&gt;deploy date&lt;/th&gt;&lt;th&gt;last download&lt;/th&gt;&lt;th&gt;recovery date&lt;/th&gt;&lt;th&gt;downloads&lt;/th&gt;&lt;th&gt;offset&lt;/th&gt;&lt;/tr&gt;&lt;tr&gt;&lt;td&gt;VR2W&lt;/td&gt;&lt;td align=center nowrap&gt;Acoustic&lt;/td&gt;&lt;td align=center nowrap&gt;2013-10-21&lt;/td&gt;&lt;td align=center nowrap&gt;2014-07-26&lt;/td&gt;&lt;td align=center nowrap&gt;2014-07-24&lt;/td&gt;&lt;td align=center nowrap&gt;1&lt;/td&gt;&lt;td align=center nowrap&gt;0.0 m&lt;/td&gt;&lt;/tr&gt;&lt;tr&gt;&lt;td&gt;VR2W&lt;/td&gt;&lt;td align=center nowrap&gt;Acoustic&lt;/td&gt;&lt;td align=center nowrap&gt;2013-10-21&lt;/td&gt;&lt;td align=center nowrap&gt;2014-07-26&lt;/td&gt;&lt;td align=center nowrap&gt;2014-07-24&lt;/td&gt;&lt;td align=center nowrap&gt;1&lt;/td&gt;&lt;td align=center nowrap&gt;0.0 m&lt;/td&gt;&lt;/tr&gt;&lt;tr&gt;&lt;td&gt;VR2W&lt;/td&gt;&lt;td align=center nowrap&gt;Acoustic&lt;/td&gt;&lt;td align=center nowrap&gt;2014-07-24&lt;/td&gt;&lt;td align=center nowrap&gt;2014-12-08&lt;/td&gt;&lt;td align=center nowrap&gt;2014-12-07&lt;/td&gt;&lt;td align=center nowrap&gt;1&lt;/td&gt;&lt;td align=center nowrap&gt;6.8 m&lt;/td&gt;&lt;/tr&gt;&lt;tr&gt;&lt;td&gt;VR2W&lt;/td&gt;&lt;td align=center nowrap&gt;Acoustic&lt;/td&gt;&lt;td align=center nowrap&gt;2014-12-07&lt;/td&gt;&lt;td align=center nowrap&gt;2017-03-21&lt;/td&gt;&lt;td align=center nowrap&gt;2015-06-28&lt;/td&gt;&lt;td align=center nowrap&gt;2&lt;/td&gt;&lt;td align=center nowrap&gt;45.5 m&lt;/td&gt;&lt;/tr&gt;&lt;tr&gt;&lt;td&gt;VR2W&lt;/td&gt;&lt;td align=center nowrap&gt;Acoustic&lt;/td&gt;&lt;td align=center nowrap&gt;2015-06-28&lt;/td&gt;&lt;td align=center nowrap&gt;2017-05-02&lt;/td&gt;&lt;td align=center nowrap&gt;2017-03-09&lt;/td&gt;&lt;td align=center nowrap&gt;1&lt;/td&gt;&lt;td align=center nowrap&gt;51.4 m&lt;/td&gt;&lt;/tr&gt;&lt;tr&gt;&lt;td&gt;VR2W&lt;/td&gt;&lt;td align=center nowrap&gt;Acoustic&lt;/td&gt;&lt;td align=center nowrap&gt;2017-02-15&lt;/td&gt;&lt;td align=center nowrap&gt;-&lt;/td&gt;&lt;td align=center nowrap&gt;-&lt;/td&gt;&lt;td align=center nowrap&gt;-&lt;/td&gt;&lt;td align=center nowrap&gt;35.5 m&lt;/td&gt;&lt;/tr&gt;&lt;/table&gt;&lt;/small&gt;</SimpleData>
                    </SchemaData>
                </ExtendedData>
                <Point>
                    <coordinates>-156.46616,20.66659</coordinates>
                </Point>
            </Placemark>
            <Placemark id="stations_series.fid--2e4a691_19d8297c619_-3cdf">
                <ExtendedData>
                    <SchemaData schemaUrl="#stations_series_1">
                        <SimpleData name="collectioncode">PIRAT.PFRL</SimpleData>
                        <SimpleData name="seriescode">PIRAT</SimpleData>
                        <SimpleData name="ocean">MID PACIFIC</SimpleData>
                        <SimpleData name="station_name">PHR NW SIDE</SimpleData>
                        <SimpleData name="station_type">Acoustic</SimpleData>
                        <SimpleData name="latitude">27.91095</SimpleData>
                        <SimpleData name="longitude">-175.9089</SimpleData>
                        <SimpleData name="depth">unknown</SimpleData>
                        <SimpleData name="stationstatus">active</SimpleData>
                        <SimpleData name="stationclass">deployed</SimpleData>
                        <SimpleData name="first_year">2005-05-27</SimpleData>
                        <SimpleData name="last_year">2017-09-15</SimpleData>
                        <SimpleData name="notes">&lt;small&gt;&lt;table border=1&gt;&lt;tr&gt;&lt;th&gt;instrument&lt;/th&gt;&lt;th&gt;type&lt;/th&gt;&lt;th&gt;deploy date&lt;/th&gt;&lt;th&gt;last download&lt;/th&gt;&lt;th&gt;recovery date&lt;/th&gt;&lt;th&gt;downloads&lt;/th&gt;&lt;th&gt;offset&lt;/th&gt;&lt;/tr&gt;&lt;tr&gt;&lt;td&gt;VR2&lt;/td&gt;&lt;td align=center nowrap&gt;Acoustic&lt;/td&gt;&lt;td align=center nowrap&gt;2005-05-27&lt;/td&gt;&lt;td align=center nowrap&gt;-&lt;/td&gt;&lt;td align=center nowrap&gt;2005-09-26&lt;/td&gt;&lt;td align=center nowrap&gt;-&lt;/td&gt;&lt;td align=center nowrap&gt;0.0 m&lt;/td&gt;&lt;/tr&gt;&lt;tr&gt;&lt;td&gt;VR2&lt;/td&gt;&lt;td align=center nowrap&gt;Acoustic&lt;/td&gt;&lt;td align=center nowrap&gt;2005-09-26&lt;/td&gt;&lt;td align=center nowrap&gt;-&lt;/td&gt;&lt;td align=center nowrap&gt;2006-09-23&lt;/td&gt;&lt;td align=center nowrap&gt;-&lt;/td&gt;&lt;td align=center nowrap&gt;0.0 m&lt;/td&gt;&lt;/tr&gt;&lt;tr&gt;&lt;td&gt;VR2&lt;/td&gt;&lt;td align=center nowrap&gt;Acoustic&lt;/td&gt;&lt;td align=center nowrap&gt;2007-08-30&lt;/td&gt;&lt;td align=center nowrap&gt;-&lt;/td&gt;&lt;td align=center nowrap&gt;2008-08-07&lt;/td&gt;&lt;td align=center nowrap&gt;-&lt;/td&gt;&lt;td align=center nowrap&gt;0.0 m&lt;/td&gt;&lt;/tr&gt;&lt;tr&gt;&lt;td&gt;VR2&lt;/td&gt;&lt;td align=center nowrap&gt;Acoustic&lt;/td&gt;&lt;td align=center nowrap&gt;2008-08-07&lt;/td&gt;&lt;td align=center nowrap&gt;-&lt;/td&gt;&lt;td align=center nowrap&gt;2009-08-24&lt;/td&gt;&lt;td align=center nowrap&gt;-&lt;/td&gt;&lt;td align=center nowrap&gt;0.0 m&lt;/td&gt;&lt;/tr&gt;&lt;tr&gt;&lt;td&gt;VR2&lt;/td&gt;&lt;td align=center nowrap&gt;Acoustic&lt;/td&gt;&lt;td align=center nowrap&gt;2009-08-24&lt;/td&gt;&lt;td align=center nowrap&gt;-&lt;/td&gt;&lt;td align=center nowrap&gt;2010-05-19&lt;/td&gt;&lt;td align=center nowrap&gt;-&lt;/td&gt;&lt;td align=center nowrap&gt;0.0 m&lt;/td&gt;&lt;/tr&gt;&lt;tr&gt;&lt;td&gt;VR2W&lt;/td&gt;&lt;td align=center nowrap&gt;Acoustic&lt;/td&gt;&lt;td align=center nowrap&gt;2010-05-19&lt;/td&gt;&lt;td align=center nowrap&gt;-&lt;/td&gt;&lt;td align=center nowrap&gt;2011-09-13&lt;/td&gt;&lt;td align=center nowrap&gt;-&lt;/td&gt;&lt;td align=center nowrap&gt;0.0 m&lt;/td&gt;&lt;/tr&gt;&lt;tr&gt;&lt;td&gt;VR2W&lt;/td&gt;&lt;td align=center nowrap&gt;Acoustic&lt;/td&gt;&lt;td align=center nowrap&gt;2011-09-13&lt;/td&gt;&lt;td align=center nowrap&gt;-&lt;/td&gt;&lt;td align=center nowrap&gt;2012-07-13&lt;/td&gt;&lt;td align=center nowrap&gt;-&lt;/td&gt;&lt;td align=center nowrap&gt;0.0 m&lt;/td&gt;&lt;/tr&gt;&lt;tr&gt;&lt;td&gt;VR2W&lt;/td&gt;&lt;td align=center nowrap&gt;Acoustic&lt;/td&gt;&lt;td align=center nowrap&gt;2012-07-13&lt;/td&gt;&lt;td align=center nowrap&gt;2017-05-05&lt;/td&gt;&lt;td align=center nowrap&gt;2014-09-22&lt;/td&gt;&lt;td align=center nowrap&gt;1&lt;/td&gt;&lt;td align=center nowrap&gt;0.0 m&lt;/td&gt;&lt;/tr&gt;&lt;tr&gt;&lt;td&gt;VR2W&lt;/td&gt;&lt;td align=center nowrap&gt;Acoustic&lt;/td&gt;&lt;td align=center nowrap&gt;2014-09-22&lt;/td&gt;&lt;td align=center nowrap&gt;2016-06-10&lt;/td&gt;&lt;td align=center nowrap&gt;2016-06-06&lt;/td&gt;&lt;td align=center nowrap&gt;1&lt;/td&gt;&lt;td align=center nowrap&gt;0.0 m&lt;/td&gt;&lt;/tr&gt;&lt;tr&gt;&lt;td&gt;VR2W&lt;/td&gt;&lt;td align=center nowrap&gt;Acoustic&lt;/td&gt;&lt;td align=center nowrap&gt;2016-06-06&lt;/td&gt;&lt;td align=center nowrap&gt;2017-10-30&lt;/td&gt;&lt;td align=center nowrap&gt;2017-09-15&lt;/td&gt;&lt;td align=center nowrap&gt;3&lt;/td&gt;&lt;td align=center nowrap&gt;0.0 m&lt;/td&gt;&lt;/tr&gt;&lt;/table&gt;&lt;/small&gt;</SimpleData>
                    </SchemaData>
                </ExtendedData>
                <Point>
                    <coordinates>-175.9089,27.91095</coordinates>
                </Point>
            </Placemark>
            <Placemark id="stations_series.fid--2e4a691_19d8297c619_-3cde">
                <ExtendedData>
                    <SchemaData schemaUrl="#stations_series_1">
                        <SimpleData name="collectioncode">PIRAT.PFRL</SimpleData>
                        <SimpleData name="seriescode">PIRAT</SimpleData>
                        <SimpleData name="ocean">MID PACIFIC</SimpleData>
                        <SimpleData name="station_name">HIMB NW WALL</SimpleData>
                        <SimpleData name="station_type">Acoustic</SimpleData>
                        <SimpleData name="latitude">21.43675</SimpleData>
                        <SimpleData name="longitude">-157.79121</SimpleData>
                        <SimpleData name="depth">unknown</SimpleData>
                        <SimpleData name="stationstatus">active</SimpleData>
                        <SimpleData name="stationclass">deployed</SimpleData>
                        <SimpleData name="first_year">2011-12-14</SimpleData>
                        <SimpleData name="last_year">2012-10-24</SimpleData>
                        <SimpleData name="notes">&lt;small&gt;&lt;table border=1&gt;&lt;tr&gt;&lt;th&gt;instrument&lt;/th&gt;&lt;th&gt;type&lt;/th&gt;&lt;th&gt;deploy date&lt;/th&gt;&lt;th&gt;last download&lt;/th&gt;&lt;th&gt;recovery date&lt;/th&gt;&lt;th&gt;downloads&lt;/th&gt;&lt;th&gt;offset&lt;/th&gt;&lt;/tr&gt;&lt;tr&gt;&lt;td&gt;VR2W&lt;/td&gt;&lt;td align=center nowrap&gt;Acoustic&lt;/td&gt;&lt;td align=center nowrap&gt;2011-12-14&lt;/td&gt;&lt;td align=center nowrap&gt;2012-10-25&lt;/td&gt;&lt;td align=center nowrap&gt;2012-10-24&lt;/td&gt;&lt;td align=center nowrap&gt;1&lt;/td&gt;&lt;td align=center nowrap&gt;0.0 m&lt;/td&gt;&lt;/tr&gt;&lt;/table&gt;&lt;/small&gt;</SimpleData>
                    </SchemaData>
                </ExtendedData>
                <Point>
                    <coordinates>-157.79121,21.43675</coordinates>
                </Point>
            </Placemark>
            <Placemark id="stations_series.fid--2e4a691_19d8297c619_-3cdd">
                <ExtendedData>
                    <SchemaData schemaUrl="#stations_series_1">
                        <SimpleData name="collectioncode">PIRAT.PFRL</SimpleData>
                        <SimpleData name="seriescode">PIRAT</SimpleData>
                        <SimpleData name="ocean">MID PACIFIC</SimpleData>
                        <SimpleData name="station_name">MIDWAY NORTH BARRIER REEF</SimpleData>
                        <SimpleData name="station_type">Acoustic</SimpleData>
                        <SimpleData name="latitude">28.2861</SimpleData>
                        <SimpleData name="longitude">-177.36212</SimpleData>
                        <SimpleData name="depth">unknown</SimpleData>
                        <SimpleData name="stationstatus">active</SimpleData>
                        <SimpleData name="stationclass">deployed</SimpleData>
                        <SimpleData name="first_year">2009-06-23</SimpleData>
                        <SimpleData name="last_year">2010-05-24</SimpleData>
                        <SimpleData name="notes">&lt;small&gt;&lt;table border=1&gt;&lt;tr&gt;&lt;th&gt;instrument&lt;/th&gt;&lt;th&gt;type&lt;/th&gt;&lt;th&gt;deploy date&lt;/th&gt;&lt;th&gt;last download&lt;/th&gt;&lt;th&gt;recovery date&lt;/th&gt;&lt;th&gt;downloads&lt;/th&gt;&lt;th&gt;offset&lt;/th&gt;&lt;/tr&gt;&lt;tr&gt;&lt;td&gt;VR2W&lt;/td&gt;&lt;td align=center nowrap&gt;Acoustic&lt;/td&gt;&lt;td align=center nowrap&gt;2009-06-23&lt;/td&gt;&lt;td align=center nowrap&gt;2017-03-21&lt;/td&gt;&lt;td align=center nowrap&gt;2010-05-24&lt;/td&gt;&lt;td align=center nowrap&gt;1&lt;/td&gt;&lt;td align=center nowrap&gt;0.0 m&lt;/td&gt;&lt;/tr&gt;&lt;/table&gt;&lt;/small&gt;</SimpleData>
                    </SchemaData>
                </ExtendedData>
                <Point>
                    <coordinates>-177.36212,28.2861</coordinates>
                </Point>
            </Placemark>
            <Placemark id="stations_series.fid--2e4a691_19d8297c619_-3cdc">
                <ExtendedData>
                    <SchemaData schemaUrl="#stations_series_1">
                        <SimpleData name="collectioncode">PIRAT.PFRL</SimpleData>
                        <SimpleData name="seriescode">PIRAT</SimpleData>
                        <SimpleData name="ocean">MID PACIFIC</SimpleData>
                        <SimpleData name="station_name">HONOKOHAU CHANNEL</SimpleData>
                        <SimpleData name="station_type">Acoustic</SimpleData>
                        <SimpleData name="latitude">19.66865</SimpleData>
                        <SimpleData name="longitude">-156.02965</SimpleData>
                        <SimpleData name="depth">unknown</SimpleData>
                        <SimpleData name="stationstatus">active</SimpleData>
                        <SimpleData name="stationclass">deployed</SimpleData>
                        <SimpleData name="first_year">2003-08-19</SimpleData>
                        <SimpleData name="last_year">2008-08-16</SimpleData>
                        <SimpleData name="notes">&lt;small&gt;&lt;table border=1&gt;&lt;tr&gt;&lt;th&gt;instrument&lt;/th&gt;&lt;th&gt;type&lt;/th&gt;&lt;th&gt;deploy date&lt;/th&gt;&lt;th&gt;last download&lt;/th&gt;&lt;th&gt;recovery date&lt;/th&gt;&lt;th&gt;downloads&lt;/th&gt;&lt;th&gt;offset&lt;/th&gt;&lt;/tr&gt;&lt;tr&gt;&lt;td&gt;VR2&lt;/td&gt;&lt;td align=center nowrap&gt;Acoustic&lt;/td&gt;&lt;td align=center nowrap&gt;2003-08-19&lt;/td&gt;&lt;td align=center nowrap&gt;-&lt;/td&gt;&lt;td align=center nowrap&gt;2003-11-04&lt;/td&gt;&lt;td align=center nowrap&gt;-&lt;/td&gt;&lt;td align=center nowrap&gt;0.0 m&lt;/td&gt;&lt;/tr&gt;&lt;tr&gt;&lt;td&gt;VR2&lt;/td&gt;&lt;td align=center nowrap&gt;Acoustic&lt;/td&gt;&lt;td align=center nowrap&gt;2003-11-04&lt;/td&gt;&lt;td align=center nowrap&gt;-&lt;/td&gt;&lt;td align=center nowrap&gt;2003-12-27&lt;/td&gt;&lt;td align=center nowrap&gt;-&lt;/td&gt;&lt;td align=center nowrap&gt;0.0 m&lt;/td&gt;&lt;/tr&gt;&lt;tr&gt;&lt;td&gt;VR2&lt;/td&gt;&lt;td align=center nowrap&gt;Acoustic&lt;/td&gt;&lt;td align=center nowrap&gt;2003-12-27&lt;/td&gt;&lt;td align=center nowrap&gt;-&lt;/td&gt;&lt;td align=center nowrap&gt;2004-05-28&lt;/td&gt;&lt;td align=center nowrap&gt;-&lt;/td&gt;&lt;td align=center nowrap&gt;0.0 m&lt;/td&gt;&lt;/tr&gt;&lt;tr&gt;&lt;td&gt;VR2&lt;/td&gt;&lt;td align=center nowrap&gt;Acoustic&lt;/td&gt;&lt;td align=center nowrap&gt;2004-05-28&lt;/td&gt;&lt;td align=center nowrap&gt;-&lt;/td&gt;&lt;td align=center nowrap&gt;2004-05-31&lt;/td&gt;&lt;td align=center nowrap&gt;-&lt;/td&gt;&lt;td align=center nowrap&gt;0.0 m&lt;/td&gt;&lt;/tr&gt;&lt;tr&gt;&lt;td&gt;VR2&lt;/td&gt;&lt;td align=center nowrap&gt;Acoustic&lt;/td&gt;&lt;td align=center nowrap&gt;2004-06-01&lt;/td&gt;&lt;td align=center nowrap&gt;-&lt;/td&gt;&lt;td align=center nowrap&gt;2004-07-27&lt;/td&gt;&lt;td align=center nowrap&gt;-&lt;/td&gt;&lt;td align=center nowrap&gt;0.0 m&lt;/td&gt;&lt;/tr&gt;&lt;tr&gt;&lt;td&gt;VR2&lt;/td&gt;&lt;td align=center nowrap&gt;Acoustic&lt;/td&gt;&lt;td align=center nowrap&gt;2004-07-27&lt;/td&gt;&lt;td align=center nowrap&gt;-&lt;/td&gt;&lt;td align=center nowrap&gt;2004-09-04&lt;/td&gt;&lt;td align=center nowrap&gt;-&lt;/td&gt;&lt;td align=center nowrap&gt;0.0 m&lt;/td&gt;&lt;/tr&gt;&lt;tr&gt;&lt;td&gt;VR2&lt;/td&gt;&lt;td align=center nowrap&gt;Acoustic&lt;/td&gt;&lt;td align=center nowrap&gt;2004-09-04&lt;/td&gt;&lt;td align=center nowrap&gt;-&lt;/td&gt;&lt;td align=center nowrap&gt;2005-07-22&lt;/td&gt;&lt;td align=center nowrap&gt;-&lt;/td&gt;&lt;td align=center nowrap&gt;0.0 m&lt;/td&gt;&lt;/tr&gt;&lt;tr&gt;&lt;td&gt;VR2&lt;/td&gt;&lt;td align=center nowrap&gt;Acoustic&lt;/td&gt;&lt;td align=center nowrap&gt;2005-07-22&lt;/td&gt;&lt;td align=center nowrap&gt;-&lt;/td&gt;&lt;td align=center nowrap&gt;2006-01-09&lt;/td&gt;&lt;td align=center nowrap&gt;-&lt;/td&gt;&lt;td align=center nowrap&gt;0.0 m&lt;/td&gt;&lt;/tr&gt;&lt;tr&gt;&lt;td&gt;VR2&lt;/td&gt;&lt;td align=center nowrap&gt;Acoustic&lt;/td&gt;&lt;td align=center nowrap&gt;2006-01-09&lt;/td&gt;&lt;td align=center nowrap&gt;-&lt;/td&gt;&lt;td align=center nowrap&gt;2006-08-21&lt;/td&gt;&lt;td align=center nowrap&gt;-&lt;/td&gt;&lt;td align=center nowrap&gt;0.0 m&lt;/td&gt;&lt;/tr&gt;&lt;tr&gt;&lt;td&gt;VR2&lt;/td&gt;&lt;td align=center nowrap&gt;Acoustic&lt;/td&gt;&lt;td align=center nowrap&gt;2006-08-21&lt;/td&gt;&lt;td align=center nowrap&gt;-&lt;/td&gt;&lt;td align=center nowrap&gt;2008-02-13&lt;/td&gt;&lt;td align=center nowrap&gt;-&lt;/td&gt;&lt;td align=center nowrap&gt;0.0 m&lt;/td&gt;&lt;/tr&gt;&lt;tr&gt;&lt;td&gt;VR2&lt;/td&gt;&lt;td align=center nowrap&gt;Acoustic&lt;/td&gt;&lt;td align=center nowrap&gt;2008-02-13&lt;/td&gt;&lt;td align=center nowrap&gt;-&lt;/td&gt;&lt;td align=center nowrap&gt;2008-08-16&lt;/td&gt;&lt;td align=center nowrap&gt;-&lt;/td&gt;&lt;td align=center nowrap&gt;0.0 m&lt;/td&gt;&lt;/tr&gt;&lt;/table&gt;&lt;/small&gt;</SimpleData>
                    </SchemaData>
                </ExtendedData>
                <Point>
                    <coordinates>-156.02965,19.66865</coordinates>
                </Point>
            </Placemark>
            <Placemark id="stations_series.fid--2e4a691_19d8297c619_-3cdb">
                <ExtendedData>
                    <SchemaData schemaUrl="#stations_series_1">
                        <SimpleData name="collectioncode">PIRAT.PFRL</SimpleData>
                        <SimpleData name="seriescode">PIRAT</SimpleData>
                        <SimpleData name="ocean">MID PACIFIC</SimpleData>
                        <SimpleData name="station_name">KEALAKEKUA BAY LIGHTHOUSE</SimpleData>
                        <SimpleData name="station_type">Acoustic</SimpleData>
                        <SimpleData name="latitude">19.47</SimpleData>
                        <SimpleData name="longitude">-155.93</SimpleData>
                        <SimpleData name="depth">unknown</SimpleData>
                        <SimpleData name="stationstatus">active</SimpleData>
                        <SimpleData name="stationclass">deployed</SimpleData>
                        <SimpleData name="first_year">2007-05-13</SimpleData>
                        <SimpleData name="notes">&lt;small&gt;&lt;table border=1&gt;&lt;tr&gt;&lt;th&gt;instrument&lt;/th&gt;&lt;th&gt;type&lt;/th&gt;&lt;th&gt;deploy date&lt;/th&gt;&lt;th&gt;last download&lt;/th&gt;&lt;th&gt;recovery date&lt;/th&gt;&lt;th&gt;downloads&lt;/th&gt;&lt;th&gt;offset&lt;/th&gt;&lt;/tr&gt;&lt;tr&gt;&lt;td&gt;VR2&lt;/td&gt;&lt;td align=center nowrap&gt;Acoustic&lt;/td&gt;&lt;td align=center nowrap&gt;2007-05-13&lt;/td&gt;&lt;td align=center nowrap&gt;-&lt;/td&gt;&lt;td align=center nowrap&gt;2008-01-15&lt;/td&gt;&lt;td align=center nowrap&gt;-&lt;/td&gt;&lt;td align=center nowrap&gt;0.0 m&lt;/td&gt;&lt;/tr&gt;&lt;tr&gt;&lt;td&gt;VR2&lt;/td&gt;&lt;td align=center nowrap&gt;Acoustic&lt;/td&gt;&lt;td align=center nowrap&gt;2008-01-15&lt;/td&gt;&lt;td align=center nowrap&gt;-&lt;/td&gt;&lt;td align=center nowrap&gt;2008-03-03&lt;/td&gt;&lt;td align=center nowrap&gt;-&lt;/td&gt;&lt;td align=center nowrap&gt;0.0 m&lt;/td&gt;&lt;/tr&gt;&lt;tr&gt;&lt;td&gt;VR2&lt;/td&gt;&lt;td align=center nowrap&gt;Acoustic&lt;/td&gt;&lt;td align=center nowrap&gt;2008-03-03&lt;/td&gt;&lt;td align=center nowrap&gt;-&lt;/td&gt;&lt;td align=center nowrap&gt;-&lt;/td&gt;&lt;td align=center nowrap&gt;-&lt;/td&gt;&lt;td align=center nowrap&gt;0.0 m&lt;/td&gt;&lt;/tr&gt;&lt;/table&gt;&lt;/small&gt;</SimpleData>
                    </SchemaData>
                </ExtendedData>
                <Point>
                    <coordinates>-155.93,19.47</coordinates>
                </Point>
            </Placemark>
            <Placemark id="stations_series.fid--2e4a691_19d8297c619_-3cda">
                <ExtendedData>
                    <SchemaData schemaUrl="#stations_series_1">
                        <SimpleData name="collectioncode">PIRAT.PFRL</SimpleData>
                        <SimpleData name="seriescode">PIRAT</SimpleData>
                        <SimpleData name="ocean">MID PACIFIC</SimpleData>
                        <SimpleData name="station_name">LISIANSKI EAST SIDE OF ISLAND</SimpleData>
                        <SimpleData name="station_type">Acoustic</SimpleData>
                        <SimpleData name="latitude">26.05728</SimpleData>
                        <SimpleData name="longitude">-173.95957</SimpleData>
                        <SimpleData name="depth">unknown</SimpleData>
                        <SimpleData name="stationstatus">active</SimpleData>
                        <SimpleData name="stationclass">deployed</SimpleData>
                        <SimpleData name="first_year">2006-09-26</SimpleData>
                        <SimpleData name="last_year">2011-09-15</SimpleData>
                        <SimpleData name="notes">&lt;small&gt;&lt;table border=1&gt;&lt;tr&gt;&lt;th&gt;instrument&lt;/th&gt;&lt;th&gt;type&lt;/th&gt;&lt;th&gt;deploy date&lt;/th&gt;&lt;th&gt;last download&lt;/th&gt;&lt;th&gt;recovery date&lt;/th&gt;&lt;th&gt;downloads&lt;/th&gt;&lt;th&gt;offset&lt;/th&gt;&lt;/tr&gt;&lt;tr&gt;&lt;td&gt;VR2&lt;/td&gt;&lt;td align=center nowrap&gt;Acoustic&lt;/td&gt;&lt;td align=center nowrap&gt;2006-09-26&lt;/td&gt;&lt;td align=center nowrap&gt;-&lt;/td&gt;&lt;td align=center nowrap&gt;2007-07-13&lt;/td&gt;&lt;td align=center nowrap&gt;-&lt;/td&gt;&lt;td align=center nowrap&gt;0.0 m&lt;/td&gt;&lt;/tr&gt;&lt;tr&gt;&lt;td&gt;VR2&lt;/td&gt;&lt;td align=center nowrap&gt;Acoustic&lt;/td&gt;&lt;td align=center nowrap&gt;2007-07-16&lt;/td&gt;&lt;td align=center nowrap&gt;-&lt;/td&gt;&lt;td align=center nowrap&gt;2010-05-18&lt;/td&gt;&lt;td align=center nowrap&gt;-&lt;/td&gt;&lt;td align=center nowrap&gt;0.0 m&lt;/td&gt;&lt;/tr&gt;&lt;tr&gt;&lt;td&gt;VR2W&lt;/td&gt;&lt;td align=center nowrap&gt;Acoustic&lt;/td&gt;&lt;td align=center nowrap&gt;2010-05-18&lt;/td&gt;&lt;td align=center nowrap&gt;-&lt;/td&gt;&lt;td align=center nowrap&gt;2011-09-15&lt;/td&gt;&lt;td align=center nowrap&gt;-&lt;/td&gt;&lt;td align=center nowrap&gt;0.0 m&lt;/td&gt;&lt;/tr&gt;&lt;/table&gt;&lt;/small&gt;</SimpleData>
                    </SchemaData>
                </ExtendedData>
                <Point>
                    <coordinates>-173.95957,26.05728</coordinates>
                </Point>
            </Placemark>
            <Placemark id="stations_series.fid--2e4a691_19d8297c619_-3cd9">
                <ExtendedData>
                    <SchemaData schemaUrl="#stations_series_1">
                        <SimpleData name="collectioncode">PIRAT.PFRL</SimpleData>
                        <SimpleData name="seriescode">PIRAT</SimpleData>
                        <SimpleData name="ocean">MID PACIFIC</SimpleData>
                        <SimpleData name="station_name">HIMB REEF 8 SOUTH</SimpleData>
                        <SimpleData name="station_type">Acoustic</SimpleData>
                        <SimpleData name="latitude">21.43995</SimpleData>
                        <SimpleData name="longitude">-157.79244</SimpleData>
                        <SimpleData name="depth">unknown</SimpleData>
                        <SimpleData name="stationstatus">active</SimpleData>
                        <SimpleData name="stationclass">deployed</SimpleData>
                        <SimpleData name="first_year">2012-11-02</SimpleData>
                        <SimpleData name="last_year">2014-04-16</SimpleData>
                        <SimpleData name="notes">&lt;small&gt;&lt;table border=1&gt;&lt;tr&gt;&lt;th&gt;instrument&lt;/th&gt;&lt;th&gt;type&lt;/th&gt;&lt;th&gt;deploy date&lt;/th&gt;&lt;th&gt;last download&lt;/th&gt;&lt;th&gt;recovery date&lt;/th&gt;&lt;th&gt;downloads&lt;/th&gt;&lt;th&gt;offset&lt;/th&gt;&lt;/tr&gt;&lt;tr&gt;&lt;td&gt;VR2W&lt;/td&gt;&lt;td align=center nowrap&gt;Acoustic&lt;/td&gt;&lt;td align=center nowrap&gt;2012-11-02&lt;/td&gt;&lt;td align=center nowrap&gt;2015-07-01&lt;/td&gt;&lt;td align=center nowrap&gt;2014-04-16&lt;/td&gt;&lt;td align=center nowrap&gt;2&lt;/td&gt;&lt;td align=center nowrap&gt;0.0 m&lt;/td&gt;&lt;/tr&gt;&lt;/table&gt;&lt;/small&gt;</SimpleData>
                    </SchemaData>
                </ExtendedData>
                <Point>
                    <coordinates>-157.79244,21.43995</coordinates>
                </Point>
            </Placemark>
            <Placemark id="stations_series.fid--2e4a691_19d8297c619_-3cd8">
                <ExtendedData>
                    <SchemaData schemaUrl="#stations_series_1">
                        <SimpleData name="collectioncode">PIRAT.PFRL</SimpleData>
                        <SimpleData name="seriescode">PIRAT</SimpleData>
                        <SimpleData name="ocean">MID PACIFIC</SimpleData>
                        <SimpleData name="station_name">FFS BIG GIN BAY</SimpleData>
                        <SimpleData name="station_type">Acoustic</SimpleData>
                        <SimpleData name="latitude">23.73355</SimpleData>
                        <SimpleData name="longitude">-166.16612</SimpleData>
                        <SimpleData name="depth">unknown</SimpleData>
                        <SimpleData name="stationstatus">active</SimpleData>
                        <SimpleData name="stationclass">deployed</SimpleData>
                        <SimpleData name="first_year">2009-07-02</SimpleData>
                        <SimpleData name="last_year">2012-07-08</SimpleData>
                        <SimpleData name="notes">&lt;small&gt;&lt;table border=1&gt;&lt;tr&gt;&lt;th&gt;instrument&lt;/th&gt;&lt;th&gt;type&lt;/th&gt;&lt;th&gt;deploy date&lt;/th&gt;&lt;th&gt;last download&lt;/th&gt;&lt;th&gt;recovery date&lt;/th&gt;&lt;th&gt;downloads&lt;/th&gt;&lt;th&gt;offset&lt;/th&gt;&lt;/tr&gt;&lt;tr&gt;&lt;td&gt;VR2&lt;/td&gt;&lt;td align=center nowrap&gt;Acoustic&lt;/td&gt;&lt;td align=center nowrap&gt;2009-07-02&lt;/td&gt;&lt;td align=center nowrap&gt;-&lt;/td&gt;&lt;td align=center nowrap&gt;2010-05-14&lt;/td&gt;&lt;td align=center nowrap&gt;-&lt;/td&gt;&lt;td align=center nowrap&gt;0.0 m&lt;/td&gt;&lt;/tr&gt;&lt;tr&gt;&lt;td&gt;VR2W&lt;/td&gt;&lt;td align=center nowrap&gt;Acoustic&lt;/td&gt;&lt;td align=center nowrap&gt;2010-05-14&lt;/td&gt;&lt;td align=center nowrap&gt;-&lt;/td&gt;&lt;td align=center nowrap&gt;2011-09-09&lt;/td&gt;&lt;td align=center nowrap&gt;-&lt;/td&gt;&lt;td align=center nowrap&gt;0.0 m&lt;/td&gt;&lt;/tr&gt;&lt;tr&gt;&lt;td&gt;VR2W&lt;/td&gt;&lt;td align=center nowrap&gt;Acoustic&lt;/td&gt;&lt;td align=center nowrap&gt;2011-09-09&lt;/td&gt;&lt;td align=center nowrap&gt;-&lt;/td&gt;&lt;td align=center nowrap&gt;2012-07-08&lt;/td&gt;&lt;td align=center nowrap&gt;-&lt;/td&gt;&lt;td align=center nowrap&gt;0.0 m&lt;/td&gt;&lt;/tr&gt;&lt;/table&gt;&lt;/small&gt;</SimpleData>
                    </SchemaData>
                </ExtendedData>
                <Point>
                    <coordinates>-166.16612,23.73355</coordinates>
                </Point>
            </Placemark>
            <Placemark id="stations_series.fid--2e4a691_19d8297c619_-3cd7">
                <ExtendedData>
                    <SchemaData schemaUrl="#stations_series_1">
                        <SimpleData name="collectioncode">PIRAT.PFRL</SimpleData>
                        <SimpleData name="seriescode">PIRAT</SimpleData>
                        <SimpleData name="ocean">MID PACIFIC</SimpleData>
                        <SimpleData name="station_name">Moku Manu</SimpleData>
                        <SimpleData name="station_type">Acoustic</SimpleData>
                        <SimpleData name="latitude">21.50158</SimpleData>
                        <SimpleData name="longitude">-157.79359</SimpleData>
                        <SimpleData name="depth">unknown</SimpleData>
                        <SimpleData name="stationstatus">active</SimpleData>
                        <SimpleData name="stationclass">deployed</SimpleData>
                        <SimpleData name="first_year">2009-05-30</SimpleData>
                        <SimpleData name="notes">&lt;small&gt;&lt;table border=1&gt;&lt;tr&gt;&lt;th&gt;instrument&lt;/th&gt;&lt;th&gt;type&lt;/th&gt;&lt;th&gt;deploy date&lt;/th&gt;&lt;th&gt;last download&lt;/th&gt;&lt;th&gt;recovery date&lt;/th&gt;&lt;th&gt;downloads&lt;/th&gt;&lt;th&gt;offset&lt;/th&gt;&lt;/tr&gt;&lt;tr&gt;&lt;td&gt;VR2&lt;/td&gt;&lt;td align=center nowrap&gt;Acoustic&lt;/td&gt;&lt;td align=center nowrap&gt;2009-05-30&lt;/td&gt;&lt;td align=center nowrap&gt;-&lt;/td&gt;&lt;td align=center nowrap&gt;2012-01-03&lt;/td&gt;&lt;td align=center nowrap&gt;-&lt;/td&gt;&lt;td align=center nowrap&gt;8864.4 m&lt;/td&gt;&lt;/tr&gt;&lt;tr&gt;&lt;td&gt;VR2W&lt;/td&gt;&lt;td align=center nowrap&gt;Acoustic&lt;/td&gt;&lt;td align=center nowrap&gt;2012-01-03&lt;/td&gt;&lt;td align=center nowrap&gt;2013-12-10&lt;/td&gt;&lt;td align=center nowrap&gt;2012-09-20&lt;/td&gt;&lt;td align=center nowrap&gt;2&lt;/td&gt;&lt;td align=center nowrap&gt;8864.4 m&lt;/td&gt;&lt;/tr&gt;&lt;tr&gt;&lt;td&gt;VR2W&lt;/td&gt;&lt;td align=center nowrap&gt;Acoustic&lt;/td&gt;&lt;td align=center nowrap&gt;2013-07-05&lt;/td&gt;&lt;td align=center nowrap&gt;2013-07-05&lt;/td&gt;&lt;td align=center nowrap&gt;-&lt;/td&gt;&lt;td align=center nowrap&gt;1&lt;/td&gt;&lt;td align=center nowrap&gt;0.0 m&lt;/td&gt;&lt;/tr&gt;&lt;/table&gt;&lt;/small&gt;</SimpleData>
                    </SchemaData>
                </ExtendedData>
                <Point>
                    <coordinates>-157.79359,21.50158</coordinates>
                </Point>
            </Placemark>
            <Placemark id="stations_series.fid--2e4a691_19d8297c619_-3cd6">
                <ExtendedData>
                    <SchemaData schemaUrl="#stations_series_1">
                        <SimpleData name="collectioncode">PIRAT.PFRL</SimpleData>
                        <SimpleData name="seriescode">PIRAT</SimpleData>
                        <SimpleData name="ocean">MID PACIFIC</SimpleData>
                        <SimpleData name="station_name">HIMB REEF 8 EAST</SimpleData>
                        <SimpleData name="station_type">Acoustic</SimpleData>
                        <SimpleData name="latitude">21.44353</SimpleData>
                        <SimpleData name="longitude">-157.79193</SimpleData>
                        <SimpleData name="depth">unknown</SimpleData>
                        <SimpleData name="stationstatus">active</SimpleData>
                        <SimpleData name="stationclass">deployed</SimpleData>
                        <SimpleData name="first_year">2012-02-24</SimpleData>
                        <SimpleData name="last_year">2014-04-16</SimpleData>
                        <SimpleData name="notes">&lt;small&gt;&lt;table border=1&gt;&lt;tr&gt;&lt;th&gt;instrument&lt;/th&gt;&lt;th&gt;type&lt;/th&gt;&lt;th&gt;deploy date&lt;/th&gt;&lt;th&gt;last download&lt;/th&gt;&lt;th&gt;recovery date&lt;/th&gt;&lt;th&gt;downloads&lt;/th&gt;&lt;th&gt;offset&lt;/th&gt;&lt;/tr&gt;&lt;tr&gt;&lt;td&gt;VR2W&lt;/td&gt;&lt;td align=center nowrap&gt;Acoustic&lt;/td&gt;&lt;td align=center nowrap&gt;2012-02-24&lt;/td&gt;&lt;td align=center nowrap&gt;2012-10-25&lt;/td&gt;&lt;td align=center nowrap&gt;2012-10-24&lt;/td&gt;&lt;td align=center nowrap&gt;1&lt;/td&gt;&lt;td align=center nowrap&gt;0.0 m&lt;/td&gt;&lt;/tr&gt;&lt;tr&gt;&lt;td&gt;VR2W&lt;/td&gt;&lt;td align=center nowrap&gt;Acoustic&lt;/td&gt;&lt;td align=center nowrap&gt;2012-10-25&lt;/td&gt;&lt;td align=center nowrap&gt;2014-04-22&lt;/td&gt;&lt;td align=center nowrap&gt;2014-04-16&lt;/td&gt;&lt;td align=center nowrap&gt;2&lt;/td&gt;&lt;td align=center nowrap&gt;0.0 m&lt;/td&gt;&lt;/tr&gt;&lt;/table&gt;&lt;/small&gt;</SimpleData>
                    </SchemaData>
                </ExtendedData>
                <Point>
                    <coordinates>-157.79193,21.44353</coordinates>
                </Point>
            </Placemark>
            <Placemark id="stations_series.fid--2e4a691_19d8297c619_-3cd5">
                <ExtendedData>
                    <SchemaData schemaUrl="#stations_series_1">
                        <SimpleData name="collectioncode">PIRAT.PFRL</SimpleData>
                        <SimpleData name="seriescode">PIRAT</SimpleData>
                        <SimpleData name="ocean">MID PACIFIC</SimpleData>
                        <SimpleData name="station_name">Kaneohe Bay Reef 44</SimpleData>
                        <SimpleData name="station_type">Acoustic</SimpleData>
                        <SimpleData name="latitude">21.4767</SimpleData>
                        <SimpleData name="longitude">-157.8299</SimpleData>
                        <SimpleData name="depth">unknown</SimpleData>
                        <SimpleData name="stationstatus">active</SimpleData>
                        <SimpleData name="stationclass">deployed</SimpleData>
                        <SimpleData name="first_year">2011-08-03</SimpleData>
                        <SimpleData name="last_year">2018-09-19</SimpleData>
                        <SimpleData name="notes">&lt;small&gt;&lt;table border=1&gt;&lt;tr&gt;&lt;th&gt;instrument&lt;/th&gt;&lt;th&gt;type&lt;/th&gt;&lt;th&gt;deploy date&lt;/th&gt;&lt;th&gt;last download&lt;/th&gt;&lt;th&gt;recovery date&lt;/th&gt;&lt;th&gt;downloads&lt;/th&gt;&lt;th&gt;offset&lt;/th&gt;&lt;/tr&gt;&lt;tr&gt;&lt;td&gt;VR2W&lt;/td&gt;&lt;td align=center nowrap&gt;Acoustic&lt;/td&gt;&lt;td align=center nowrap&gt;2011-08-03&lt;/td&gt;&lt;td align=center nowrap&gt;-&lt;/td&gt;&lt;td align=center nowrap&gt;2012-08-28&lt;/td&gt;&lt;td align=center nowrap&gt;-&lt;/td&gt;&lt;td align=center nowrap&gt;1.5 m&lt;/td&gt;&lt;/tr&gt;&lt;tr&gt;&lt;td&gt;VR2W&lt;/td&gt;&lt;td align=center nowrap&gt;Acoustic&lt;/td&gt;&lt;td align=center nowrap&gt;2012-08-27&lt;/td&gt;&lt;td align=center nowrap&gt;2014-05-21&lt;/td&gt;&lt;td align=center nowrap&gt;2014-05-20&lt;/td&gt;&lt;td align=center nowrap&gt;1&lt;/td&gt;&lt;td align=center nowrap&gt;0.0 m&lt;/td&gt;&lt;/tr&gt;&lt;tr&gt;&lt;td&gt;VR2W&lt;/td&gt;&lt;td align=center nowrap&gt;Acoustic&lt;/td&gt;&lt;td align=center nowrap&gt;2014-05-20&lt;/td&gt;&lt;td align=center nowrap&gt;2016-09-11&lt;/td&gt;&lt;td align=center nowrap&gt;2016-08-29&lt;/td&gt;&lt;td align=center nowrap&gt;1&lt;/td&gt;&lt;td align=center nowrap&gt;1.5 m&lt;/td&gt;&lt;/tr&gt;&lt;tr&gt;&lt;td&gt;VR2W&lt;/td&gt;&lt;td align=center nowrap&gt;Acoustic&lt;/td&gt;&lt;td align=center nowrap&gt;2016-08-29&lt;/td&gt;&lt;td align=center nowrap&gt;2017-11-07&lt;/td&gt;&lt;td align=center nowrap&gt;2017-11-07&lt;/td&gt;&lt;td align=center nowrap&gt;1&lt;/td&gt;&lt;td align=center nowrap&gt;1.5 m&lt;/td&gt;&lt;/tr&gt;&lt;tr&gt;&lt;td&gt;VR2W&lt;/td&gt;&lt;td align=center nowrap&gt;Acoustic&lt;/td&gt;&lt;td align=center nowrap&gt;2017-11-07&lt;/td&gt;&lt;td align=center nowrap&gt;-&lt;/td&gt;&lt;td align=center nowrap&gt;2018-09-19&lt;/td&gt;&lt;td align=center nowrap&gt;-&lt;/td&gt;&lt;td align=center nowrap&gt;1.5 m&lt;/td&gt;&lt;/tr&gt;&lt;/table&gt;&lt;/small&gt;</SimpleData>
                    </SchemaData>
                </ExtendedData>
                <Point>
                    <coordinates>-157.8299,21.4767</coordinates>
                </Point>
            </Placemark>
            <Placemark id="stations_series.fid--2e4a691_19d8297c619_-3cd4">
                <ExtendedData>
                    <SchemaData schemaUrl="#stations_series_1">
                        <SimpleData name="collectioncode">PIRAT.PFRL</SimpleData>
                        <SimpleData name="seriescode">PIRAT</SimpleData>
                        <SimpleData name="ocean">MID PACIFIC</SimpleData>
                        <SimpleData name="station_name">FFS TRIG SHALLOW 7</SimpleData>
                        <SimpleData name="station_type">Acoustic</SimpleData>
                        <SimpleData name="latitude">23.87127</SimpleData>
                        <SimpleData name="longitude">-166.24102</SimpleData>
                        <SimpleData name="depth">unknown</SimpleData>
                        <SimpleData name="stationstatus">active</SimpleData>
                        <SimpleData name="stationclass">deployed</SimpleData>
                        <SimpleData name="first_year">2009-05-21</SimpleData>
                        <SimpleData name="last_year">2012-09-01</SimpleData>
                        <SimpleData name="notes">&lt;small&gt;&lt;table border=1&gt;&lt;tr&gt;&lt;th&gt;instrument&lt;/th&gt;&lt;th&gt;type&lt;/th&gt;&lt;th&gt;deploy date&lt;/th&gt;&lt;th&gt;last download&lt;/th&gt;&lt;th&gt;recovery date&lt;/th&gt;&lt;th&gt;downloads&lt;/th&gt;&lt;th&gt;offset&lt;/th&gt;&lt;/tr&gt;&lt;tr&gt;&lt;td&gt;VR2W&lt;/td&gt;&lt;td align=center nowrap&gt;Acoustic&lt;/td&gt;&lt;td align=center nowrap&gt;2009-05-21&lt;/td&gt;&lt;td align=center nowrap&gt;-&lt;/td&gt;&lt;td align=center nowrap&gt;2010-05-13&lt;/td&gt;&lt;td align=center nowrap&gt;-&lt;/td&gt;&lt;td align=center nowrap&gt;0.0 m&lt;/td&gt;&lt;/tr&gt;&lt;tr&gt;&lt;td&gt;VR2W&lt;/td&gt;&lt;td align=center nowrap&gt;Acoustic&lt;/td&gt;&lt;td align=center nowrap&gt;2010-05-13&lt;/td&gt;&lt;td align=center nowrap&gt;-&lt;/td&gt;&lt;td align=center nowrap&gt;2011-09-01&lt;/td&gt;&lt;td align=center nowrap&gt;-&lt;/td&gt;&lt;td align=center nowrap&gt;0.0 m&lt;/td&gt;&lt;/tr&gt;&lt;tr&gt;&lt;td&gt;VR2W&lt;/td&gt;&lt;td align=center nowrap&gt;Acoustic&lt;/td&gt;&lt;td align=center nowrap&gt;2011-09-01&lt;/td&gt;&lt;td align=center nowrap&gt;2013-09-01&lt;/td&gt;&lt;td align=center nowrap&gt;2012-09-01&lt;/td&gt;&lt;td align=center nowrap&gt;1&lt;/td&gt;&lt;td align=center nowrap&gt;0.0 m&lt;/td&gt;&lt;/tr&gt;&lt;/table&gt;&lt;/small&gt;</SimpleData>
                    </SchemaData>
                </ExtendedData>
                <Point>
                    <coordinates>-166.24102,23.87127</coordinates>
                </Point>
            </Placemark>
            <Placemark id="stations_series.fid--2e4a691_19d8297c619_-3cd3">
                <ExtendedData>
                    <SchemaData schemaUrl="#stations_series_1">
                        <SimpleData name="collectioncode">PIRAT.PFRL</SimpleData>
                        <SimpleData name="seriescode">PIRAT</SimpleData>
                        <SimpleData name="ocean">MID PACIFIC</SimpleData>
                        <SimpleData name="station_name">Waikiki East Shallow</SimpleData>
                        <SimpleData name="station_type">Acoustic</SimpleData>
                        <SimpleData name="latitude">21.27628</SimpleData>
                        <SimpleData name="longitude">-157.85495</SimpleData>
                        <SimpleData name="depth">unknown</SimpleData>
                        <SimpleData name="stationstatus">active</SimpleData>
                        <SimpleData name="stationclass">deployed</SimpleData>
                        <SimpleData name="first_year">2012-11-28</SimpleData>
                        <SimpleData name="last_year">2018-11-08</SimpleData>
                        <SimpleData name="notes">&lt;small&gt;&lt;table border=1&gt;&lt;tr&gt;&lt;th&gt;instrument&lt;/th&gt;&lt;th&gt;type&lt;/th&gt;&lt;th&gt;deploy date&lt;/th&gt;&lt;th&gt;last download&lt;/th&gt;&lt;th&gt;recovery date&lt;/th&gt;&lt;th&gt;downloads&lt;/th&gt;&lt;th&gt;offset&lt;/th&gt;&lt;/tr&gt;&lt;tr&gt;&lt;td&gt;VR2W&lt;/td&gt;&lt;td align=center nowrap&gt;Acoustic&lt;/td&gt;&lt;td align=center nowrap&gt;2012-11-28&lt;/td&gt;&lt;td align=center nowrap&gt;2013-06-18&lt;/td&gt;&lt;td align=center nowrap&gt;2013-06-17&lt;/td&gt;&lt;td align=center nowrap&gt;1&lt;/td&gt;&lt;td align=center nowrap&gt;22.4 m&lt;/td&gt;&lt;/tr&gt;&lt;tr&gt;&lt;td&gt;VR2W&lt;/td&gt;&lt;td align=center nowrap&gt;Acoustic&lt;/td&gt;&lt;td align=center nowrap&gt;2013-06-18&lt;/td&gt;&lt;td align=center nowrap&gt;2013-12-13&lt;/td&gt;&lt;td align=center nowrap&gt;2013-12-12&lt;/td&gt;&lt;td align=center nowrap&gt;1&lt;/td&gt;&lt;td align=center nowrap&gt;0.0 m&lt;/td&gt;&lt;/tr&gt;&lt;tr&gt;&lt;td&gt;VR2W&lt;/td&gt;&lt;td align=center nowrap&gt;Acoustic&lt;/td&gt;&lt;td align=center nowrap&gt;2013-12-12&lt;/td&gt;&lt;td align=center nowrap&gt;2014-11-26&lt;/td&gt;&lt;td align=center nowrap&gt;2014-11-25&lt;/td&gt;&lt;td align=center nowrap&gt;1&lt;/td&gt;&lt;td align=center nowrap&gt;22.4 m&lt;/td&gt;&lt;/tr&gt;&lt;tr&gt;&lt;td&gt;VR2W&lt;/td&gt;&lt;td align=center nowrap&gt;Acoustic&lt;/td&gt;&lt;td align=center nowrap&gt;2014-11-25&lt;/td&gt;&lt;td align=center nowrap&gt;2015-06-20&lt;/td&gt;&lt;td align=center nowrap&gt;2015-06-19&lt;/td&gt;&lt;td align=center nowrap&gt;1&lt;/td&gt;&lt;td align=center nowrap&gt;39.1 m&lt;/td&gt;&lt;/tr&gt;&lt;tr&gt;&lt;td&gt;VR2W&lt;/td&gt;&lt;td align=center nowrap&gt;Acoustic&lt;/td&gt;&lt;td align=center nowrap&gt;2016-11-19&lt;/td&gt;&lt;td align=center nowrap&gt;2017-08-16&lt;/td&gt;&lt;td align=center nowrap&gt;2017-08-08&lt;/td&gt;&lt;td align=center nowrap&gt;1&lt;/td&gt;&lt;td align=center nowrap&gt;22.4 m&lt;/td&gt;&lt;/tr&gt;&lt;tr&gt;&lt;td&gt;VR2W&lt;/td&gt;&lt;td align=center nowrap&gt;Acoustic&lt;/td&gt;&lt;td align=center nowrap&gt;2017-08-08&lt;/td&gt;&lt;td align=center nowrap&gt;2018-11-20&lt;/td&gt;&lt;td align=center nowrap&gt;2018-11-08&lt;/td&gt;&lt;td align=center nowrap&gt;1&lt;/td&gt;&lt;td align=center nowrap&gt;22.4 m&lt;/td&gt;&lt;/tr&gt;&lt;/table&gt;&lt;/small&gt;</SimpleData>
                    </SchemaData>
                </ExtendedData>
                <Point>
                    <coordinates>-157.85495,21.27628</coordinates>
                </Point>
            </Placemark>
            <Placemark id="stations_series.fid--2e4a691_19d8297c619_-3cd2">
                <ExtendedData>
                    <SchemaData schemaUrl="#stations_series_1">
                        <SimpleData name="collectioncode">PIRAT.PFRL</SimpleData>
                        <SimpleData name="seriescode">PIRAT</SimpleData>
                        <SimpleData name="ocean">MID PACIFIC</SimpleData>
                        <SimpleData name="station_name">FRANK PARRISH MAUI EMILY</SimpleData>
                        <SimpleData name="station_type">Acoustic</SimpleData>
                        <SimpleData name="latitude">20.79847</SimpleData>
                        <SimpleData name="longitude">-156.68635</SimpleData>
                        <SimpleData name="depth">unknown</SimpleData>
                        <SimpleData name="stationstatus">active</SimpleData>
                        <SimpleData name="stationclass">deployed</SimpleData>
                        <SimpleData name="first_year">2009-07-30</SimpleData>
                        <SimpleData name="last_year">2010-07-08</SimpleData>
                        <SimpleData name="notes">&lt;small&gt;&lt;table border=1&gt;&lt;tr&gt;&lt;th&gt;instrument&lt;/th&gt;&lt;th&gt;type&lt;/th&gt;&lt;th&gt;deploy date&lt;/th&gt;&lt;th&gt;last download&lt;/th&gt;&lt;th&gt;recovery date&lt;/th&gt;&lt;th&gt;downloads&lt;/th&gt;&lt;th&gt;offset&lt;/th&gt;&lt;/tr&gt;&lt;tr&gt;&lt;td&gt;VR2&lt;/td&gt;&lt;td align=center nowrap&gt;Acoustic&lt;/td&gt;&lt;td align=center nowrap&gt;2009-07-30&lt;/td&gt;&lt;td align=center nowrap&gt;-&lt;/td&gt;&lt;td align=center nowrap&gt;2010-07-08&lt;/td&gt;&lt;td align=center nowrap&gt;-&lt;/td&gt;&lt;td align=center nowrap&gt;0.0 m&lt;/td&gt;&lt;/tr&gt;&lt;/table&gt;&lt;/small&gt;</SimpleData>
                    </SchemaData>
                </ExtendedData>
                <Point>
                    <coordinates>-156.68635,20.79847</coordinates>
                </Point>
            </Placemark>
            <Placemark id="stations_series.fid--2e4a691_19d8297c619_-3cd1">
                <ExtendedData>
                    <SchemaData schemaUrl="#stations_series_1">
                        <SimpleData name="collectioncode">PIRAT.PFRL</SimpleData>
                        <SimpleData name="seriescode">PIRAT</SimpleData>
                        <SimpleData name="ocean">MID PACIFIC</SimpleData>
                        <SimpleData name="station_name">FAD J</SimpleData>
                        <SimpleData name="station_type">Acoustic</SimpleData>
                        <SimpleData name="latitude">21.83333</SimpleData>
                        <SimpleData name="longitude">-158.14667</SimpleData>
                        <SimpleData name="depth">unknown</SimpleData>
                        <SimpleData name="stationstatus">active</SimpleData>
                        <SimpleData name="stationclass">deployed</SimpleData>
                        <SimpleData name="first_year">2008-03-13</SimpleData>
                        <SimpleData name="last_year">2011-02-02</SimpleData>
                        <SimpleData name="notes">&lt;small&gt;&lt;table border=1&gt;&lt;tr&gt;&lt;th&gt;instrument&lt;/th&gt;&lt;th&gt;type&lt;/th&gt;&lt;th&gt;deploy date&lt;/th&gt;&lt;th&gt;last download&lt;/th&gt;&lt;th&gt;recovery date&lt;/th&gt;&lt;th&gt;downloads&lt;/th&gt;&lt;th&gt;offset&lt;/th&gt;&lt;/tr&gt;&lt;tr&gt;&lt;td&gt;VR2&lt;/td&gt;&lt;td align=center nowrap&gt;Acoustic&lt;/td&gt;&lt;td align=center nowrap&gt;2008-03-13&lt;/td&gt;&lt;td align=center nowrap&gt;-&lt;/td&gt;&lt;td align=center nowrap&gt;2008-08-10&lt;/td&gt;&lt;td align=center nowrap&gt;-&lt;/td&gt;&lt;td align=center nowrap&gt;0.0 m&lt;/td&gt;&lt;/tr&gt;&lt;tr&gt;&lt;td&gt;VR2&lt;/td&gt;&lt;td align=center nowrap&gt;Acoustic&lt;/td&gt;&lt;td align=center nowrap&gt;2010-09-02&lt;/td&gt;&lt;td align=center nowrap&gt;-&lt;/td&gt;&lt;td align=center nowrap&gt;2011-02-02&lt;/td&gt;&lt;td align=center nowrap&gt;-&lt;/td&gt;&lt;td align=center nowrap&gt;0.0 m&lt;/td&gt;&lt;/tr&gt;&lt;/table&gt;&lt;/small&gt;</SimpleData>
                    </SchemaData>
                </ExtendedData>
                <Point>
                    <coordinates>-158.14667,21.83333</coordinates>
                </Point>
            </Placemark>
            <Placemark id="stations_series.fid--2e4a691_19d8297c619_-3cd0">
                <ExtendedData>
                    <SchemaData schemaUrl="#stations_series_1">
                        <SimpleData name="collectioncode">PIRAT.PFRL</SimpleData>
                        <SimpleData name="seriescode">PIRAT</SimpleData>
                        <SimpleData name="ocean">MID PACIFIC</SimpleData>
                        <SimpleData name="station_name">FFS TRIG SHALLOW 4</SimpleData>
                        <SimpleData name="station_type">Acoustic</SimpleData>
                        <SimpleData name="latitude">23.87205</SimpleData>
                        <SimpleData name="longitude">-166.24297</SimpleData>
                        <SimpleData name="depth">unknown</SimpleData>
                        <SimpleData name="stationstatus">active</SimpleData>
                        <SimpleData name="stationclass">deployed</SimpleData>
                        <SimpleData name="first_year">2009-05-21</SimpleData>
                        <SimpleData name="last_year">2012-07-10</SimpleData>
                        <SimpleData name="notes">&lt;small&gt;&lt;table border=1&gt;&lt;tr&gt;&lt;th&gt;instrument&lt;/th&gt;&lt;th&gt;type&lt;/th&gt;&lt;th&gt;deploy date&lt;/th&gt;&lt;th&gt;last download&lt;/th&gt;&lt;th&gt;recovery date&lt;/th&gt;&lt;th&gt;downloads&lt;/th&gt;&lt;th&gt;offset&lt;/th&gt;&lt;/tr&gt;&lt;tr&gt;&lt;td&gt;VR2W&lt;/td&gt;&lt;td align=center nowrap&gt;Acoustic&lt;/td&gt;&lt;td align=center nowrap&gt;2009-05-21&lt;/td&gt;&lt;td align=center nowrap&gt;-&lt;/td&gt;&lt;td align=center nowrap&gt;2010-05-13&lt;/td&gt;&lt;td align=center nowrap&gt;-&lt;/td&gt;&lt;td align=center nowrap&gt;0.0 m&lt;/td&gt;&lt;/tr&gt;&lt;tr&gt;&lt;td&gt;VR2W&lt;/td&gt;&lt;td align=center nowrap&gt;Acoustic&lt;/td&gt;&lt;td align=center nowrap&gt;2010-05-13&lt;/td&gt;&lt;td align=center nowrap&gt;-&lt;/td&gt;&lt;td align=center nowrap&gt;2011-09-19&lt;/td&gt;&lt;td align=center nowrap&gt;-&lt;/td&gt;&lt;td align=center nowrap&gt;0.0 m&lt;/td&gt;&lt;/tr&gt;&lt;tr&gt;&lt;td&gt;VR2&lt;/td&gt;&lt;td align=center nowrap&gt;Acoustic&lt;/td&gt;&lt;td align=center nowrap&gt;2011-09-19&lt;/td&gt;&lt;td align=center nowrap&gt;-&lt;/td&gt;&lt;td align=center nowrap&gt;2012-07-10&lt;/td&gt;&lt;td align=center nowrap&gt;-&lt;/td&gt;&lt;td align=center nowrap&gt;0.0 m&lt;/td&gt;&lt;/tr&gt;&lt;/table&gt;&lt;/small&gt;</SimpleData>
                    </SchemaData>
                </ExtendedData>
                <Point>
                    <coordinates>-166.24297,23.87205</coordinates>
                </Point>
            </Placemark>
            <Placemark id="stations_series.fid--2e4a691_19d8297c619_-3ccf">
                <ExtendedData>
                    <SchemaData schemaUrl="#stations_series_1">
                        <SimpleData name="collectioncode">PIRAT.PFRL</SimpleData>
                        <SimpleData name="seriescode">PIRAT</SimpleData>
                        <SimpleData name="ocean">MID PACIFIC</SimpleData>
                        <SimpleData name="station_name">FAD S</SimpleData>
                        <SimpleData name="station_type">Acoustic</SimpleData>
                        <SimpleData name="latitude">21.39667</SimpleData>
                        <SimpleData name="longitude">-158.24667</SimpleData>
                        <SimpleData name="depth">unknown</SimpleData>
                        <SimpleData name="stationstatus">active</SimpleData>
                        <SimpleData name="stationclass">deployed</SimpleData>
                        <SimpleData name="first_year">2007-01-22</SimpleData>
                        <SimpleData name="last_year">2009-09-14</SimpleData>
                        <SimpleData name="notes">&lt;small&gt;&lt;table border=1&gt;&lt;tr&gt;&lt;th&gt;instrument&lt;/th&gt;&lt;th&gt;type&lt;/th&gt;&lt;th&gt;deploy date&lt;/th&gt;&lt;th&gt;last download&lt;/th&gt;&lt;th&gt;recovery date&lt;/th&gt;&lt;th&gt;downloads&lt;/th&gt;&lt;th&gt;offset&lt;/th&gt;&lt;/tr&gt;&lt;tr&gt;&lt;td&gt;VR2&lt;/td&gt;&lt;td align=center nowrap&gt;Acoustic&lt;/td&gt;&lt;td align=center nowrap&gt;2007-01-22&lt;/td&gt;&lt;td align=center nowrap&gt;-&lt;/td&gt;&lt;td align=center nowrap&gt;2007-10-27&lt;/td&gt;&lt;td align=center nowrap&gt;-&lt;/td&gt;&lt;td align=center nowrap&gt;0.0 m&lt;/td&gt;&lt;/tr&gt;&lt;tr&gt;&lt;td&gt;VR2&lt;/td&gt;&lt;td align=center nowrap&gt;Acoustic&lt;/td&gt;&lt;td align=center nowrap&gt;2008-03-26&lt;/td&gt;&lt;td align=center nowrap&gt;-&lt;/td&gt;&lt;td align=center nowrap&gt;2009-01-06&lt;/td&gt;&lt;td align=center nowrap&gt;-&lt;/td&gt;&lt;td align=center nowrap&gt;0.0 m&lt;/td&gt;&lt;/tr&gt;&lt;tr&gt;&lt;td&gt;VR2&lt;/td&gt;&lt;td align=center nowrap&gt;Acoustic&lt;/td&gt;&lt;td align=center nowrap&gt;2009-01-06&lt;/td&gt;&lt;td align=center nowrap&gt;-&lt;/td&gt;&lt;td align=center nowrap&gt;2009-09-14&lt;/td&gt;&lt;td align=center nowrap&gt;-&lt;/td&gt;&lt;td align=center nowrap&gt;0.0 m&lt;/td&gt;&lt;/tr&gt;&lt;/table&gt;&lt;/small&gt;</SimpleData>
                    </SchemaData>
                </ExtendedData>
                <Point>
                    <coordinates>-158.24667,21.39667</coordinates>
                </Point>
            </Placemark>
            <Placemark id="stations_series.fid--2e4a691_19d8297c619_-3cce">
                <ExtendedData>
                    <SchemaData schemaUrl="#stations_series_1">
                        <SimpleData name="collectioncode">PIRAT.PFRL</SimpleData>
                        <SimpleData name="seriescode">PIRAT</SimpleData>
                        <SimpleData name="ocean">MID PACIFIC</SimpleData>
                        <SimpleData name="station_name">MAKOLEA POINT</SimpleData>
                        <SimpleData name="station_type">Acoustic</SimpleData>
                        <SimpleData name="latitude">19.77577</SimpleData>
                        <SimpleData name="longitude">-156.05168</SimpleData>
                        <SimpleData name="depth">unknown</SimpleData>
                        <SimpleData name="stationstatus">active</SimpleData>
                        <SimpleData name="stationclass">deployed</SimpleData>
                        <SimpleData name="first_year">2002-11-25</SimpleData>
                        <SimpleData name="last_year">2012-03-20</SimpleData>
                        <SimpleData name="notes">&lt;small&gt;&lt;table border=1&gt;&lt;tr&gt;&lt;th&gt;instrument&lt;/th&gt;&lt;th&gt;type&lt;/th&gt;&lt;th&gt;deploy date&lt;/th&gt;&lt;th&gt;last download&lt;/th&gt;&lt;th&gt;recovery date&lt;/th&gt;&lt;th&gt;downloads&lt;/th&gt;&lt;th&gt;offset&lt;/th&gt;&lt;/tr&gt;&lt;tr&gt;&lt;td&gt;VR2&lt;/td&gt;&lt;td align=center nowrap&gt;Acoustic&lt;/td&gt;&lt;td align=center nowrap&gt;2002-11-25&lt;/td&gt;&lt;td align=center nowrap&gt;-&lt;/td&gt;&lt;td align=center nowrap&gt;2003-01-31&lt;/td&gt;&lt;td align=center nowrap&gt;-&lt;/td&gt;&lt;td align=center nowrap&gt;0.0 m&lt;/td&gt;&lt;/tr&gt;&lt;tr&gt;&lt;td&gt;VR2&lt;/td&gt;&lt;td align=center nowrap&gt;Acoustic&lt;/td&gt;&lt;td align=center nowrap&gt;2003-01-31&lt;/td&gt;&lt;td align=center nowrap&gt;-&lt;/td&gt;&lt;td align=center nowrap&gt;2003-03-15&lt;/td&gt;&lt;td align=center nowrap&gt;-&lt;/td&gt;&lt;td align=center nowrap&gt;0.0 m&lt;/td&gt;&lt;/tr&gt;&lt;tr&gt;&lt;td&gt;VR2&lt;/td&gt;&lt;td align=center nowrap&gt;Acoustic&lt;/td&gt;&lt;td align=center nowrap&gt;2003-03-16&lt;/td&gt;&lt;td align=center nowrap&gt;-&lt;/td&gt;&lt;td align=center nowrap&gt;2003-05-14&lt;/td&gt;&lt;td align=center nowrap&gt;-&lt;/td&gt;&lt;td align=center nowrap&gt;0.0 m&lt;/td&gt;&lt;/tr&gt;&lt;tr&gt;&lt;td&gt;VR2&lt;/td&gt;&lt;td align=center nowrap&gt;Acoustic&lt;/td&gt;&lt;td align=center nowrap&gt;2003-05-14&lt;/td&gt;&lt;td align=center nowrap&gt;-&lt;/td&gt;&lt;td align=center nowrap&gt;2003-06-01&lt;/td&gt;&lt;td align=center nowrap&gt;-&lt;/td&gt;&lt;td align=center nowrap&gt;0.0 m&lt;/td&gt;&lt;/tr&gt;&lt;tr&gt;&lt;td&gt;VR2&lt;/td&gt;&lt;td align=center nowrap&gt;Acoustic&lt;/td&gt;&lt;td align=center nowrap&gt;2003-06-01&lt;/td&gt;&lt;td align=center nowrap&gt;-&lt;/td&gt;&lt;td align=center nowrap&gt;2003-06-04&lt;/td&gt;&lt;td align=center nowrap&gt;-&lt;/td&gt;&lt;td align=center nowrap&gt;0.0 m&lt;/td&gt;&lt;/tr&gt;&lt;tr&gt;&lt;td&gt;VR2&lt;/td&gt;&lt;td align=center nowrap&gt;Acoustic&lt;/td&gt;&lt;td align=center nowrap&gt;2003-06-04&lt;/td&gt;&lt;td align=center nowrap&gt;-&lt;/td&gt;&lt;td align=center nowrap&gt;2003-06-15&lt;/td&gt;&lt;td align=center nowrap&gt;-&lt;/td&gt;&lt;td align=center nowrap&gt;0.0 m&lt;/td&gt;&lt;/tr&gt;&lt;tr&gt;&lt;td&gt;VR2&lt;/td&gt;&lt;td align=center nowrap&gt;Acoustic&lt;/td&gt;&lt;td align=center nowrap&gt;2003-06-15&lt;/td&gt;&lt;td align=center nowrap&gt;-&lt;/td&gt;&lt;td align=center nowrap&gt;2003-07-01&lt;/td&gt;&lt;td align=center nowrap&gt;-&lt;/td&gt;&lt;td align=center nowrap&gt;0.0 m&lt;/td&gt;&lt;/tr&gt;&lt;tr&gt;&lt;td&gt;VR2&lt;/td&gt;&lt;td align=center nowrap&gt;Acoustic&lt;/td&gt;&lt;td align=center nowrap&gt;2003-07-01&lt;/td&gt;&lt;td align=center nowrap&gt;-&lt;/td&gt;&lt;td align=center nowrap&gt;2003-07-17&lt;/td&gt;&lt;td align=center nowrap&gt;-&lt;/td&gt;&lt;td align=center nowrap&gt;0.0 m&lt;/td&gt;&lt;/tr&gt;&lt;tr&gt;&lt;td&gt;VR2&lt;/td&gt;&lt;td align=center nowrap&gt;Acoustic&lt;/td&gt;&lt;td align=center nowrap&gt;2003-07-17&lt;/td&gt;&lt;td align=center nowrap&gt;-&lt;/td&gt;&lt;td align=center nowrap&gt;2003-08-16&lt;/td&gt;&lt;td align=center nowrap&gt;-&lt;/td&gt;&lt;td align=center nowrap&gt;0.0 m&lt;/td&gt;&lt;/tr&gt;&lt;tr&gt;&lt;td&gt;VR2&lt;/td&gt;&lt;td align=center nowrap&gt;Acoustic&lt;/td&gt;&lt;td align=center nowrap&gt;2003-08-16&lt;/td&gt;&lt;td align=center nowrap&gt;-&lt;/td&gt;&lt;td align=center nowrap&gt;2003-12-06&lt;/td&gt;&lt;td align=center nowrap&gt;-&lt;/td&gt;&lt;td align=center nowrap&gt;0.0 m&lt;/td&gt;&lt;/tr&gt;&lt;tr&gt;&lt;td&gt;VR2&lt;/td&gt;&lt;td align=center nowrap&gt;Acoustic&lt;/td&gt;&lt;td align=center nowrap&gt;2003-12-07&lt;/td&gt;&lt;td align=center nowrap&gt;-&lt;/td&gt;&lt;td align=center nowrap&gt;2004-05-31&lt;/td&gt;&lt;td align=center nowrap&gt;-&lt;/td&gt;&lt;td align=center nowrap&gt;0.0 m&lt;/td&gt;&lt;/tr&gt;&lt;tr&gt;&lt;td&gt;VR2&lt;/td&gt;&lt;td align=center nowrap&gt;Acoustic&lt;/td&gt;&lt;td align=center nowrap&gt;2004-05-31&lt;/td&gt;&lt;td align=center nowrap&gt;-&lt;/td&gt;&lt;td align=center nowrap&gt;2004-12-31&lt;/td&gt;&lt;td align=center nowrap&gt;-&lt;/td&gt;&lt;td align=center nowrap&gt;0.0 m&lt;/td&gt;&lt;/tr&gt;&lt;tr&gt;&lt;td&gt;VR2&lt;/td&gt;&lt;td align=center nowrap&gt;Acoustic&lt;/td&gt;&lt;td align=center nowrap&gt;2004-12-31&lt;/td&gt;&lt;td align=center nowrap&gt;-&lt;/td&gt;&lt;td align=center nowrap&gt;2005-07-19&lt;/td&gt;&lt;td align=center nowrap&gt;-&lt;/td&gt;&lt;td align=center nowrap&gt;0.0 m&lt;/td&gt;&lt;/tr&gt;&lt;tr&gt;&lt;td&gt;VR2&lt;/td&gt;&lt;td align=center nowrap&gt;Acoustic&lt;/td&gt;&lt;td align=center nowrap&gt;2005-07-19&lt;/td&gt;&lt;td align=center nowrap&gt;-&lt;/td&gt;&lt;td align=center nowrap&gt;2006-01-05&lt;/td&gt;&lt;td align=center nowrap&gt;-&lt;/td&gt;&lt;td align=center nowrap&gt;0.0 m&lt;/td&gt;&lt;/tr&gt;&lt;tr&gt;&lt;td&gt;VR2&lt;/td&gt;&lt;td align=center nowrap&gt;Acoustic&lt;/td&gt;&lt;td align=center nowrap&gt;2006-01-05&lt;/td&gt;&lt;td align=center nowrap&gt;-&lt;/td&gt;&lt;td align=center nowrap&gt;2006-07-23&lt;/td&gt;&lt;td align=center nowrap&gt;-&lt;/td&gt;&lt;td align=center nowrap&gt;0.0 m&lt;/td&gt;&lt;/tr&gt;&lt;tr&gt;&lt;td&gt;VR2&lt;/td&gt;&lt;td align=center nowrap&gt;Acoustic&lt;/td&gt;&lt;td align=center nowrap&gt;2006-07-23&lt;/td&gt;&lt;td align=center nowrap&gt;-&lt;/td&gt;&lt;td align=center nowrap&gt;2007-06-03&lt;/td&gt;&lt;td align=center nowrap&gt;-&lt;/td&gt;&lt;td align=center nowrap&gt;0.0 m&lt;/td&gt;&lt;/tr&gt;&lt;tr&gt;&lt;td&gt;VR2&lt;/td&gt;&lt;td align=center nowrap&gt;Acoustic&lt;/td&gt;&lt;td align=center nowrap&gt;2007-06-04&lt;/td&gt;&lt;td align=center nowrap&gt;-&lt;/td&gt;&lt;td align=center nowrap&gt;-&lt;/td&gt;&lt;td align=center nowrap&gt;-&lt;/td&gt;&lt;td align=center nowrap&gt;0.0 m&lt;/td&gt;&lt;/tr&gt;&lt;tr&gt;&lt;td&gt;VR2&lt;/td&gt;&lt;td align=center nowrap&gt;Acoustic&lt;/td&gt;&lt;td align=center nowrap&gt;2008-02-14&lt;/td&gt;&lt;td align=center nowrap&gt;-&lt;/td&gt;&lt;td align=center nowrap&gt;2008-08-21&lt;/td&gt;&lt;td align=center nowrap&gt;-&lt;/td&gt;&lt;td align=center nowrap&gt;0.0 m&lt;/td&gt;&lt;/tr&gt;&lt;tr&gt;&lt;td&gt;VR2&lt;/td&gt;&lt;td align=center nowrap&gt;Acoustic&lt;/td&gt;&lt;td align=center nowrap&gt;2008-08-21&lt;/td&gt;&lt;td align=center nowrap&gt;-&lt;/td&gt;&lt;td align=center nowrap&gt;2009-09-11&lt;/td&gt;&lt;td align=center nowrap&gt;-&lt;/td&gt;&lt;td align=center nowrap&gt;0.0 m&lt;/td&gt;&lt;/tr&gt;&lt;tr&gt;&lt;td&gt;VR2&lt;/td&gt;&lt;td align=center nowrap&gt;Acoustic&lt;/td&gt;&lt;td align=center nowrap&gt;2009-09-11&lt;/td&gt;&lt;td align=center nowrap&gt;-&lt;/td&gt;&lt;td align=center nowrap&gt;2010-12-17&lt;/td&gt;&lt;td align=center nowrap&gt;-&lt;/td&gt;&lt;td align=center nowrap&gt;0.0 m&lt;/td&gt;&lt;/tr&gt;&lt;tr&gt;&lt;td&gt;VR2W&lt;/td&gt;&lt;td align=center nowrap&gt;Acoustic&lt;/td&gt;&lt;td align=center nowrap&gt;2010-12-17&lt;/td&gt;&lt;td align=center nowrap&gt;-&lt;/td&gt;&lt;td align=center nowrap&gt;2012-03-20&lt;/td&gt;&lt;td align=center nowrap&gt;-&lt;/td&gt;&lt;td align=center nowrap&gt;0.0 m&lt;/td&gt;&lt;/tr&gt;&lt;/table&gt;&lt;/small&gt;</SimpleData>
                    </SchemaData>
                </ExtendedData>
                <Point>
                    <coordinates>-156.05168,19.77577</coordinates>
                </Point>
            </Placemark>
            <Placemark id="stations_series.fid--2e4a691_19d8297c619_-3ccd">
                <ExtendedData>
                    <SchemaData schemaUrl="#stations_series_1">
                        <SimpleData name="collectioncode">PIRAT.PFRL</SimpleData>
                        <SimpleData name="seriescode">PIRAT</SimpleData>
                        <SimpleData name="ocean">MID PACIFIC</SimpleData>
                        <SimpleData name="station_name">KURE EASTERN BARRIER REEF</SimpleData>
                        <SimpleData name="station_type">Acoustic</SimpleData>
                        <SimpleData name="latitude">28.42502</SimpleData>
                        <SimpleData name="longitude">-178.28172</SimpleData>
                        <SimpleData name="depth">unknown</SimpleData>
                        <SimpleData name="stationstatus">active</SimpleData>
                        <SimpleData name="stationclass">deployed</SimpleData>
                        <SimpleData name="first_year">2008-08-16</SimpleData>
                        <SimpleData name="last_year">2012-07-17</SimpleData>
                        <SimpleData name="notes">&lt;small&gt;&lt;table border=1&gt;&lt;tr&gt;&lt;th&gt;instrument&lt;/th&gt;&lt;th&gt;type&lt;/th&gt;&lt;th&gt;deploy date&lt;/th&gt;&lt;th&gt;last download&lt;/th&gt;&lt;th&gt;recovery date&lt;/th&gt;&lt;th&gt;downloads&lt;/th&gt;&lt;th&gt;offset&lt;/th&gt;&lt;/tr&gt;&lt;tr&gt;&lt;td&gt;VR2&lt;/td&gt;&lt;td align=center nowrap&gt;Acoustic&lt;/td&gt;&lt;td align=center nowrap&gt;2008-08-16&lt;/td&gt;&lt;td align=center nowrap&gt;-&lt;/td&gt;&lt;td align=center nowrap&gt;2009-06-24&lt;/td&gt;&lt;td align=center nowrap&gt;-&lt;/td&gt;&lt;td align=center nowrap&gt;0.0 m&lt;/td&gt;&lt;/tr&gt;&lt;tr&gt;&lt;td&gt;VR2W&lt;/td&gt;&lt;td align=center nowrap&gt;Acoustic&lt;/td&gt;&lt;td align=center nowrap&gt;2009-06-24&lt;/td&gt;&lt;td align=center nowrap&gt;-&lt;/td&gt;&lt;td align=center nowrap&gt;2010-05-21&lt;/td&gt;&lt;td align=center nowrap&gt;-&lt;/td&gt;&lt;td align=center nowrap&gt;0.0 m&lt;/td&gt;&lt;/tr&gt;&lt;tr&gt;&lt;td&gt;VR2W&lt;/td&gt;&lt;td align=center nowrap&gt;Acoustic&lt;/td&gt;&lt;td align=center nowrap&gt;2010-05-21&lt;/td&gt;&lt;td align=center nowrap&gt;-&lt;/td&gt;&lt;td align=center nowrap&gt;2012-07-17&lt;/td&gt;&lt;td align=center nowrap&gt;-&lt;/td&gt;&lt;td align=center nowrap&gt;0.0 m&lt;/td&gt;&lt;/tr&gt;&lt;/table&gt;&lt;/small&gt;</SimpleData>
                    </SchemaData>
                </ExtendedData>
                <Point>
                    <coordinates>-178.28172,28.42502</coordinates>
                </Point>
            </Placemark>
            <Placemark id="stations_series.fid--2e4a691_19d8297c619_-3ccc">
                <ExtendedData>
                    <SchemaData schemaUrl="#stations_series_1">
                        <SimpleData name="collectioncode">PIRAT.PFRL</SimpleData>
                        <SimpleData name="seriescode">PIRAT</SimpleData>
                        <SimpleData name="ocean">MID PACIFIC</SimpleData>
                        <SimpleData name="station_name">HONOKOWAI DEEP</SimpleData>
                        <SimpleData name="station_type">Acoustic</SimpleData>
                        <SimpleData name="latitude">20.97426</SimpleData>
                        <SimpleData name="longitude">-156.68391</SimpleData>
                        <SimpleData name="depth">unknown</SimpleData>
                        <SimpleData name="stationstatus">active</SimpleData>
                        <SimpleData name="stationclass">deployed</SimpleData>
                        <SimpleData name="first_year">2014-07-22</SimpleData>
                        <SimpleData name="last_year">2017-03-14</SimpleData>
                        <SimpleData name="notes">&lt;small&gt;&lt;table border=1&gt;&lt;tr&gt;&lt;th&gt;instrument&lt;/th&gt;&lt;th&gt;type&lt;/th&gt;&lt;th&gt;deploy date&lt;/th&gt;&lt;th&gt;last download&lt;/th&gt;&lt;th&gt;recovery date&lt;/th&gt;&lt;th&gt;downloads&lt;/th&gt;&lt;th&gt;offset&lt;/th&gt;&lt;/tr&gt;&lt;tr&gt;&lt;td&gt;VR2W&lt;/td&gt;&lt;td align=center nowrap&gt;Acoustic&lt;/td&gt;&lt;td align=center nowrap&gt;2014-07-22&lt;/td&gt;&lt;td align=center nowrap&gt;2015-04-28&lt;/td&gt;&lt;td align=center nowrap&gt;2015-04-26&lt;/td&gt;&lt;td align=center nowrap&gt;1&lt;/td&gt;&lt;td align=center nowrap&gt;0.0 m&lt;/td&gt;&lt;/tr&gt;&lt;tr&gt;&lt;td&gt;VR2W&lt;/td&gt;&lt;td align=center nowrap&gt;Acoustic&lt;/td&gt;&lt;td align=center nowrap&gt;2017-02-17&lt;/td&gt;&lt;td align=center nowrap&gt;2017-03-14&lt;/td&gt;&lt;td align=center nowrap&gt;2017-03-14&lt;/td&gt;&lt;td align=center nowrap&gt;1&lt;/td&gt;&lt;td align=center nowrap&gt;0.0 m&lt;/td&gt;&lt;/tr&gt;&lt;/table&gt;&lt;/small&gt;</SimpleData>
                    </SchemaData>
                </ExtendedData>
                <Point>
                    <coordinates>-156.68391,20.97426</coordinates>
                </Point>
            </Placemark>
            <Placemark id="stations_series.fid--2e4a691_19d8297c619_-3ccb">
                <ExtendedData>
                    <SchemaData schemaUrl="#stations_series_1">
                        <SimpleData name="collectioncode">PIRAT.PFRL</SimpleData>
                        <SimpleData name="seriescode">PIRAT</SimpleData>
                        <SimpleData name="ocean">MID PACIFIC</SimpleData>
                        <SimpleData name="station_name">KEALAKEKUA BAY NORTH</SimpleData>
                        <SimpleData name="station_type">Acoustic</SimpleData>
                        <SimpleData name="latitude">19.4875</SimpleData>
                        <SimpleData name="longitude">-155.95143</SimpleData>
                        <SimpleData name="depth">unknown</SimpleData>
                        <SimpleData name="stationstatus">active</SimpleData>
                        <SimpleData name="stationclass">deployed</SimpleData>
                        <SimpleData name="first_year">2003-12-14</SimpleData>
                        <SimpleData name="last_year">2012-03-21</SimpleData>
                        <SimpleData name="notes">&lt;small&gt;&lt;table border=1&gt;&lt;tr&gt;&lt;th&gt;instrument&lt;/th&gt;&lt;th&gt;type&lt;/th&gt;&lt;th&gt;deploy date&lt;/th&gt;&lt;th&gt;last download&lt;/th&gt;&lt;th&gt;recovery date&lt;/th&gt;&lt;th&gt;downloads&lt;/th&gt;&lt;th&gt;offset&lt;/th&gt;&lt;/tr&gt;&lt;tr&gt;&lt;td&gt;VR2&lt;/td&gt;&lt;td align=center nowrap&gt;Acoustic&lt;/td&gt;&lt;td align=center nowrap&gt;2003-12-14&lt;/td&gt;&lt;td align=center nowrap&gt;-&lt;/td&gt;&lt;td align=center nowrap&gt;2004-05-30&lt;/td&gt;&lt;td align=center nowrap&gt;-&lt;/td&gt;&lt;td align=center nowrap&gt;0.0 m&lt;/td&gt;&lt;/tr&gt;&lt;tr&gt;&lt;td&gt;VR2&lt;/td&gt;&lt;td align=center nowrap&gt;Acoustic&lt;/td&gt;&lt;td align=center nowrap&gt;2004-05-30&lt;/td&gt;&lt;td align=center nowrap&gt;-&lt;/td&gt;&lt;td align=center nowrap&gt;2004-12-30&lt;/td&gt;&lt;td align=center nowrap&gt;-&lt;/td&gt;&lt;td align=center nowrap&gt;0.0 m&lt;/td&gt;&lt;/tr&gt;&lt;tr&gt;&lt;td&gt;VR2&lt;/td&gt;&lt;td align=center nowrap&gt;Acoustic&lt;/td&gt;&lt;td align=center nowrap&gt;2004-12-30&lt;/td&gt;&lt;td align=center nowrap&gt;-&lt;/td&gt;&lt;td align=center nowrap&gt;2005-07-25&lt;/td&gt;&lt;td align=center nowrap&gt;-&lt;/td&gt;&lt;td align=center nowrap&gt;0.0 m&lt;/td&gt;&lt;/tr&gt;&lt;tr&gt;&lt;td&gt;VR2&lt;/td&gt;&lt;td align=center nowrap&gt;Acoustic&lt;/td&gt;&lt;td align=center nowrap&gt;2005-07-25&lt;/td&gt;&lt;td align=center nowrap&gt;-&lt;/td&gt;&lt;td align=center nowrap&gt;2005-12-10&lt;/td&gt;&lt;td align=center nowrap&gt;-&lt;/td&gt;&lt;td align=center nowrap&gt;0.0 m&lt;/td&gt;&lt;/tr&gt;&lt;tr&gt;&lt;td&gt;VR2&lt;/td&gt;&lt;td align=center nowrap&gt;Acoustic&lt;/td&gt;&lt;td align=center nowrap&gt;2005-12-09&lt;/td&gt;&lt;td align=center nowrap&gt;-&lt;/td&gt;&lt;td align=center nowrap&gt;2006-02-16&lt;/td&gt;&lt;td align=center nowrap&gt;-&lt;/td&gt;&lt;td align=center nowrap&gt;1091.8 m&lt;/td&gt;&lt;/tr&gt;&lt;tr&gt;&lt;td&gt;VR2&lt;/td&gt;&lt;td align=center nowrap&gt;Acoustic&lt;/td&gt;&lt;td align=center nowrap&gt;2005-12-11&lt;/td&gt;&lt;td align=center nowrap&gt;-&lt;/td&gt;&lt;td align=center nowrap&gt;2006-06-28&lt;/td&gt;&lt;td align=center nowrap&gt;-&lt;/td&gt;&lt;td align=center nowrap&gt;0.0 m&lt;/td&gt;&lt;/tr&gt;&lt;tr&gt;&lt;td&gt;VR2&lt;/td&gt;&lt;td align=center nowrap&gt;Acoustic&lt;/td&gt;&lt;td align=center nowrap&gt;2006-02-16&lt;/td&gt;&lt;td align=center nowrap&gt;-&lt;/td&gt;&lt;td align=center nowrap&gt;2006-06-25&lt;/td&gt;&lt;td align=center nowrap&gt;-&lt;/td&gt;&lt;td align=center nowrap&gt;0.0 m&lt;/td&gt;&lt;/tr&gt;&lt;tr&gt;&lt;td&gt;VR2&lt;/td&gt;&lt;td align=center nowrap&gt;Acoustic&lt;/td&gt;&lt;td align=center nowrap&gt;2006-06-25&lt;/td&gt;&lt;td align=center nowrap&gt;-&lt;/td&gt;&lt;td align=center nowrap&gt;2007-05-13&lt;/td&gt;&lt;td align=center nowrap&gt;-&lt;/td&gt;&lt;td align=center nowrap&gt;0.0 m&lt;/td&gt;&lt;/tr&gt;&lt;tr&gt;&lt;td&gt;VR2&lt;/td&gt;&lt;td align=center nowrap&gt;Acoustic&lt;/td&gt;&lt;td align=center nowrap&gt;2006-06-28&lt;/td&gt;&lt;td align=center nowrap&gt;-&lt;/td&gt;&lt;td align=center nowrap&gt;2006-08-24&lt;/td&gt;&lt;td align=center nowrap&gt;-&lt;/td&gt;&lt;td align=center nowrap&gt;0.0 m&lt;/td&gt;&lt;/tr&gt;&lt;tr&gt;&lt;td&gt;VR2&lt;/td&gt;&lt;td align=center nowrap&gt;Acoustic&lt;/td&gt;&lt;td align=center nowrap&gt;2006-08-24&lt;/td&gt;&lt;td align=center nowrap&gt;-&lt;/td&gt;&lt;td align=center nowrap&gt;2007-05-15&lt;/td&gt;&lt;td align=center nowrap&gt;-&lt;/td&gt;&lt;td align=center nowrap&gt;0.0 m&lt;/td&gt;&lt;/tr&gt;&lt;tr&gt;&lt;td&gt;VR2&lt;/td&gt;&lt;td align=center nowrap&gt;Acoustic&lt;/td&gt;&lt;td align=center nowrap&gt;2007-05-15&lt;/td&gt;&lt;td align=center nowrap&gt;-&lt;/td&gt;&lt;td align=center nowrap&gt;2008-01-15&lt;/td&gt;&lt;td align=center nowrap&gt;-&lt;/td&gt;&lt;td align=center nowrap&gt;0.0 m&lt;/td&gt;&lt;/tr&gt;&lt;tr&gt;&lt;td&gt;VR2&lt;/td&gt;&lt;td align=center nowrap&gt;Acoustic&lt;/td&gt;&lt;td align=center nowrap&gt;2008-01-15&lt;/td&gt;&lt;td align=center nowrap&gt;-&lt;/td&gt;&lt;td align=center nowrap&gt;2008-01-15&lt;/td&gt;&lt;td align=center nowrap&gt;-&lt;/td&gt;&lt;td align=center nowrap&gt;0.0 m&lt;/td&gt;&lt;/tr&gt;&lt;tr&gt;&lt;td&gt;VR2&lt;/td&gt;&lt;td align=center nowrap&gt;Acoustic&lt;/td&gt;&lt;td align=center nowrap&gt;2008-01-15&lt;/td&gt;&lt;td align=center nowrap&gt;-&lt;/td&gt;&lt;td align=center nowrap&gt;2008-02-12&lt;/td&gt;&lt;td align=center nowrap&gt;-&lt;/td&gt;&lt;td align=center nowrap&gt;0.0 m&lt;/td&gt;&lt;/tr&gt;&lt;tr&gt;&lt;td&gt;VR2&lt;/td&gt;&lt;td align=center nowrap&gt;Acoustic&lt;/td&gt;&lt;td align=center nowrap&gt;2008-02-12&lt;/td&gt;&lt;td align=center nowrap&gt;-&lt;/td&gt;&lt;td align=center nowrap&gt;2008-03-03&lt;/td&gt;&lt;td align=center nowrap&gt;-&lt;/td&gt;&lt;td align=center nowrap&gt;0.0 m&lt;/td&gt;&lt;/tr&gt;&lt;tr&gt;&lt;td&gt;VR2&lt;/td&gt;&lt;td align=center nowrap&gt;Acoustic&lt;/td&gt;&lt;td align=center nowrap&gt;2008-03-03&lt;/td&gt;&lt;td align=center nowrap&gt;-&lt;/td&gt;&lt;td align=center nowrap&gt;2008-08-17&lt;/td&gt;&lt;td align=center nowrap&gt;-&lt;/td&gt;&lt;td align=center nowrap&gt;0.0 m&lt;/td&gt;&lt;/tr&gt;&lt;tr&gt;&lt;td&gt;VR2&lt;/td&gt;&lt;td align=center nowrap&gt;Acoustic&lt;/td&gt;&lt;td align=center nowrap&gt;2008-08-22&lt;/td&gt;&lt;td align=center nowrap&gt;-&lt;/td&gt;&lt;td align=center nowrap&gt;2009-09-09&lt;/td&gt;&lt;td align=center nowrap&gt;-&lt;/td&gt;&lt;td align=center nowrap&gt;0.0 m&lt;/td&gt;&lt;/tr&gt;&lt;tr&gt;&lt;td&gt;VR2W&lt;/td&gt;&lt;td align=center nowrap&gt;Acoustic&lt;/td&gt;&lt;td align=center nowrap&gt;2009-09-10&lt;/td&gt;&lt;td align=center nowrap&gt;-&lt;/td&gt;&lt;td align=center nowrap&gt;2010-12-19&lt;/td&gt;&lt;td align=center nowrap&gt;-&lt;/td&gt;&lt;td align=center nowrap&gt;0.0 m&lt;/td&gt;&lt;/tr&gt;&lt;tr&gt;&lt;td&gt;VR2W&lt;/td&gt;&lt;td align=center nowrap&gt;Acoustic&lt;/td&gt;&lt;td align=center nowrap&gt;2010-12-19&lt;/td&gt;&lt;td align=center nowrap&gt;-&lt;/td&gt;&lt;td align=center nowrap&gt;2012-03-21&lt;/td&gt;&lt;td align=center nowrap&gt;-&lt;/td&gt;&lt;td align=center nowrap&gt;0.0 m&lt;/td&gt;&lt;/tr&gt;&lt;/table&gt;&lt;/small&gt;</SimpleData>
                    </SchemaData>
                </ExtendedData>
                <Point>
                    <coordinates>-155.95143,19.4875</coordinates>
                </Point>
            </Placemark>
            <Placemark id="stations_series.fid--2e4a691_19d8297c619_-3cca">
                <ExtendedData>
                    <SchemaData schemaUrl="#stations_series_1">
                        <SimpleData name="collectioncode">PIRAT.PFRL</SimpleData>
                        <SimpleData name="seriescode">PIRAT</SimpleData>
                        <SimpleData name="ocean">MID PACIFIC</SimpleData>
                        <SimpleData name="station_name">Sunset Beach</SimpleData>
                        <SimpleData name="station_type">Acoustic</SimpleData>
                        <SimpleData name="latitude">21.6771</SimpleData>
                        <SimpleData name="longitude">-158.04376</SimpleData>
                        <SimpleData name="depth">unknown</SimpleData>
                        <SimpleData name="stationstatus">active</SimpleData>
                        <SimpleData name="stationclass">deployed</SimpleData>
                        <SimpleData name="first_year">2014-08-20</SimpleData>
                        <SimpleData name="notes">&lt;small&gt;&lt;table border=1&gt;&lt;tr&gt;&lt;th&gt;instrument&lt;/th&gt;&lt;th&gt;type&lt;/th&gt;&lt;th&gt;deploy date&lt;/th&gt;&lt;th&gt;last download&lt;/th&gt;&lt;th&gt;recovery date&lt;/th&gt;&lt;th&gt;downloads&lt;/th&gt;&lt;th&gt;offset&lt;/th&gt;&lt;/tr&gt;&lt;tr&gt;&lt;td&gt;VR2W&lt;/td&gt;&lt;td align=center nowrap&gt;Acoustic&lt;/td&gt;&lt;td align=center nowrap&gt;2014-08-20&lt;/td&gt;&lt;td align=center nowrap&gt;-&lt;/td&gt;&lt;td align=center nowrap&gt;-&lt;/td&gt;&lt;td align=center nowrap&gt;-&lt;/td&gt;&lt;td align=center nowrap&gt;0.0 m&lt;/td&gt;&lt;/tr&gt;&lt;/table&gt;&lt;/small&gt;</SimpleData>
                    </SchemaData>
                </ExtendedData>
                <Point>
                    <coordinates>-158.04376,21.6771</coordinates>
                </Point>
            </Placemark>
            <Placemark id="stations_series.fid--2e4a691_19d8297c619_-3cc9">
                <ExtendedData>
                    <SchemaData schemaUrl="#stations_series_1">
                        <SimpleData name="collectioncode">PIRAT.PFRL</SimpleData>
                        <SimpleData name="seriescode">PIRAT</SimpleData>
                        <SimpleData name="ocean">MID PACIFIC</SimpleData>
                        <SimpleData name="station_name">FFS NE OF LA PEROUSE</SimpleData>
                        <SimpleData name="station_type">Acoustic</SimpleData>
                        <SimpleData name="latitude">23.80545</SimpleData>
                        <SimpleData name="longitude">-166.26106</SimpleData>
                        <SimpleData name="depth">unknown</SimpleData>
                        <SimpleData name="stationstatus">active</SimpleData>
                        <SimpleData name="stationclass">deployed</SimpleData>
                        <SimpleData name="first_year">2009-07-01</SimpleData>
                        <SimpleData name="last_year">2017-09-09</SimpleData>
                        <SimpleData name="notes">&lt;small&gt;&lt;table border=1&gt;&lt;tr&gt;&lt;th&gt;instrument&lt;/th&gt;&lt;th&gt;type&lt;/th&gt;&lt;th&gt;deploy date&lt;/th&gt;&lt;th&gt;last download&lt;/th&gt;&lt;th&gt;recovery date&lt;/th&gt;&lt;th&gt;downloads&lt;/th&gt;&lt;th&gt;offset&lt;/th&gt;&lt;/tr&gt;&lt;tr&gt;&lt;td&gt;VR2&lt;/td&gt;&lt;td align=center nowrap&gt;Acoustic&lt;/td&gt;&lt;td align=center nowrap&gt;2009-07-01&lt;/td&gt;&lt;td align=center nowrap&gt;-&lt;/td&gt;&lt;td align=center nowrap&gt;2010-05-14&lt;/td&gt;&lt;td align=center nowrap&gt;-&lt;/td&gt;&lt;td align=center nowrap&gt;0.0 m&lt;/td&gt;&lt;/tr&gt;&lt;tr&gt;&lt;td&gt;VR2W&lt;/td&gt;&lt;td align=center nowrap&gt;Acoustic&lt;/td&gt;&lt;td align=center nowrap&gt;2010-05-14&lt;/td&gt;&lt;td align=center nowrap&gt;2017-03-21&lt;/td&gt;&lt;td align=center nowrap&gt;2011-09-19&lt;/td&gt;&lt;td align=center nowrap&gt;1&lt;/td&gt;&lt;td align=center nowrap&gt;0.0 m&lt;/td&gt;&lt;/tr&gt;&lt;tr&gt;&lt;td&gt;VR2W&lt;/td&gt;&lt;td align=center nowrap&gt;Acoustic&lt;/td&gt;&lt;td align=center nowrap&gt;2011-09-19&lt;/td&gt;&lt;td align=center nowrap&gt;2014-04-23&lt;/td&gt;&lt;td align=center nowrap&gt;2012-07-09&lt;/td&gt;&lt;td align=center nowrap&gt;6&lt;/td&gt;&lt;td align=center nowrap&gt;0.0 m&lt;/td&gt;&lt;/tr&gt;&lt;tr&gt;&lt;td&gt;VR2W&lt;/td&gt;&lt;td align=center nowrap&gt;Acoustic&lt;/td&gt;&lt;td align=center nowrap&gt;2012-07-09&lt;/td&gt;&lt;td align=center nowrap&gt;2013-06-13&lt;/td&gt;&lt;td align=center nowrap&gt;2013-05-21&lt;/td&gt;&lt;td align=center nowrap&gt;2&lt;/td&gt;&lt;td align=center nowrap&gt;0.0 m&lt;/td&gt;&lt;/tr&gt;&lt;tr&gt;&lt;td&gt;VR2W&lt;/td&gt;&lt;td align=center nowrap&gt;Acoustic&lt;/td&gt;&lt;td align=center nowrap&gt;2013-05-21&lt;/td&gt;&lt;td align=center nowrap&gt;2014-04-08&lt;/td&gt;&lt;td align=center nowrap&gt;2014-09-12&lt;/td&gt;&lt;td align=center nowrap&gt;1&lt;/td&gt;&lt;td align=center nowrap&gt;0.0 m&lt;/td&gt;&lt;/tr&gt;&lt;tr&gt;&lt;td&gt;VR2W&lt;/td&gt;&lt;td align=center nowrap&gt;Acoustic&lt;/td&gt;&lt;td align=center nowrap&gt;2014-09-12&lt;/td&gt;&lt;td align=center nowrap&gt;2016-05-28&lt;/td&gt;&lt;td align=center nowrap&gt;2016-05-26&lt;/td&gt;&lt;td align=center nowrap&gt;1&lt;/td&gt;&lt;td align=center nowrap&gt;0.0 m&lt;/td&gt;&lt;/tr&gt;&lt;tr&gt;&lt;td&gt;VR2W&lt;/td&gt;&lt;td align=center nowrap&gt;Acoustic&lt;/td&gt;&lt;td align=center nowrap&gt;2016-05-26&lt;/td&gt;&lt;td align=center nowrap&gt;2019-05-13&lt;/td&gt;&lt;td align=center nowrap&gt;2017-09-09&lt;/td&gt;&lt;td align=center nowrap&gt;3&lt;/td&gt;&lt;td align=center nowrap&gt;0.0 m&lt;/td&gt;&lt;/tr&gt;&lt;/table&gt;&lt;/small&gt;</SimpleData>
                    </SchemaData>
                </ExtendedData>
                <Point>
                    <coordinates>-166.26106,23.80545</coordinates>
                </Point>
            </Placemark>
            <Placemark id="stations_series.fid--2e4a691_19d8297c619_-3cc8">
                <ExtendedData>
                    <SchemaData schemaUrl="#stations_series_1">
                        <SimpleData name="collectioncode">PIRAT.PFRL</SimpleData>
                        <SimpleData name="seriescode">PIRAT</SimpleData>
                        <SimpleData name="ocean">MID PACIFIC</SimpleData>
                        <SimpleData name="station_name">KIPAPA MID</SimpleData>
                        <SimpleData name="station_type">Acoustic</SimpleData>
                        <SimpleData name="latitude">21.4972</SimpleData>
                        <SimpleData name="longitude">-157.77452</SimpleData>
                        <SimpleData name="depth">unknown</SimpleData>
                        <SimpleData name="stationstatus">active</SimpleData>
                        <SimpleData name="stationclass">deployed</SimpleData>
                        <SimpleData name="first_year">2013-11-19</SimpleData>
                        <SimpleData name="last_year">2019-11-27</SimpleData>
                        <SimpleData name="notes">&lt;small&gt;&lt;table border=1&gt;&lt;tr&gt;&lt;th&gt;instrument&lt;/th&gt;&lt;th&gt;type&lt;/th&gt;&lt;th&gt;deploy date&lt;/th&gt;&lt;th&gt;last download&lt;/th&gt;&lt;th&gt;recovery date&lt;/th&gt;&lt;th&gt;downloads&lt;/th&gt;&lt;th&gt;offset&lt;/th&gt;&lt;/tr&gt;&lt;tr&gt;&lt;td&gt;VR2W&lt;/td&gt;&lt;td align=center nowrap&gt;Acoustic&lt;/td&gt;&lt;td align=center nowrap&gt;2013-11-19&lt;/td&gt;&lt;td align=center nowrap&gt;2015-06-01&lt;/td&gt;&lt;td align=center nowrap&gt;2015-05-29&lt;/td&gt;&lt;td align=center nowrap&gt;2&lt;/td&gt;&lt;td align=center nowrap&gt;0.0 m&lt;/td&gt;&lt;/tr&gt;&lt;tr&gt;&lt;td&gt;VR2W&lt;/td&gt;&lt;td align=center nowrap&gt;Acoustic&lt;/td&gt;&lt;td align=center nowrap&gt;2015-05-29&lt;/td&gt;&lt;td align=center nowrap&gt;2016-09-28&lt;/td&gt;&lt;td align=center nowrap&gt;2016-09-15&lt;/td&gt;&lt;td align=center nowrap&gt;1&lt;/td&gt;&lt;td align=center nowrap&gt;0.0 m&lt;/td&gt;&lt;/tr&gt;&lt;tr&gt;&lt;td&gt;VR2W&lt;/td&gt;&lt;td align=center nowrap&gt;Acoustic&lt;/td&gt;&lt;td align=center nowrap&gt;2016-09-15&lt;/td&gt;&lt;td align=center nowrap&gt;2017-09-20&lt;/td&gt;&lt;td align=center nowrap&gt;2017-08-30&lt;/td&gt;&lt;td align=center nowrap&gt;1&lt;/td&gt;&lt;td align=center nowrap&gt;0.0 m&lt;/td&gt;&lt;/tr&gt;&lt;tr&gt;&lt;td&gt;VR2W&lt;/td&gt;&lt;td align=center nowrap&gt;Acoustic&lt;/td&gt;&lt;td align=center nowrap&gt;2018-10-04&lt;/td&gt;&lt;td align=center nowrap&gt;-&lt;/td&gt;&lt;td align=center nowrap&gt;2019-11-27&lt;/td&gt;&lt;td align=center nowrap&gt;-&lt;/td&gt;&lt;td align=center nowrap&gt;0.0 m&lt;/td&gt;&lt;/tr&gt;&lt;/table&gt;&lt;/small&gt;</SimpleData>
                    </SchemaData>
                </ExtendedData>
                <Point>
                    <coordinates>-157.77452,21.4972</coordinates>
                </Point>
            </Placemark>
            <Placemark id="stations_series.fid--2e4a691_19d8297c619_-3cc7">
                <ExtendedData>
                    <SchemaData schemaUrl="#stations_series_1">
                        <SimpleData name="collectioncode">PIRAT.PFRL</SimpleData>
                        <SimpleData name="seriescode">PIRAT</SimpleData>
                        <SimpleData name="ocean">MID PACIFIC</SimpleData>
                        <SimpleData name="station_name">FFS TRIG SHALLOW 9</SimpleData>
                        <SimpleData name="station_type">Acoustic</SimpleData>
                        <SimpleData name="latitude">23.87124</SimpleData>
                        <SimpleData name="longitude">-166.24323</SimpleData>
                        <SimpleData name="depth">unknown</SimpleData>
                        <SimpleData name="stationstatus">active</SimpleData>
                        <SimpleData name="stationclass">deployed</SimpleData>
                        <SimpleData name="first_year">2009-07-06</SimpleData>
                        <SimpleData name="last_year">2012-07-10</SimpleData>
                        <SimpleData name="notes">&lt;small&gt;&lt;table border=1&gt;&lt;tr&gt;&lt;th&gt;instrument&lt;/th&gt;&lt;th&gt;type&lt;/th&gt;&lt;th&gt;deploy date&lt;/th&gt;&lt;th&gt;last download&lt;/th&gt;&lt;th&gt;recovery date&lt;/th&gt;&lt;th&gt;downloads&lt;/th&gt;&lt;th&gt;offset&lt;/th&gt;&lt;/tr&gt;&lt;tr&gt;&lt;td&gt;VR2&lt;/td&gt;&lt;td align=center nowrap&gt;Acoustic&lt;/td&gt;&lt;td align=center nowrap&gt;2009-07-06&lt;/td&gt;&lt;td align=center nowrap&gt;-&lt;/td&gt;&lt;td align=center nowrap&gt;2010-05-13&lt;/td&gt;&lt;td align=center nowrap&gt;-&lt;/td&gt;&lt;td align=center nowrap&gt;0.0 m&lt;/td&gt;&lt;/tr&gt;&lt;tr&gt;&lt;td&gt;VR2W&lt;/td&gt;&lt;td align=center nowrap&gt;Acoustic&lt;/td&gt;&lt;td align=center nowrap&gt;2010-05-14&lt;/td&gt;&lt;td align=center nowrap&gt;-&lt;/td&gt;&lt;td align=center nowrap&gt;2011-09-19&lt;/td&gt;&lt;td align=center nowrap&gt;-&lt;/td&gt;&lt;td align=center nowrap&gt;0.0 m&lt;/td&gt;&lt;/tr&gt;&lt;tr&gt;&lt;td&gt;VR2W&lt;/td&gt;&lt;td align=center nowrap&gt;Acoustic&lt;/td&gt;&lt;td align=center nowrap&gt;2011-09-19&lt;/td&gt;&lt;td align=center nowrap&gt;-&lt;/td&gt;&lt;td align=center nowrap&gt;2012-07-10&lt;/td&gt;&lt;td align=center nowrap&gt;-&lt;/td&gt;&lt;td align=center nowrap&gt;0.0 m&lt;/td&gt;&lt;/tr&gt;&lt;/table&gt;&lt;/small&gt;</SimpleData>
                    </SchemaData>
                </ExtendedData>
                <Point>
                    <coordinates>-166.24323,23.87124</coordinates>
                </Point>
            </Placemark>
            <Placemark id="stations_series.fid--2e4a691_19d8297c619_-3cc6">
                <ExtendedData>
                    <SchemaData schemaUrl="#stations_series_1">
                        <SimpleData name="collectioncode">PIRAT.PFRL</SimpleData>
                        <SimpleData name="seriescode">PIRAT</SimpleData>
                        <SimpleData name="ocean">MID PACIFIC</SimpleData>
                        <SimpleData name="station_name">Kaneohe Bay Midbay</SimpleData>
                        <SimpleData name="station_type">Acoustic</SimpleData>
                        <SimpleData name="latitude">21.46295</SimpleData>
                        <SimpleData name="longitude">-157.81978</SimpleData>
                        <SimpleData name="depth">unknown</SimpleData>
                        <SimpleData name="stationstatus">active</SimpleData>
                        <SimpleData name="stationclass">deployed</SimpleData>
                        <SimpleData name="first_year">2009-04-14</SimpleData>
                        <SimpleData name="last_year">2018-09-19</SimpleData>
                        <SimpleData name="notes">&lt;small&gt;&lt;table border=1&gt;&lt;tr&gt;&lt;th&gt;instrument&lt;/th&gt;&lt;th&gt;type&lt;/th&gt;&lt;th&gt;deploy date&lt;/th&gt;&lt;th&gt;last download&lt;/th&gt;&lt;th&gt;recovery date&lt;/th&gt;&lt;th&gt;downloads&lt;/th&gt;&lt;th&gt;offset&lt;/th&gt;&lt;/tr&gt;&lt;tr&gt;&lt;td&gt;VR2&lt;/td&gt;&lt;td align=center nowrap&gt;Acoustic&lt;/td&gt;&lt;td align=center nowrap&gt;2009-04-14&lt;/td&gt;&lt;td align=center nowrap&gt;-&lt;/td&gt;&lt;td align=center nowrap&gt;2009-09-29&lt;/td&gt;&lt;td align=center nowrap&gt;-&lt;/td&gt;&lt;td align=center nowrap&gt;8.4 m&lt;/td&gt;&lt;/tr&gt;&lt;tr&gt;&lt;td&gt;VR2&lt;/td&gt;&lt;td align=center nowrap&gt;Acoustic&lt;/td&gt;&lt;td align=center nowrap&gt;2009-09-29&lt;/td&gt;&lt;td align=center nowrap&gt;-&lt;/td&gt;&lt;td align=center nowrap&gt;2010-07-29&lt;/td&gt;&lt;td align=center nowrap&gt;-&lt;/td&gt;&lt;td align=center nowrap&gt;8.4 m&lt;/td&gt;&lt;/tr&gt;&lt;tr&gt;&lt;td&gt;VR2W&lt;/td&gt;&lt;td align=center nowrap&gt;Acoustic&lt;/td&gt;&lt;td align=center nowrap&gt;2010-07-29&lt;/td&gt;&lt;td align=center nowrap&gt;-&lt;/td&gt;&lt;td align=center nowrap&gt;2011-07-14&lt;/td&gt;&lt;td align=center nowrap&gt;-&lt;/td&gt;&lt;td align=center nowrap&gt;8.4 m&lt;/td&gt;&lt;/tr&gt;&lt;tr&gt;&lt;td&gt;VR2W&lt;/td&gt;&lt;td align=center nowrap&gt;Acoustic&lt;/td&gt;&lt;td align=center nowrap&gt;2011-07-14&lt;/td&gt;&lt;td align=center nowrap&gt;2013-02-02&lt;/td&gt;&lt;td align=center nowrap&gt;2012-08-28&lt;/td&gt;&lt;td align=center nowrap&gt;2&lt;/td&gt;&lt;td align=center nowrap&gt;8.4 m&lt;/td&gt;&lt;/tr&gt;&lt;tr&gt;&lt;td&gt;VR2W&lt;/td&gt;&lt;td align=center nowrap&gt;Acoustic&lt;/td&gt;&lt;td align=center nowrap&gt;2012-08-27&lt;/td&gt;&lt;td align=center nowrap&gt;2016-09-14&lt;/td&gt;&lt;td align=center nowrap&gt;2016-09-06&lt;/td&gt;&lt;td align=center nowrap&gt;1&lt;/td&gt;&lt;td align=center nowrap&gt;0.0 m&lt;/td&gt;&lt;/tr&gt;&lt;tr&gt;&lt;td&gt;VR2W&lt;/td&gt;&lt;td align=center nowrap&gt;Acoustic&lt;/td&gt;&lt;td align=center nowrap&gt;2014-05-21&lt;/td&gt;&lt;td align=center nowrap&gt;2016-09-14&lt;/td&gt;&lt;td align=center nowrap&gt;2016-09-06&lt;/td&gt;&lt;td align=center nowrap&gt;1&lt;/td&gt;&lt;td align=center nowrap&gt;8.4 m&lt;/td&gt;&lt;/tr&gt;&lt;tr&gt;&lt;td&gt;VR2W&lt;/td&gt;&lt;td align=center nowrap&gt;Acoustic&lt;/td&gt;&lt;td align=center nowrap&gt;2016-09-06&lt;/td&gt;&lt;td align=center nowrap&gt;2017-11-07&lt;/td&gt;&lt;td align=center nowrap&gt;2017-11-03&lt;/td&gt;&lt;td align=center nowrap&gt;1&lt;/td&gt;&lt;td align=center nowrap&gt;8.4 m&lt;/td&gt;&lt;/tr&gt;&lt;tr&gt;&lt;td&gt;VR2W&lt;/td&gt;&lt;td align=center nowrap&gt;Acoustic&lt;/td&gt;&lt;td align=center nowrap&gt;2017-11-03&lt;/td&gt;&lt;td align=center nowrap&gt;2018-09-20&lt;/td&gt;&lt;td align=center nowrap&gt;2018-09-19&lt;/td&gt;&lt;td align=center nowrap&gt;1&lt;/td&gt;&lt;td align=center nowrap&gt;8.4 m&lt;/td&gt;&lt;/tr&gt;&lt;/table&gt;&lt;/small&gt;</SimpleData>
                    </SchemaData>
                </ExtendedData>
                <Point>
                    <coordinates>-157.81978,21.46295</coordinates>
                </Point>
            </Placemark>
            <Placemark id="stations_series.fid--2e4a691_19d8297c619_-3cc5">
                <ExtendedData>
                    <SchemaData schemaUrl="#stations_series_1">
                        <SimpleData name="collectioncode">PIRAT.PFRL</SimpleData>
                        <SimpleData name="seriescode">PIRAT</SimpleData>
                        <SimpleData name="ocean">MID PACIFIC</SimpleData>
                        <SimpleData name="station_name">FFS TRIG SHALLOW 8</SimpleData>
                        <SimpleData name="station_type">Acoustic</SimpleData>
                        <SimpleData name="latitude">23.87117</SimpleData>
                        <SimpleData name="longitude">-166.2422</SimpleData>
                        <SimpleData name="depth">unknown</SimpleData>
                        <SimpleData name="stationstatus">active</SimpleData>
                        <SimpleData name="stationclass">deployed</SimpleData>
                        <SimpleData name="first_year">2009-05-24</SimpleData>
                        <SimpleData name="last_year">2012-09-01</SimpleData>
                        <SimpleData name="notes">&lt;small&gt;&lt;table border=1&gt;&lt;tr&gt;&lt;th&gt;instrument&lt;/th&gt;&lt;th&gt;type&lt;/th&gt;&lt;th&gt;deploy date&lt;/th&gt;&lt;th&gt;last download&lt;/th&gt;&lt;th&gt;recovery date&lt;/th&gt;&lt;th&gt;downloads&lt;/th&gt;&lt;th&gt;offset&lt;/th&gt;&lt;/tr&gt;&lt;tr&gt;&lt;td&gt;VR2W&lt;/td&gt;&lt;td align=center nowrap&gt;Acoustic&lt;/td&gt;&lt;td align=center nowrap&gt;2009-05-24&lt;/td&gt;&lt;td align=center nowrap&gt;-&lt;/td&gt;&lt;td align=center nowrap&gt;2010-05-14&lt;/td&gt;&lt;td align=center nowrap&gt;-&lt;/td&gt;&lt;td align=center nowrap&gt;0.0 m&lt;/td&gt;&lt;/tr&gt;&lt;tr&gt;&lt;td&gt;VR2W&lt;/td&gt;&lt;td align=center nowrap&gt;Acoustic&lt;/td&gt;&lt;td align=center nowrap&gt;2010-05-14&lt;/td&gt;&lt;td align=center nowrap&gt;-&lt;/td&gt;&lt;td align=center nowrap&gt;2011-09-19&lt;/td&gt;&lt;td align=center nowrap&gt;-&lt;/td&gt;&lt;td align=center nowrap&gt;0.0 m&lt;/td&gt;&lt;/tr&gt;&lt;tr&gt;&lt;td&gt;VR2W&lt;/td&gt;&lt;td align=center nowrap&gt;Acoustic&lt;/td&gt;&lt;td align=center nowrap&gt;2011-09-19&lt;/td&gt;&lt;td align=center nowrap&gt;2015-08-27&lt;/td&gt;&lt;td align=center nowrap&gt;2012-09-01&lt;/td&gt;&lt;td align=center nowrap&gt;2&lt;/td&gt;&lt;td align=center nowrap&gt;0.0 m&lt;/td&gt;&lt;/tr&gt;&lt;/table&gt;&lt;/small&gt;</SimpleData>
                    </SchemaData>
                </ExtendedData>
                <Point>
                    <coordinates>-166.2422,23.87117</coordinates>
                </Point>
            </Placemark>
            <Placemark id="stations_series.fid--2e4a691_19d8297c619_-3cc4">
                <ExtendedData>
                    <SchemaData schemaUrl="#stations_series_1">
                        <SimpleData name="collectioncode">PIRAT.PFRL</SimpleData>
                        <SimpleData name="seriescode">PIRAT</SimpleData>
                        <SimpleData name="ocean">MID PACIFIC</SimpleData>
                        <SimpleData name="station_name">FFS BIG GIN POINT</SimpleData>
                        <SimpleData name="station_type">Acoustic</SimpleData>
                        <SimpleData name="latitude">23.73542</SimpleData>
                        <SimpleData name="longitude">-166.16696</SimpleData>
                        <SimpleData name="depth">unknown</SimpleData>
                        <SimpleData name="stationstatus">active</SimpleData>
                        <SimpleData name="stationclass">deployed</SimpleData>
                        <SimpleData name="first_year">2009-07-02</SimpleData>
                        <SimpleData name="last_year">2016-08-31</SimpleData>
                        <SimpleData name="notes">&lt;small&gt;&lt;table border=1&gt;&lt;tr&gt;&lt;th&gt;instrument&lt;/th&gt;&lt;th&gt;type&lt;/th&gt;&lt;th&gt;deploy date&lt;/th&gt;&lt;th&gt;last download&lt;/th&gt;&lt;th&gt;recovery date&lt;/th&gt;&lt;th&gt;downloads&lt;/th&gt;&lt;th&gt;offset&lt;/th&gt;&lt;/tr&gt;&lt;tr&gt;&lt;td&gt;VR2&lt;/td&gt;&lt;td align=center nowrap&gt;Acoustic&lt;/td&gt;&lt;td align=center nowrap&gt;2009-07-02&lt;/td&gt;&lt;td align=center nowrap&gt;-&lt;/td&gt;&lt;td align=center nowrap&gt;2010-05-14&lt;/td&gt;&lt;td align=center nowrap&gt;-&lt;/td&gt;&lt;td align=center nowrap&gt;0.0 m&lt;/td&gt;&lt;/tr&gt;&lt;tr&gt;&lt;td&gt;VR2W&lt;/td&gt;&lt;td align=center nowrap&gt;Acoustic&lt;/td&gt;&lt;td align=center nowrap&gt;2010-05-14&lt;/td&gt;&lt;td align=center nowrap&gt;-&lt;/td&gt;&lt;td align=center nowrap&gt;2016-08-31&lt;/td&gt;&lt;td align=center nowrap&gt;-&lt;/td&gt;&lt;td align=center nowrap&gt;50.0 m&lt;/td&gt;&lt;/tr&gt;&lt;/table&gt;&lt;/small&gt;</SimpleData>
                    </SchemaData>
                </ExtendedData>
                <Point>
                    <coordinates>-166.16696,23.73542</coordinates>
                </Point>
            </Placemark>
            <Placemark id="stations_series.fid--2e4a691_19d8297c619_-3cc3">
                <ExtendedData>
                    <SchemaData schemaUrl="#stations_series_1">
                        <SimpleData name="collectioncode">PIRAT.PFRL</SimpleData>
                        <SimpleData name="seriescode">PIRAT</SimpleData>
                        <SimpleData name="ocean">MID PACIFIC</SimpleData>
                        <SimpleData name="station_name">KBAY GREEN BUOY 23</SimpleData>
                        <SimpleData name="station_type">Acoustic</SimpleData>
                        <SimpleData name="latitude">21.44778</SimpleData>
                        <SimpleData name="longitude">-157.79155</SimpleData>
                        <SimpleData name="depth">unknown</SimpleData>
                        <SimpleData name="stationstatus">active</SimpleData>
                        <SimpleData name="stationclass">deployed</SimpleData>
                        <SimpleData name="first_year">2014-05-21</SimpleData>
                        <SimpleData name="last_year">2018-09-20</SimpleData>
                        <SimpleData name="notes">&lt;small&gt;&lt;table border=1&gt;&lt;tr&gt;&lt;th&gt;instrument&lt;/th&gt;&lt;th&gt;type&lt;/th&gt;&lt;th&gt;deploy date&lt;/th&gt;&lt;th&gt;last download&lt;/th&gt;&lt;th&gt;recovery date&lt;/th&gt;&lt;th&gt;downloads&lt;/th&gt;&lt;th&gt;offset&lt;/th&gt;&lt;/tr&gt;&lt;tr&gt;&lt;td&gt;VR2W&lt;/td&gt;&lt;td align=center nowrap&gt;Acoustic&lt;/td&gt;&lt;td align=center nowrap&gt;2014-05-21&lt;/td&gt;&lt;td align=center nowrap&gt;2016-09-14&lt;/td&gt;&lt;td align=center nowrap&gt;2016-08-30&lt;/td&gt;&lt;td align=center nowrap&gt;1&lt;/td&gt;&lt;td align=center nowrap&gt;0.0 m&lt;/td&gt;&lt;/tr&gt;&lt;tr&gt;&lt;td&gt;VR2W&lt;/td&gt;&lt;td align=center nowrap&gt;Acoustic&lt;/td&gt;&lt;td align=center nowrap&gt;2016-08-30&lt;/td&gt;&lt;td align=center nowrap&gt;2017-11-07&lt;/td&gt;&lt;td align=center nowrap&gt;2017-11-03&lt;/td&gt;&lt;td align=center nowrap&gt;1&lt;/td&gt;&lt;td align=center nowrap&gt;0.0 m&lt;/td&gt;&lt;/tr&gt;&lt;tr&gt;&lt;td&gt;VR2W&lt;/td&gt;&lt;td align=center nowrap&gt;Acoustic&lt;/td&gt;&lt;td align=center nowrap&gt;2017-11-03&lt;/td&gt;&lt;td align=center nowrap&gt;2018-09-20&lt;/td&gt;&lt;td align=center nowrap&gt;2018-09-20&lt;/td&gt;&lt;td align=center nowrap&gt;1&lt;/td&gt;&lt;td align=center nowrap&gt;0.0 m&lt;/td&gt;&lt;/tr&gt;&lt;/table&gt;&lt;/small&gt;</SimpleData>
                    </SchemaData>
                </ExtendedData>
                <Point>
                    <coordinates>-157.79155,21.44778</coordinates>
                </Point>
            </Placemark>
            <Placemark id="stations_series.fid--2e4a691_19d8297c619_-3cc2">
                <ExtendedData>
                    <SchemaData schemaUrl="#stations_series_1">
                        <SimpleData name="collectioncode">PIRAT.PFRL</SimpleData>
                        <SimpleData name="seriescode">PIRAT</SimpleData>
                        <SimpleData name="ocean">MID PACIFIC</SimpleData>
                        <SimpleData name="station_name">FFS NORTH OF TRIG</SimpleData>
                        <SimpleData name="station_type">Acoustic</SimpleData>
                        <SimpleData name="latitude">23.88609</SimpleData>
                        <SimpleData name="longitude">-166.22641</SimpleData>
                        <SimpleData name="depth">unknown</SimpleData>
                        <SimpleData name="stationstatus">active</SimpleData>
                        <SimpleData name="stationclass">deployed</SimpleData>
                        <SimpleData name="first_year">2009-07-03</SimpleData>
                        <SimpleData name="last_year">2013-05-27</SimpleData>
                        <SimpleData name="notes">&lt;small&gt;&lt;table border=1&gt;&lt;tr&gt;&lt;th&gt;instrument&lt;/th&gt;&lt;th&gt;type&lt;/th&gt;&lt;th&gt;deploy date&lt;/th&gt;&lt;th&gt;last download&lt;/th&gt;&lt;th&gt;recovery date&lt;/th&gt;&lt;th&gt;downloads&lt;/th&gt;&lt;th&gt;offset&lt;/th&gt;&lt;/tr&gt;&lt;tr&gt;&lt;td&gt;VR2W&lt;/td&gt;&lt;td align=center nowrap&gt;Acoustic&lt;/td&gt;&lt;td align=center nowrap&gt;2009-07-03&lt;/td&gt;&lt;td align=center nowrap&gt;-&lt;/td&gt;&lt;td align=center nowrap&gt;2010-05-29&lt;/td&gt;&lt;td align=center nowrap&gt;-&lt;/td&gt;&lt;td align=center nowrap&gt;0.0 m&lt;/td&gt;&lt;/tr&gt;&lt;tr&gt;&lt;td&gt;VR2W&lt;/td&gt;&lt;td align=center nowrap&gt;Acoustic&lt;/td&gt;&lt;td align=center nowrap&gt;2010-05-29&lt;/td&gt;&lt;td align=center nowrap&gt;-&lt;/td&gt;&lt;td align=center nowrap&gt;2011-09-19&lt;/td&gt;&lt;td align=center nowrap&gt;-&lt;/td&gt;&lt;td align=center nowrap&gt;0.0 m&lt;/td&gt;&lt;/tr&gt;&lt;tr&gt;&lt;td&gt;VR2W&lt;/td&gt;&lt;td align=center nowrap&gt;Acoustic&lt;/td&gt;&lt;td align=center nowrap&gt;2011-09-19&lt;/td&gt;&lt;td align=center nowrap&gt;-&lt;/td&gt;&lt;td align=center nowrap&gt;2012-07-28&lt;/td&gt;&lt;td align=center nowrap&gt;-&lt;/td&gt;&lt;td align=center nowrap&gt;0.0 m&lt;/td&gt;&lt;/tr&gt;&lt;tr&gt;&lt;td&gt;VR2W&lt;/td&gt;&lt;td align=center nowrap&gt;Acoustic&lt;/td&gt;&lt;td align=center nowrap&gt;2012-07-28&lt;/td&gt;&lt;td align=center nowrap&gt;2013-06-13&lt;/td&gt;&lt;td align=center nowrap&gt;2013-05-27&lt;/td&gt;&lt;td align=center nowrap&gt;1&lt;/td&gt;&lt;td align=center nowrap&gt;10.8 m&lt;/td&gt;&lt;/tr&gt;&lt;/table&gt;&lt;/small&gt;</SimpleData>
                    </SchemaData>
                </ExtendedData>
                <Point>
                    <coordinates>-166.22641,23.88609</coordinates>
                </Point>
            </Placemark>
            <Placemark id="stations_series.fid--2e4a691_19d8297c619_-3cc1">
                <ExtendedData>
                    <SchemaData schemaUrl="#stations_series_1">
                        <SimpleData name="collectioncode">PIRAT.PFRL</SimpleData>
                        <SimpleData name="seriescode">PIRAT</SimpleData>
                        <SimpleData name="ocean">MID PACIFIC</SimpleData>
                        <SimpleData name="station_name">KONA VILLAGE RESORT</SimpleData>
                        <SimpleData name="station_type">Acoustic</SimpleData>
                        <SimpleData name="latitude">19.83627</SimpleData>
                        <SimpleData name="longitude">-155.98648</SimpleData>
                        <SimpleData name="depth">unknown</SimpleData>
                        <SimpleData name="stationstatus">active</SimpleData>
                        <SimpleData name="stationclass">deployed</SimpleData>
                        <SimpleData name="first_year">2002-11-29</SimpleData>
                        <SimpleData name="last_year">2012-03-20</SimpleData>
                        <SimpleData name="notes">&lt;small&gt;&lt;table border=1&gt;&lt;tr&gt;&lt;th&gt;instrument&lt;/th&gt;&lt;th&gt;type&lt;/th&gt;&lt;th&gt;deploy date&lt;/th&gt;&lt;th&gt;last download&lt;/th&gt;&lt;th&gt;recovery date&lt;/th&gt;&lt;th&gt;downloads&lt;/th&gt;&lt;th&gt;offset&lt;/th&gt;&lt;/tr&gt;&lt;tr&gt;&lt;td&gt;VR2&lt;/td&gt;&lt;td align=center nowrap&gt;Acoustic&lt;/td&gt;&lt;td align=center nowrap&gt;2002-11-29&lt;/td&gt;&lt;td align=center nowrap&gt;-&lt;/td&gt;&lt;td align=center nowrap&gt;2002-12-19&lt;/td&gt;&lt;td align=center nowrap&gt;-&lt;/td&gt;&lt;td align=center nowrap&gt;0.0 m&lt;/td&gt;&lt;/tr&gt;&lt;tr&gt;&lt;td&gt;VR2&lt;/td&gt;&lt;td align=center nowrap&gt;Acoustic&lt;/td&gt;&lt;td align=center nowrap&gt;2002-12-19&lt;/td&gt;&lt;td align=center nowrap&gt;-&lt;/td&gt;&lt;td align=center nowrap&gt;2003-01-31&lt;/td&gt;&lt;td align=center nowrap&gt;-&lt;/td&gt;&lt;td align=center nowrap&gt;0.0 m&lt;/td&gt;&lt;/tr&gt;&lt;tr&gt;&lt;td&gt;VR2&lt;/td&gt;&lt;td align=center nowrap&gt;Acoustic&lt;/td&gt;&lt;td align=center nowrap&gt;2003-01-31&lt;/td&gt;&lt;td align=center nowrap&gt;-&lt;/td&gt;&lt;td align=center nowrap&gt;2003-03-04&lt;/td&gt;&lt;td align=center nowrap&gt;-&lt;/td&gt;&lt;td align=center nowrap&gt;1073.5 m&lt;/td&gt;&lt;/tr&gt;&lt;tr&gt;&lt;td&gt;VR2&lt;/td&gt;&lt;td align=center nowrap&gt;Acoustic&lt;/td&gt;&lt;td align=center nowrap&gt;2003-03-04&lt;/td&gt;&lt;td align=center nowrap&gt;-&lt;/td&gt;&lt;td align=center nowrap&gt;2003-03-24&lt;/td&gt;&lt;td align=center nowrap&gt;-&lt;/td&gt;&lt;td align=center nowrap&gt;1073.5 m&lt;/td&gt;&lt;/tr&gt;&lt;tr&gt;&lt;td&gt;VR2&lt;/td&gt;&lt;td align=center nowrap&gt;Acoustic&lt;/td&gt;&lt;td align=center nowrap&gt;2003-03-24&lt;/td&gt;&lt;td align=center nowrap&gt;-&lt;/td&gt;&lt;td align=center nowrap&gt;2003-06-01&lt;/td&gt;&lt;td align=center nowrap&gt;-&lt;/td&gt;&lt;td align=center nowrap&gt;1073.5 m&lt;/td&gt;&lt;/tr&gt;&lt;tr&gt;&lt;td&gt;VR2&lt;/td&gt;&lt;td align=center nowrap&gt;Acoustic&lt;/td&gt;&lt;td align=center nowrap&gt;2003-06-01&lt;/td&gt;&lt;td align=center nowrap&gt;-&lt;/td&gt;&lt;td align=center nowrap&gt;2003-06-03&lt;/td&gt;&lt;td align=center nowrap&gt;-&lt;/td&gt;&lt;td align=center nowrap&gt;1073.5 m&lt;/td&gt;&lt;/tr&gt;&lt;tr&gt;&lt;td&gt;VR2&lt;/td&gt;&lt;td align=center nowrap&gt;Acoustic&lt;/td&gt;&lt;td align=center nowrap&gt;2003-06-03&lt;/td&gt;&lt;td align=center nowrap&gt;-&lt;/td&gt;&lt;td align=center nowrap&gt;2003-06-15&lt;/td&gt;&lt;td align=center nowrap&gt;-&lt;/td&gt;&lt;td align=center nowrap&gt;1073.5 m&lt;/td&gt;&lt;/tr&gt;&lt;tr&gt;&lt;td&gt;VR2&lt;/td&gt;&lt;td align=center nowrap&gt;Acoustic&lt;/td&gt;&lt;td align=center nowrap&gt;2003-06-15&lt;/td&gt;&lt;td align=center nowrap&gt;-&lt;/td&gt;&lt;td align=center nowrap&gt;2003-08-19&lt;/td&gt;&lt;td align=center nowrap&gt;-&lt;/td&gt;&lt;td align=center nowrap&gt;1073.5 m&lt;/td&gt;&lt;/tr&gt;&lt;tr&gt;&lt;td&gt;VR2&lt;/td&gt;&lt;td align=center nowrap&gt;Acoustic&lt;/td&gt;&lt;td align=center nowrap&gt;2003-08-19&lt;/td&gt;&lt;td align=center nowrap&gt;-&lt;/td&gt;&lt;td align=center nowrap&gt;2003-12-06&lt;/td&gt;&lt;td align=center nowrap&gt;-&lt;/td&gt;&lt;td align=center nowrap&gt;1073.5 m&lt;/td&gt;&lt;/tr&gt;&lt;tr&gt;&lt;td&gt;VR2&lt;/td&gt;&lt;td align=center nowrap&gt;Acoustic&lt;/td&gt;&lt;td align=center nowrap&gt;2003-12-06&lt;/td&gt;&lt;td align=center nowrap&gt;-&lt;/td&gt;&lt;td align=center nowrap&gt;2005-01-04&lt;/td&gt;&lt;td align=center nowrap&gt;-&lt;/td&gt;&lt;td align=center nowrap&gt;1073.5 m&lt;/td&gt;&lt;/tr&gt;&lt;tr&gt;&lt;td&gt;VR2&lt;/td&gt;&lt;td align=center nowrap&gt;Acoustic&lt;/td&gt;&lt;td align=center nowrap&gt;2005-01-04&lt;/td&gt;&lt;td align=center nowrap&gt;-&lt;/td&gt;&lt;td align=center nowrap&gt;2005-07-26&lt;/td&gt;&lt;td align=center nowrap&gt;-&lt;/td&gt;&lt;td align=center nowrap&gt;1073.5 m&lt;/td&gt;&lt;/tr&gt;&lt;tr&gt;&lt;td&gt;VR2&lt;/td&gt;&lt;td align=center nowrap&gt;Acoustic&lt;/td&gt;&lt;td align=center nowrap&gt;2005-07-27&lt;/td&gt;&lt;td align=center nowrap&gt;-&lt;/td&gt;&lt;td align=center nowrap&gt;2006-01-05&lt;/td&gt;&lt;td align=center nowrap&gt;-&lt;/td&gt;&lt;td align=center nowrap&gt;1073.5 m&lt;/td&gt;&lt;/tr&gt;&lt;tr&gt;&lt;td&gt;VR2&lt;/td&gt;&lt;td align=center nowrap&gt;Acoustic&lt;/td&gt;&lt;td align=center nowrap&gt;2006-01-05&lt;/td&gt;&lt;td align=center nowrap&gt;-&lt;/td&gt;&lt;td align=center nowrap&gt;2006-09-05&lt;/td&gt;&lt;td align=center nowrap&gt;-&lt;/td&gt;&lt;td align=center nowrap&gt;1073.5 m&lt;/td&gt;&lt;/tr&gt;&lt;tr&gt;&lt;td&gt;VR2&lt;/td&gt;&lt;td align=center nowrap&gt;Acoustic&lt;/td&gt;&lt;td align=center nowrap&gt;2006-09-05&lt;/td&gt;&lt;td align=center nowrap&gt;-&lt;/td&gt;&lt;td align=center nowrap&gt;2007-06-17&lt;/td&gt;&lt;td align=center nowrap&gt;-&lt;/td&gt;&lt;td align=center nowrap&gt;1073.5 m&lt;/td&gt;&lt;/tr&gt;&lt;tr&gt;&lt;td&gt;VR2&lt;/td&gt;&lt;td align=center nowrap&gt;Acoustic&lt;/td&gt;&lt;td align=center nowrap&gt;2007-06-17&lt;/td&gt;&lt;td align=center nowrap&gt;-&lt;/td&gt;&lt;td align=center nowrap&gt;2008-02-16&lt;/td&gt;&lt;td align=center nowrap&gt;-&lt;/td&gt;&lt;td align=center nowrap&gt;1073.5 m&lt;/td&gt;&lt;/tr&gt;&lt;tr&gt;&lt;td&gt;VR2&lt;/td&gt;&lt;td align=center nowrap&gt;Acoustic&lt;/td&gt;&lt;td align=center nowrap&gt;2008-02-16&lt;/td&gt;&lt;td align=center nowrap&gt;-&lt;/td&gt;&lt;td align=center nowrap&gt;2008-08-19&lt;/td&gt;&lt;td align=center nowrap&gt;-&lt;/td&gt;&lt;td align=center nowrap&gt;1073.5 m&lt;/td&gt;&lt;/tr&gt;&lt;tr&gt;&lt;td&gt;VR2&lt;/td&gt;&lt;td align=center nowrap&gt;Acoustic&lt;/td&gt;&lt;td align=center nowrap&gt;2008-08-19&lt;/td&gt;&lt;td align=center nowrap&gt;-&lt;/td&gt;&lt;td align=center nowrap&gt;2009-09-10&lt;/td&gt;&lt;td align=center nowrap&gt;-&lt;/td&gt;&lt;td align=center nowrap&gt;1073.5 m&lt;/td&gt;&lt;/tr&gt;&lt;tr&gt;&lt;td&gt;VR2&lt;/td&gt;&lt;td align=center nowrap&gt;Acoustic&lt;/td&gt;&lt;td align=center nowrap&gt;2009-09-10&lt;/td&gt;&lt;td align=center nowrap&gt;-&lt;/td&gt;&lt;td align=center nowrap&gt;2010-12-17&lt;/td&gt;&lt;td align=center nowrap&gt;-&lt;/td&gt;&lt;td align=center nowrap&gt;1073.5 m&lt;/td&gt;&lt;/tr&gt;&lt;tr&gt;&lt;td&gt;VR2W&lt;/td&gt;&lt;td align=center nowrap&gt;Acoustic&lt;/td&gt;&lt;td align=center nowrap&gt;2010-12-17&lt;/td&gt;&lt;td align=center nowrap&gt;-&lt;/td&gt;&lt;td align=center nowrap&gt;2012-03-20&lt;/td&gt;&lt;td align=center nowrap&gt;-&lt;/td&gt;&lt;td align=center nowrap&gt;1073.5 m&lt;/td&gt;&lt;/tr&gt;&lt;/table&gt;&lt;/small&gt;</SimpleData>
                    </SchemaData>
                </ExtendedData>
                <Point>
                    <coordinates>-155.98648,19.83627</coordinates>
                </Point>
            </Placemark>
            <Placemark id="stations_series.fid--2e4a691_19d8297c619_-3cc0">
                <ExtendedData>
                    <SchemaData schemaUrl="#stations_series_1">
                        <SimpleData name="collectioncode">PIRAT.PFRL</SimpleData>
                        <SimpleData name="seriescode">PIRAT</SimpleData>
                        <SimpleData name="ocean">MID PACIFIC</SimpleData>
                        <SimpleData name="station_name">HIMB SOUTH EAST</SimpleData>
                        <SimpleData name="station_type">Acoustic</SimpleData>
                        <SimpleData name="latitude">21.43453</SimpleData>
                        <SimpleData name="longitude">-157.78382</SimpleData>
                        <SimpleData name="depth">unknown</SimpleData>
                        <SimpleData name="stationstatus">active</SimpleData>
                        <SimpleData name="stationclass">deployed</SimpleData>
                        <SimpleData name="first_year">2011-08-02</SimpleData>
                        <SimpleData name="last_year">2018-09-19</SimpleData>
                        <SimpleData name="notes">&lt;small&gt;&lt;table border=1&gt;&lt;tr&gt;&lt;th&gt;instrument&lt;/th&gt;&lt;th&gt;type&lt;/th&gt;&lt;th&gt;deploy date&lt;/th&gt;&lt;th&gt;last download&lt;/th&gt;&lt;th&gt;recovery date&lt;/th&gt;&lt;th&gt;downloads&lt;/th&gt;&lt;th&gt;offset&lt;/th&gt;&lt;/tr&gt;&lt;tr&gt;&lt;td&gt;VR2W&lt;/td&gt;&lt;td align=center nowrap&gt;Acoustic&lt;/td&gt;&lt;td align=center nowrap&gt;2011-08-02&lt;/td&gt;&lt;td align=center nowrap&gt;2014-08-13&lt;/td&gt;&lt;td align=center nowrap&gt;2014-08-12&lt;/td&gt;&lt;td align=center nowrap&gt;1&lt;/td&gt;&lt;td align=center nowrap&gt;0.0 m&lt;/td&gt;&lt;/tr&gt;&lt;tr&gt;&lt;td&gt;VR2W&lt;/td&gt;&lt;td align=center nowrap&gt;Acoustic&lt;/td&gt;&lt;td align=center nowrap&gt;2014-08-12&lt;/td&gt;&lt;td align=center nowrap&gt;2016-09-14&lt;/td&gt;&lt;td align=center nowrap&gt;2016-08-29&lt;/td&gt;&lt;td align=center nowrap&gt;1&lt;/td&gt;&lt;td align=center nowrap&gt;0.0 m&lt;/td&gt;&lt;/tr&gt;&lt;tr&gt;&lt;td&gt;VR2W&lt;/td&gt;&lt;td align=center nowrap&gt;Acoustic&lt;/td&gt;&lt;td align=center nowrap&gt;2016-08-30&lt;/td&gt;&lt;td align=center nowrap&gt;2017-11-07&lt;/td&gt;&lt;td align=center nowrap&gt;2017-11-03&lt;/td&gt;&lt;td align=center nowrap&gt;1&lt;/td&gt;&lt;td align=center nowrap&gt;0.0 m&lt;/td&gt;&lt;/tr&gt;&lt;tr&gt;&lt;td&gt;VR2W&lt;/td&gt;&lt;td align=center nowrap&gt;Acoustic&lt;/td&gt;&lt;td align=center nowrap&gt;2017-11-03&lt;/td&gt;&lt;td align=center nowrap&gt;2018-09-24&lt;/td&gt;&lt;td align=center nowrap&gt;2018-09-19&lt;/td&gt;&lt;td align=center nowrap&gt;1&lt;/td&gt;&lt;td align=center nowrap&gt;0.0 m&lt;/td&gt;&lt;/tr&gt;&lt;/table&gt;&lt;/small&gt;</SimpleData>
                    </SchemaData>
                </ExtendedData>
                <Point>
                    <coordinates>-157.78382,21.43453</coordinates>
                </Point>
            </Placemark>
            <Placemark id="stations_series.fid--2e4a691_19d8297c619_-3cbf">
                <ExtendedData>
                    <SchemaData schemaUrl="#stations_series_1">
                        <SimpleData name="collectioncode">PIRAT.PFRL</SimpleData>
                        <SimpleData name="seriescode">PIRAT</SimpleData>
                        <SimpleData name="ocean">MID PACIFIC</SimpleData>
                        <SimpleData name="station_name">FFS TRIG SHALLOW 2</SimpleData>
                        <SimpleData name="station_type">Acoustic</SimpleData>
                        <SimpleData name="latitude">23.87237</SimpleData>
                        <SimpleData name="longitude">-166.24432</SimpleData>
                        <SimpleData name="depth">unknown</SimpleData>
                        <SimpleData name="stationstatus">active</SimpleData>
                        <SimpleData name="stationclass">deployed</SimpleData>
                        <SimpleData name="first_year">2009-05-21</SimpleData>
                        <SimpleData name="last_year">2012-07-10</SimpleData>
                        <SimpleData name="notes">&lt;small&gt;&lt;table border=1&gt;&lt;tr&gt;&lt;th&gt;instrument&lt;/th&gt;&lt;th&gt;type&lt;/th&gt;&lt;th&gt;deploy date&lt;/th&gt;&lt;th&gt;last download&lt;/th&gt;&lt;th&gt;recovery date&lt;/th&gt;&lt;th&gt;downloads&lt;/th&gt;&lt;th&gt;offset&lt;/th&gt;&lt;/tr&gt;&lt;tr&gt;&lt;td&gt;VR2W&lt;/td&gt;&lt;td align=center nowrap&gt;Acoustic&lt;/td&gt;&lt;td align=center nowrap&gt;2009-05-21&lt;/td&gt;&lt;td align=center nowrap&gt;-&lt;/td&gt;&lt;td align=center nowrap&gt;2010-05-13&lt;/td&gt;&lt;td align=center nowrap&gt;-&lt;/td&gt;&lt;td align=center nowrap&gt;0.0 m&lt;/td&gt;&lt;/tr&gt;&lt;tr&gt;&lt;td&gt;VR2W&lt;/td&gt;&lt;td align=center nowrap&gt;Acoustic&lt;/td&gt;&lt;td align=center nowrap&gt;2010-05-13&lt;/td&gt;&lt;td align=center nowrap&gt;2013-08-15&lt;/td&gt;&lt;td align=center nowrap&gt;2011-09-19&lt;/td&gt;&lt;td align=center nowrap&gt;1&lt;/td&gt;&lt;td align=center nowrap&gt;0.0 m&lt;/td&gt;&lt;/tr&gt;&lt;tr&gt;&lt;td&gt;VR2&lt;/td&gt;&lt;td align=center nowrap&gt;Acoustic&lt;/td&gt;&lt;td align=center nowrap&gt;2011-09-19&lt;/td&gt;&lt;td align=center nowrap&gt;-&lt;/td&gt;&lt;td align=center nowrap&gt;2012-07-10&lt;/td&gt;&lt;td align=center nowrap&gt;-&lt;/td&gt;&lt;td align=center nowrap&gt;0.0 m&lt;/td&gt;&lt;/tr&gt;&lt;/table&gt;&lt;/small&gt;</SimpleData>
                    </SchemaData>
                </ExtendedData>
                <Point>
                    <coordinates>-166.24432,23.87237</coordinates>
                </Point>
            </Placemark>
            <Placemark id="stations_series.fid--2e4a691_19d8297c619_-3cbe">
                <ExtendedData>
                    <SchemaData schemaUrl="#stations_series_1">
                        <SimpleData name="collectioncode">PIRAT.PFRL</SimpleData>
                        <SimpleData name="seriescode">PIRAT</SimpleData>
                        <SimpleData name="ocean">MID PACIFIC</SimpleData>
                        <SimpleData name="station_name">LAYSAN WEST COVE CHANNEL</SimpleData>
                        <SimpleData name="station_type">Acoustic</SimpleData>
                        <SimpleData name="latitude">25.77395</SimpleData>
                        <SimpleData name="longitude">-171.74248</SimpleData>
                        <SimpleData name="depth">unknown</SimpleData>
                        <SimpleData name="stationstatus">active</SimpleData>
                        <SimpleData name="stationclass">deployed</SimpleData>
                        <SimpleData name="first_year">2006-09-10</SimpleData>
                        <SimpleData name="last_year">2007-07-25</SimpleData>
                        <SimpleData name="notes">&lt;small&gt;&lt;table border=1&gt;&lt;tr&gt;&lt;th&gt;instrument&lt;/th&gt;&lt;th&gt;type&lt;/th&gt;&lt;th&gt;deploy date&lt;/th&gt;&lt;th&gt;last download&lt;/th&gt;&lt;th&gt;recovery date&lt;/th&gt;&lt;th&gt;downloads&lt;/th&gt;&lt;th&gt;offset&lt;/th&gt;&lt;/tr&gt;&lt;tr&gt;&lt;td&gt;VR2&lt;/td&gt;&lt;td align=center nowrap&gt;Acoustic&lt;/td&gt;&lt;td align=center nowrap&gt;2006-09-10&lt;/td&gt;&lt;td align=center nowrap&gt;-&lt;/td&gt;&lt;td align=center nowrap&gt;2007-07-25&lt;/td&gt;&lt;td align=center nowrap&gt;-&lt;/td&gt;&lt;td align=center nowrap&gt;0.0 m&lt;/td&gt;&lt;/tr&gt;&lt;/table&gt;&lt;/small&gt;</SimpleData>
                    </SchemaData>
                </ExtendedData>
                <Point>
                    <coordinates>-171.74248,25.77395</coordinates>
                </Point>
            </Placemark>
            <Placemark id="stations_series.fid--2e4a691_19d8297c619_-3cbd">
                <ExtendedData>
                    <SchemaData schemaUrl="#stations_series_1">
                        <SimpleData name="collectioncode">PIRAT.PFRL</SimpleData>
                        <SimpleData name="seriescode">PIRAT</SimpleData>
                        <SimpleData name="ocean">MID PACIFIC</SimpleData>
                        <SimpleData name="station_name">NIHOA WEST SIDE</SimpleData>
                        <SimpleData name="station_type">Acoustic</SimpleData>
                        <SimpleData name="latitude">23.05985</SimpleData>
                        <SimpleData name="longitude">-161.93477</SimpleData>
                        <SimpleData name="depth">unknown</SimpleData>
                        <SimpleData name="stationstatus">active</SimpleData>
                        <SimpleData name="stationclass">deployed</SimpleData>
                        <SimpleData name="first_year">2007-07-09</SimpleData>
                        <SimpleData name="last_year">2009-08-09</SimpleData>
                        <SimpleData name="notes">&lt;small&gt;&lt;table border=1&gt;&lt;tr&gt;&lt;th&gt;instrument&lt;/th&gt;&lt;th&gt;type&lt;/th&gt;&lt;th&gt;deploy date&lt;/th&gt;&lt;th&gt;last download&lt;/th&gt;&lt;th&gt;recovery date&lt;/th&gt;&lt;th&gt;downloads&lt;/th&gt;&lt;th&gt;offset&lt;/th&gt;&lt;/tr&gt;&lt;tr&gt;&lt;td&gt;VR2&lt;/td&gt;&lt;td align=center nowrap&gt;Acoustic&lt;/td&gt;&lt;td align=center nowrap&gt;2007-07-09&lt;/td&gt;&lt;td align=center nowrap&gt;-&lt;/td&gt;&lt;td align=center nowrap&gt;2009-08-09&lt;/td&gt;&lt;td align=center nowrap&gt;-&lt;/td&gt;&lt;td align=center nowrap&gt;0.0 m&lt;/td&gt;&lt;/tr&gt;&lt;/table&gt;&lt;/small&gt;</SimpleData>
                    </SchemaData>
                </ExtendedData>
                <Point>
                    <coordinates>-161.93477,23.05985</coordinates>
                </Point>
            </Placemark>
            <Placemark id="stations_series.fid--2e4a691_19d8297c619_-3cbc">
                <ExtendedData>
                    <SchemaData schemaUrl="#stations_series_1">
                        <SimpleData name="collectioncode">PIRAT.PFRL</SimpleData>
                        <SimpleData name="seriescode">PIRAT</SimpleData>
                        <SimpleData name="ocean">MID PACIFIC</SimpleData>
                        <SimpleData name="station_name">HIMB SW WALL</SimpleData>
                        <SimpleData name="station_type">Acoustic</SimpleData>
                        <SimpleData name="latitude">21.43042</SimpleData>
                        <SimpleData name="longitude">-157.79013</SimpleData>
                        <SimpleData name="depth">unknown</SimpleData>
                        <SimpleData name="stationstatus">active</SimpleData>
                        <SimpleData name="stationclass">deployed</SimpleData>
                        <SimpleData name="first_year">2012-02-01</SimpleData>
                        <SimpleData name="last_year">2014-04-16</SimpleData>
                        <SimpleData name="notes">&lt;small&gt;&lt;table border=1&gt;&lt;tr&gt;&lt;th&gt;instrument&lt;/th&gt;&lt;th&gt;type&lt;/th&gt;&lt;th&gt;deploy date&lt;/th&gt;&lt;th&gt;last download&lt;/th&gt;&lt;th&gt;recovery date&lt;/th&gt;&lt;th&gt;downloads&lt;/th&gt;&lt;th&gt;offset&lt;/th&gt;&lt;/tr&gt;&lt;tr&gt;&lt;td&gt;VR2W&lt;/td&gt;&lt;td align=center nowrap&gt;Acoustic&lt;/td&gt;&lt;td align=center nowrap&gt;2012-02-01&lt;/td&gt;&lt;td align=center nowrap&gt;2012-11-03&lt;/td&gt;&lt;td align=center nowrap&gt;2012-11-02&lt;/td&gt;&lt;td align=center nowrap&gt;1&lt;/td&gt;&lt;td align=center nowrap&gt;0.0 m&lt;/td&gt;&lt;/tr&gt;&lt;tr&gt;&lt;td&gt;VR2W&lt;/td&gt;&lt;td align=center nowrap&gt;Acoustic&lt;/td&gt;&lt;td align=center nowrap&gt;2012-11-02&lt;/td&gt;&lt;td align=center nowrap&gt;2014-11-14&lt;/td&gt;&lt;td align=center nowrap&gt;2014-04-16&lt;/td&gt;&lt;td align=center nowrap&gt;1&lt;/td&gt;&lt;td align=center nowrap&gt;0.0 m&lt;/td&gt;&lt;/tr&gt;&lt;/table&gt;&lt;/small&gt;</SimpleData>
                    </SchemaData>
                </ExtendedData>
                <Point>
                    <coordinates>-157.79013,21.43042</coordinates>
                </Point>
            </Placemark>
            <Placemark id="stations_series.fid--2e4a691_19d8297c619_-3cbb">
                <ExtendedData>
                    <SchemaData schemaUrl="#stations_series_1">
                        <SimpleData name="collectioncode">PIRAT.PFRL</SimpleData>
                        <SimpleData name="seriescode">PIRAT</SimpleData>
                        <SimpleData name="ocean">MID PACIFIC</SimpleData>
                        <SimpleData name="station_name">MIDWAY FRIGATE POINT</SimpleData>
                        <SimpleData name="station_type">Acoustic</SimpleData>
                        <SimpleData name="latitude">28.19117</SimpleData>
                        <SimpleData name="longitude">-177.3945</SimpleData>
                        <SimpleData name="depth">unknown</SimpleData>
                        <SimpleData name="stationstatus">active</SimpleData>
                        <SimpleData name="stationclass">deployed</SimpleData>
                        <SimpleData name="first_year">2005-05-30</SimpleData>
                        <SimpleData name="last_year">2017-09-17</SimpleData>
                        <SimpleData name="notes">&lt;small&gt;&lt;table border=1&gt;&lt;tr&gt;&lt;th&gt;instrument&lt;/th&gt;&lt;th&gt;type&lt;/th&gt;&lt;th&gt;deploy date&lt;/th&gt;&lt;th&gt;last download&lt;/th&gt;&lt;th&gt;recovery date&lt;/th&gt;&lt;th&gt;downloads&lt;/th&gt;&lt;th&gt;offset&lt;/th&gt;&lt;/tr&gt;&lt;tr&gt;&lt;td&gt;VR2&lt;/td&gt;&lt;td align=center nowrap&gt;Acoustic&lt;/td&gt;&lt;td align=center nowrap&gt;2005-05-30&lt;/td&gt;&lt;td align=center nowrap&gt;-&lt;/td&gt;&lt;td align=center nowrap&gt;2005-09-27&lt;/td&gt;&lt;td align=center nowrap&gt;-&lt;/td&gt;&lt;td align=center nowrap&gt;0.0 m&lt;/td&gt;&lt;/tr&gt;&lt;tr&gt;&lt;td&gt;VR2&lt;/td&gt;&lt;td align=center nowrap&gt;Acoustic&lt;/td&gt;&lt;td align=center nowrap&gt;2005-09-29&lt;/td&gt;&lt;td align=center nowrap&gt;-&lt;/td&gt;&lt;td align=center nowrap&gt;2006-09-15&lt;/td&gt;&lt;td align=center nowrap&gt;-&lt;/td&gt;&lt;td align=center nowrap&gt;0.0 m&lt;/td&gt;&lt;/tr&gt;&lt;tr&gt;&lt;td&gt;VR2&lt;/td&gt;&lt;td align=center nowrap&gt;Acoustic&lt;/td&gt;&lt;td align=center nowrap&gt;2006-09-16&lt;/td&gt;&lt;td align=center nowrap&gt;-&lt;/td&gt;&lt;td align=center nowrap&gt;2007-07-21&lt;/td&gt;&lt;td align=center nowrap&gt;-&lt;/td&gt;&lt;td align=center nowrap&gt;0.0 m&lt;/td&gt;&lt;/tr&gt;&lt;tr&gt;&lt;td&gt;VR2&lt;/td&gt;&lt;td align=center nowrap&gt;Acoustic&lt;/td&gt;&lt;td align=center nowrap&gt;2007-07-22&lt;/td&gt;&lt;td align=center nowrap&gt;-&lt;/td&gt;&lt;td align=center nowrap&gt;2008-06-12&lt;/td&gt;&lt;td align=center nowrap&gt;-&lt;/td&gt;&lt;td align=center nowrap&gt;0.0 m&lt;/td&gt;&lt;/tr&gt;&lt;tr&gt;&lt;td&gt;VR2&lt;/td&gt;&lt;td align=center nowrap&gt;Acoustic&lt;/td&gt;&lt;td align=center nowrap&gt;2008-06-13&lt;/td&gt;&lt;td align=center nowrap&gt;-&lt;/td&gt;&lt;td align=center nowrap&gt;2009-06-22&lt;/td&gt;&lt;td align=center nowrap&gt;-&lt;/td&gt;&lt;td align=center nowrap&gt;0.0 m&lt;/td&gt;&lt;/tr&gt;&lt;tr&gt;&lt;td&gt;VR2W&lt;/td&gt;&lt;td align=center nowrap&gt;Acoustic&lt;/td&gt;&lt;td align=center nowrap&gt;2009-06-22&lt;/td&gt;&lt;td align=center nowrap&gt;-&lt;/td&gt;&lt;td align=center nowrap&gt;2010-05-23&lt;/td&gt;&lt;td align=center nowrap&gt;-&lt;/td&gt;&lt;td align=center nowrap&gt;0.0 m&lt;/td&gt;&lt;/tr&gt;&lt;tr&gt;&lt;td&gt;VR2W&lt;/td&gt;&lt;td align=center nowrap&gt;Acoustic&lt;/td&gt;&lt;td align=center nowrap&gt;2010-05-23&lt;/td&gt;&lt;td align=center nowrap&gt;2017-03-21&lt;/td&gt;&lt;td align=center nowrap&gt;2012-07-15&lt;/td&gt;&lt;td align=center nowrap&gt;1&lt;/td&gt;&lt;td align=center nowrap&gt;0.0 m&lt;/td&gt;&lt;/tr&gt;&lt;tr&gt;&lt;td&gt;VR2W&lt;/td&gt;&lt;td align=center nowrap&gt;Acoustic&lt;/td&gt;&lt;td align=center nowrap&gt;2012-07-15&lt;/td&gt;&lt;td align=center nowrap&gt;-&lt;/td&gt;&lt;td align=center nowrap&gt;2014-09-19&lt;/td&gt;&lt;td align=center nowrap&gt;-&lt;/td&gt;&lt;td align=center nowrap&gt;0.0 m&lt;/td&gt;&lt;/tr&gt;&lt;tr&gt;&lt;td&gt;VR2W&lt;/td&gt;&lt;td align=center nowrap&gt;Acoustic&lt;/td&gt;&lt;td align=center nowrap&gt;2014-08-22&lt;/td&gt;&lt;td align=center nowrap&gt;2015-09-20&lt;/td&gt;&lt;td align=center nowrap&gt;2015-09-19&lt;/td&gt;&lt;td align=center nowrap&gt;1&lt;/td&gt;&lt;td align=center nowrap&gt;0.0 m&lt;/td&gt;&lt;/tr&gt;&lt;tr&gt;&lt;td&gt;VR2W&lt;/td&gt;&lt;td align=center nowrap&gt;Acoustic&lt;/td&gt;&lt;td align=center nowrap&gt;2015-09-19&lt;/td&gt;&lt;td align=center nowrap&gt;2016-06-10&lt;/td&gt;&lt;td align=center nowrap&gt;2016-06-02&lt;/td&gt;&lt;td align=center nowrap&gt;1&lt;/td&gt;&lt;td align=center nowrap&gt;5.9 m&lt;/td&gt;&lt;/tr&gt;&lt;tr&gt;&lt;td&gt;VR2W&lt;/td&gt;&lt;td align=center nowrap&gt;Acoustic&lt;/td&gt;&lt;td align=center nowrap&gt;2016-06-02&lt;/td&gt;&lt;td align=center nowrap&gt;2017-10-30&lt;/td&gt;&lt;td align=center nowrap&gt;2017-09-17&lt;/td&gt;&lt;td align=center nowrap&gt;1&lt;/td&gt;&lt;td align=center nowrap&gt;5.9 m&lt;/td&gt;&lt;/tr&gt;&lt;/table&gt;&lt;/small&gt;</SimpleData>
                    </SchemaData>
                </ExtendedData>
                <Point>
                    <coordinates>-177.3945,28.19117</coordinates>
                </Point>
            </Placemark>
            <Placemark id="stations_series.fid--2e4a691_19d8297c619_-3cba">
                <ExtendedData>
                    <SchemaData schemaUrl="#stations_series_1">
                        <SimpleData name="collectioncode">PIRAT.PFRL</SimpleData>
                        <SimpleData name="seriescode">PIRAT</SimpleData>
                        <SimpleData name="ocean">MID PACIFIC</SimpleData>
                        <SimpleData name="station_name">HONAUNAU</SimpleData>
                        <SimpleData name="station_type">Acoustic</SimpleData>
                        <SimpleData name="latitude">19.42765</SimpleData>
                        <SimpleData name="longitude">-155.91982</SimpleData>
                        <SimpleData name="depth">unknown</SimpleData>
                        <SimpleData name="stationstatus">active</SimpleData>
                        <SimpleData name="stationclass">deployed</SimpleData>
                        <SimpleData name="first_year">2003-05-25</SimpleData>
                        <SimpleData name="last_year">2012-03-21</SimpleData>
                        <SimpleData name="notes">&lt;small&gt;&lt;table border=1&gt;&lt;tr&gt;&lt;th&gt;instrument&lt;/th&gt;&lt;th&gt;type&lt;/th&gt;&lt;th&gt;deploy date&lt;/th&gt;&lt;th&gt;last download&lt;/th&gt;&lt;th&gt;recovery date&lt;/th&gt;&lt;th&gt;downloads&lt;/th&gt;&lt;th&gt;offset&lt;/th&gt;&lt;/tr&gt;&lt;tr&gt;&lt;td&gt;VR2&lt;/td&gt;&lt;td align=center nowrap&gt;Acoustic&lt;/td&gt;&lt;td align=center nowrap&gt;2003-05-25&lt;/td&gt;&lt;td align=center nowrap&gt;-&lt;/td&gt;&lt;td align=center nowrap&gt;2003-12-14&lt;/td&gt;&lt;td align=center nowrap&gt;-&lt;/td&gt;&lt;td align=center nowrap&gt;0.0 m&lt;/td&gt;&lt;/tr&gt;&lt;tr&gt;&lt;td&gt;VR2&lt;/td&gt;&lt;td align=center nowrap&gt;Acoustic&lt;/td&gt;&lt;td align=center nowrap&gt;2003-12-14&lt;/td&gt;&lt;td align=center nowrap&gt;-&lt;/td&gt;&lt;td align=center nowrap&gt;2004-05-30&lt;/td&gt;&lt;td align=center nowrap&gt;-&lt;/td&gt;&lt;td align=center nowrap&gt;0.0 m&lt;/td&gt;&lt;/tr&gt;&lt;tr&gt;&lt;td&gt;VR2&lt;/td&gt;&lt;td align=center nowrap&gt;Acoustic&lt;/td&gt;&lt;td align=center nowrap&gt;2004-05-30&lt;/td&gt;&lt;td align=center nowrap&gt;-&lt;/td&gt;&lt;td align=center nowrap&gt;2004-12-30&lt;/td&gt;&lt;td align=center nowrap&gt;-&lt;/td&gt;&lt;td align=center nowrap&gt;0.0 m&lt;/td&gt;&lt;/tr&gt;&lt;tr&gt;&lt;td&gt;VR2&lt;/td&gt;&lt;td align=center nowrap&gt;Acoustic&lt;/td&gt;&lt;td align=center nowrap&gt;2004-12-30&lt;/td&gt;&lt;td align=center nowrap&gt;-&lt;/td&gt;&lt;td align=center nowrap&gt;2005-07-25&lt;/td&gt;&lt;td align=center nowrap&gt;-&lt;/td&gt;&lt;td align=center nowrap&gt;0.0 m&lt;/td&gt;&lt;/tr&gt;&lt;tr&gt;&lt;td&gt;VR2&lt;/td&gt;&lt;td align=center nowrap&gt;Acoustic&lt;/td&gt;&lt;td align=center nowrap&gt;2005-07-25&lt;/td&gt;&lt;td align=center nowrap&gt;-&lt;/td&gt;&lt;td align=center nowrap&gt;2005-12-11&lt;/td&gt;&lt;td align=center nowrap&gt;-&lt;/td&gt;&lt;td align=center nowrap&gt;0.0 m&lt;/td&gt;&lt;/tr&gt;&lt;tr&gt;&lt;td&gt;VR2&lt;/td&gt;&lt;td align=center nowrap&gt;Acoustic&lt;/td&gt;&lt;td align=center nowrap&gt;2005-12-11&lt;/td&gt;&lt;td align=center nowrap&gt;-&lt;/td&gt;&lt;td align=center nowrap&gt;2005-12-11&lt;/td&gt;&lt;td align=center nowrap&gt;-&lt;/td&gt;&lt;td align=center nowrap&gt;0.0 m&lt;/td&gt;&lt;/tr&gt;&lt;tr&gt;&lt;td&gt;VR2&lt;/td&gt;&lt;td align=center nowrap&gt;Acoustic&lt;/td&gt;&lt;td align=center nowrap&gt;2005-12-11&lt;/td&gt;&lt;td align=center nowrap&gt;-&lt;/td&gt;&lt;td align=center nowrap&gt;2006-06-28&lt;/td&gt;&lt;td align=center nowrap&gt;-&lt;/td&gt;&lt;td align=center nowrap&gt;0.0 m&lt;/td&gt;&lt;/tr&gt;&lt;tr&gt;&lt;td&gt;VR2&lt;/td&gt;&lt;td align=center nowrap&gt;Acoustic&lt;/td&gt;&lt;td align=center nowrap&gt;2006-06-28&lt;/td&gt;&lt;td align=center nowrap&gt;-&lt;/td&gt;&lt;td align=center nowrap&gt;2006-08-24&lt;/td&gt;&lt;td align=center nowrap&gt;-&lt;/td&gt;&lt;td align=center nowrap&gt;0.0 m&lt;/td&gt;&lt;/tr&gt;&lt;tr&gt;&lt;td&gt;VR2&lt;/td&gt;&lt;td align=center nowrap&gt;Acoustic&lt;/td&gt;&lt;td align=center nowrap&gt;2006-08-24&lt;/td&gt;&lt;td align=center nowrap&gt;-&lt;/td&gt;&lt;td align=center nowrap&gt;2007-05-15&lt;/td&gt;&lt;td align=center nowrap&gt;-&lt;/td&gt;&lt;td align=center nowrap&gt;0.0 m&lt;/td&gt;&lt;/tr&gt;&lt;tr&gt;&lt;td&gt;VR2&lt;/td&gt;&lt;td align=center nowrap&gt;Acoustic&lt;/td&gt;&lt;td align=center nowrap&gt;2007-05-16&lt;/td&gt;&lt;td align=center nowrap&gt;-&lt;/td&gt;&lt;td align=center nowrap&gt;2008-01-16&lt;/td&gt;&lt;td align=center nowrap&gt;-&lt;/td&gt;&lt;td align=center nowrap&gt;0.0 m&lt;/td&gt;&lt;/tr&gt;&lt;tr&gt;&lt;td&gt;VR2&lt;/td&gt;&lt;td align=center nowrap&gt;Acoustic&lt;/td&gt;&lt;td align=center nowrap&gt;2008-01-16&lt;/td&gt;&lt;td align=center nowrap&gt;-&lt;/td&gt;&lt;td align=center nowrap&gt;2008-02-11&lt;/td&gt;&lt;td align=center nowrap&gt;-&lt;/td&gt;&lt;td align=center nowrap&gt;0.0 m&lt;/td&gt;&lt;/tr&gt;&lt;tr&gt;&lt;td&gt;VR2&lt;/td&gt;&lt;td align=center nowrap&gt;Acoustic&lt;/td&gt;&lt;td align=center nowrap&gt;2008-02-11&lt;/td&gt;&lt;td align=center nowrap&gt;-&lt;/td&gt;&lt;td align=center nowrap&gt;2008-08-18&lt;/td&gt;&lt;td align=center nowrap&gt;-&lt;/td&gt;&lt;td align=center nowrap&gt;0.0 m&lt;/td&gt;&lt;/tr&gt;&lt;tr&gt;&lt;td&gt;VR2&lt;/td&gt;&lt;td align=center nowrap&gt;Acoustic&lt;/td&gt;&lt;td align=center nowrap&gt;2008-08-18&lt;/td&gt;&lt;td align=center nowrap&gt;-&lt;/td&gt;&lt;td align=center nowrap&gt;2009-09-09&lt;/td&gt;&lt;td align=center nowrap&gt;-&lt;/td&gt;&lt;td align=center nowrap&gt;0.0 m&lt;/td&gt;&lt;/tr&gt;&lt;tr&gt;&lt;td&gt;VR2W&lt;/td&gt;&lt;td align=center nowrap&gt;Acoustic&lt;/td&gt;&lt;td align=center nowrap&gt;2009-09-09&lt;/td&gt;&lt;td align=center nowrap&gt;-&lt;/td&gt;&lt;td align=center nowrap&gt;2010-12-19&lt;/td&gt;&lt;td align=center nowrap&gt;-&lt;/td&gt;&lt;td align=center nowrap&gt;0.0 m&lt;/td&gt;&lt;/tr&gt;&lt;tr&gt;&lt;td&gt;VR2W&lt;/td&gt;&lt;td align=center nowrap&gt;Acoustic&lt;/td&gt;&lt;td align=center nowrap&gt;2010-12-19&lt;/td&gt;&lt;td align=center nowrap&gt;-&lt;/td&gt;&lt;td align=center nowrap&gt;2012-03-21&lt;/td&gt;&lt;td align=center nowrap&gt;-&lt;/td&gt;&lt;td align=center nowrap&gt;0.0 m&lt;/td&gt;&lt;/tr&gt;&lt;/table&gt;&lt;/small&gt;</SimpleData>
                    </SchemaData>
                </ExtendedData>
                <Point>
                    <coordinates>-155.91982,19.42765</coordinates>
                </Point>
            </Placemark>
            <Placemark id="stations_series.fid--2e4a691_19d8297c619_-3cb9">
                <ExtendedData>
                    <SchemaData schemaUrl="#stations_series_1">
                        <SimpleData name="collectioncode">PIRAT.PFRL</SimpleData>
                        <SimpleData name="seriescode">PIRAT</SimpleData>
                        <SimpleData name="ocean">MID PACIFIC</SimpleData>
                        <SimpleData name="station_name">FFS TRIG SHALLOW 10</SimpleData>
                        <SimpleData name="station_type">Acoustic</SimpleData>
                        <SimpleData name="latitude">23.87135</SimpleData>
                        <SimpleData name="longitude">-166.24435</SimpleData>
                        <SimpleData name="depth">unknown</SimpleData>
                        <SimpleData name="stationstatus">active</SimpleData>
                        <SimpleData name="stationclass">deployed</SimpleData>
                        <SimpleData name="first_year">2009-05-21</SimpleData>
                        <SimpleData name="last_year">2012-07-10</SimpleData>
                        <SimpleData name="notes">&lt;small&gt;&lt;table border=1&gt;&lt;tr&gt;&lt;th&gt;instrument&lt;/th&gt;&lt;th&gt;type&lt;/th&gt;&lt;th&gt;deploy date&lt;/th&gt;&lt;th&gt;last download&lt;/th&gt;&lt;th&gt;recovery date&lt;/th&gt;&lt;th&gt;downloads&lt;/th&gt;&lt;th&gt;offset&lt;/th&gt;&lt;/tr&gt;&lt;tr&gt;&lt;td&gt;VR2W&lt;/td&gt;&lt;td align=center nowrap&gt;Acoustic&lt;/td&gt;&lt;td align=center nowrap&gt;2009-05-21&lt;/td&gt;&lt;td align=center nowrap&gt;-&lt;/td&gt;&lt;td align=center nowrap&gt;2010-05-13&lt;/td&gt;&lt;td align=center nowrap&gt;-&lt;/td&gt;&lt;td align=center nowrap&gt;0.0 m&lt;/td&gt;&lt;/tr&gt;&lt;tr&gt;&lt;td&gt;VR2&lt;/td&gt;&lt;td align=center nowrap&gt;Acoustic&lt;/td&gt;&lt;td align=center nowrap&gt;2010-05-13&lt;/td&gt;&lt;td align=center nowrap&gt;-&lt;/td&gt;&lt;td align=center nowrap&gt;2011-09-19&lt;/td&gt;&lt;td align=center nowrap&gt;-&lt;/td&gt;&lt;td align=center nowrap&gt;0.0 m&lt;/td&gt;&lt;/tr&gt;&lt;tr&gt;&lt;td&gt;VR2W&lt;/td&gt;&lt;td align=center nowrap&gt;Acoustic&lt;/td&gt;&lt;td align=center nowrap&gt;2011-09-19&lt;/td&gt;&lt;td align=center nowrap&gt;-&lt;/td&gt;&lt;td align=center nowrap&gt;2012-07-10&lt;/td&gt;&lt;td align=center nowrap&gt;-&lt;/td&gt;&lt;td align=center nowrap&gt;0.0 m&lt;/td&gt;&lt;/tr&gt;&lt;/table&gt;&lt;/small&gt;</SimpleData>
                    </SchemaData>
                </ExtendedData>
                <Point>
                    <coordinates>-166.24435,23.87135</coordinates>
                </Point>
            </Placemark>
            <Placemark id="stations_series.fid--2e4a691_19d8297c619_-3cb8">
                <ExtendedData>
                    <SchemaData schemaUrl="#stations_series_1">
                        <SimpleData name="collectioncode">PIRAT.PFRL</SimpleData>
                        <SimpleData name="seriescode">PIRAT</SimpleData>
                        <SimpleData name="ocean">MID PACIFIC</SimpleData>
                        <SimpleData name="station_name">FFS TRIG SHALLOW 3</SimpleData>
                        <SimpleData name="station_type">Acoustic</SimpleData>
                        <SimpleData name="latitude">23.8722</SimpleData>
                        <SimpleData name="longitude">-166.24353</SimpleData>
                        <SimpleData name="depth">unknown</SimpleData>
                        <SimpleData name="stationstatus">active</SimpleData>
                        <SimpleData name="stationclass">deployed</SimpleData>
                        <SimpleData name="first_year">2009-05-21</SimpleData>
                        <SimpleData name="last_year">2012-07-10</SimpleData>
                        <SimpleData name="notes">&lt;small&gt;&lt;table border=1&gt;&lt;tr&gt;&lt;th&gt;instrument&lt;/th&gt;&lt;th&gt;type&lt;/th&gt;&lt;th&gt;deploy date&lt;/th&gt;&lt;th&gt;last download&lt;/th&gt;&lt;th&gt;recovery date&lt;/th&gt;&lt;th&gt;downloads&lt;/th&gt;&lt;th&gt;offset&lt;/th&gt;&lt;/tr&gt;&lt;tr&gt;&lt;td&gt;VR2W&lt;/td&gt;&lt;td align=center nowrap&gt;Acoustic&lt;/td&gt;&lt;td align=center nowrap&gt;2009-05-21&lt;/td&gt;&lt;td align=center nowrap&gt;-&lt;/td&gt;&lt;td align=center nowrap&gt;2010-05-13&lt;/td&gt;&lt;td align=center nowrap&gt;-&lt;/td&gt;&lt;td align=center nowrap&gt;0.0 m&lt;/td&gt;&lt;/tr&gt;&lt;tr&gt;&lt;td&gt;VR2W&lt;/td&gt;&lt;td align=center nowrap&gt;Acoustic&lt;/td&gt;&lt;td align=center nowrap&gt;2010-05-13&lt;/td&gt;&lt;td align=center nowrap&gt;-&lt;/td&gt;&lt;td align=center nowrap&gt;2011-09-19&lt;/td&gt;&lt;td align=center nowrap&gt;-&lt;/td&gt;&lt;td align=center nowrap&gt;0.0 m&lt;/td&gt;&lt;/tr&gt;&lt;tr&gt;&lt;td&gt;VR2&lt;/td&gt;&lt;td align=center nowrap&gt;Acoustic&lt;/td&gt;&lt;td align=center nowrap&gt;2011-09-19&lt;/td&gt;&lt;td align=center nowrap&gt;-&lt;/td&gt;&lt;td align=center nowrap&gt;2012-07-10&lt;/td&gt;&lt;td align=center nowrap&gt;-&lt;/td&gt;&lt;td align=center nowrap&gt;0.0 m&lt;/td&gt;&lt;/tr&gt;&lt;/table&gt;&lt;/small&gt;</SimpleData>
                    </SchemaData>
                </ExtendedData>
                <Point>
                    <coordinates>-166.24353,23.8722</coordinates>
                </Point>
            </Placemark>
            <Placemark id="stations_series.fid--2e4a691_19d8297c619_-3cb7">
                <ExtendedData>
                    <SchemaData schemaUrl="#stations_series_1">
                        <SimpleData name="collectioncode">PIRAT.PFRL</SimpleData>
                        <SimpleData name="seriescode">PIRAT</SimpleData>
                        <SimpleData name="ocean">MID PACIFIC</SimpleData>
                        <SimpleData name="station_name">KAIWI PT MIDDLE</SimpleData>
                        <SimpleData name="station_type">Acoustic</SimpleData>
                        <SimpleData name="latitude">19.65583</SimpleData>
                        <SimpleData name="longitude">-156.03387</SimpleData>
                        <SimpleData name="depth">unknown</SimpleData>
                        <SimpleData name="stationstatus">active</SimpleData>
                        <SimpleData name="stationclass">deployed</SimpleData>
                        <SimpleData name="first_year">2002-11-28</SimpleData>
                        <SimpleData name="last_year">2012-03-22</SimpleData>
                        <SimpleData name="notes">&lt;small&gt;&lt;table border=1&gt;&lt;tr&gt;&lt;th&gt;instrument&lt;/th&gt;&lt;th&gt;type&lt;/th&gt;&lt;th&gt;deploy date&lt;/th&gt;&lt;th&gt;last download&lt;/th&gt;&lt;th&gt;recovery date&lt;/th&gt;&lt;th&gt;downloads&lt;/th&gt;&lt;th&gt;offset&lt;/th&gt;&lt;/tr&gt;&lt;tr&gt;&lt;td&gt;VR2&lt;/td&gt;&lt;td align=center nowrap&gt;Acoustic&lt;/td&gt;&lt;td align=center nowrap&gt;2002-11-28&lt;/td&gt;&lt;td align=center nowrap&gt;-&lt;/td&gt;&lt;td align=center nowrap&gt;2002-12-18&lt;/td&gt;&lt;td align=center nowrap&gt;-&lt;/td&gt;&lt;td align=center nowrap&gt;0.0 m&lt;/td&gt;&lt;/tr&gt;&lt;tr&gt;&lt;td&gt;VR2&lt;/td&gt;&lt;td align=center nowrap&gt;Acoustic&lt;/td&gt;&lt;td align=center nowrap&gt;2002-12-18&lt;/td&gt;&lt;td align=center nowrap&gt;-&lt;/td&gt;&lt;td align=center nowrap&gt;2003-01-31&lt;/td&gt;&lt;td align=center nowrap&gt;-&lt;/td&gt;&lt;td align=center nowrap&gt;0.0 m&lt;/td&gt;&lt;/tr&gt;&lt;tr&gt;&lt;td&gt;VR2&lt;/td&gt;&lt;td align=center nowrap&gt;Acoustic&lt;/td&gt;&lt;td align=center nowrap&gt;2003-01-31&lt;/td&gt;&lt;td align=center nowrap&gt;-&lt;/td&gt;&lt;td align=center nowrap&gt;2003-03-15&lt;/td&gt;&lt;td align=center nowrap&gt;-&lt;/td&gt;&lt;td align=center nowrap&gt;0.0 m&lt;/td&gt;&lt;/tr&gt;&lt;tr&gt;&lt;td&gt;VR2&lt;/td&gt;&lt;td align=center nowrap&gt;Acoustic&lt;/td&gt;&lt;td align=center nowrap&gt;2003-03-15&lt;/td&gt;&lt;td align=center nowrap&gt;-&lt;/td&gt;&lt;td align=center nowrap&gt;2003-05-22&lt;/td&gt;&lt;td align=center nowrap&gt;-&lt;/td&gt;&lt;td align=center nowrap&gt;0.0 m&lt;/td&gt;&lt;/tr&gt;&lt;tr&gt;&lt;td&gt;VR2&lt;/td&gt;&lt;td align=center nowrap&gt;Acoustic&lt;/td&gt;&lt;td align=center nowrap&gt;2003-05-22&lt;/td&gt;&lt;td align=center nowrap&gt;-&lt;/td&gt;&lt;td align=center nowrap&gt;2003-08-03&lt;/td&gt;&lt;td align=center nowrap&gt;-&lt;/td&gt;&lt;td align=center nowrap&gt;0.0 m&lt;/td&gt;&lt;/tr&gt;&lt;tr&gt;&lt;td&gt;VR2&lt;/td&gt;&lt;td align=center nowrap&gt;Acoustic&lt;/td&gt;&lt;td align=center nowrap&gt;2003-08-03&lt;/td&gt;&lt;td align=center nowrap&gt;-&lt;/td&gt;&lt;td align=center nowrap&gt;2003-08-19&lt;/td&gt;&lt;td align=center nowrap&gt;-&lt;/td&gt;&lt;td align=center nowrap&gt;0.0 m&lt;/td&gt;&lt;/tr&gt;&lt;tr&gt;&lt;td&gt;VR2&lt;/td&gt;&lt;td align=center nowrap&gt;Acoustic&lt;/td&gt;&lt;td align=center nowrap&gt;2003-08-19&lt;/td&gt;&lt;td align=center nowrap&gt;-&lt;/td&gt;&lt;td align=center nowrap&gt;2003-11-04&lt;/td&gt;&lt;td align=center nowrap&gt;-&lt;/td&gt;&lt;td align=center nowrap&gt;0.0 m&lt;/td&gt;&lt;/tr&gt;&lt;tr&gt;&lt;td&gt;VR2&lt;/td&gt;&lt;td align=center nowrap&gt;Acoustic&lt;/td&gt;&lt;td align=center nowrap&gt;2003-11-04&lt;/td&gt;&lt;td align=center nowrap&gt;-&lt;/td&gt;&lt;td align=center nowrap&gt;2003-12-21&lt;/td&gt;&lt;td align=center nowrap&gt;-&lt;/td&gt;&lt;td align=center nowrap&gt;0.0 m&lt;/td&gt;&lt;/tr&gt;&lt;tr&gt;&lt;td&gt;VR2&lt;/td&gt;&lt;td align=center nowrap&gt;Acoustic&lt;/td&gt;&lt;td align=center nowrap&gt;2003-12-21&lt;/td&gt;&lt;td align=center nowrap&gt;-&lt;/td&gt;&lt;td align=center nowrap&gt;2003-12-28&lt;/td&gt;&lt;td align=center nowrap&gt;-&lt;/td&gt;&lt;td align=center nowrap&gt;0.0 m&lt;/td&gt;&lt;/tr&gt;&lt;tr&gt;&lt;td&gt;VR2&lt;/td&gt;&lt;td align=center nowrap&gt;Acoustic&lt;/td&gt;&lt;td align=center nowrap&gt;2003-12-28&lt;/td&gt;&lt;td align=center nowrap&gt;-&lt;/td&gt;&lt;td align=center nowrap&gt;2004-05-28&lt;/td&gt;&lt;td align=center nowrap&gt;-&lt;/td&gt;&lt;td align=center nowrap&gt;0.0 m&lt;/td&gt;&lt;/tr&gt;&lt;tr&gt;&lt;td&gt;VR2&lt;/td&gt;&lt;td align=center nowrap&gt;Acoustic&lt;/td&gt;&lt;td align=center nowrap&gt;2004-05-28&lt;/td&gt;&lt;td align=center nowrap&gt;-&lt;/td&gt;&lt;td align=center nowrap&gt;2004-09-16&lt;/td&gt;&lt;td align=center nowrap&gt;-&lt;/td&gt;&lt;td align=center nowrap&gt;0.0 m&lt;/td&gt;&lt;/tr&gt;&lt;tr&gt;&lt;td&gt;VR2&lt;/td&gt;&lt;td align=center nowrap&gt;Acoustic&lt;/td&gt;&lt;td align=center nowrap&gt;2004-09-16&lt;/td&gt;&lt;td align=center nowrap&gt;-&lt;/td&gt;&lt;td align=center nowrap&gt;2004-12-28&lt;/td&gt;&lt;td align=center nowrap&gt;-&lt;/td&gt;&lt;td align=center nowrap&gt;0.0 m&lt;/td&gt;&lt;/tr&gt;&lt;tr&gt;&lt;td&gt;VR2&lt;/td&gt;&lt;td align=center nowrap&gt;Acoustic&lt;/td&gt;&lt;td align=center nowrap&gt;2004-12-30&lt;/td&gt;&lt;td align=center nowrap&gt;-&lt;/td&gt;&lt;td align=center nowrap&gt;2005-07-22&lt;/td&gt;&lt;td align=center nowrap&gt;-&lt;/td&gt;&lt;td align=center nowrap&gt;0.0 m&lt;/td&gt;&lt;/tr&gt;&lt;tr&gt;&lt;td&gt;VR2&lt;/td&gt;&lt;td align=center nowrap&gt;Acoustic&lt;/td&gt;&lt;td align=center nowrap&gt;2005-07-22&lt;/td&gt;&lt;td align=center nowrap&gt;-&lt;/td&gt;&lt;td align=center nowrap&gt;2006-01-09&lt;/td&gt;&lt;td align=center nowrap&gt;-&lt;/td&gt;&lt;td align=center nowrap&gt;0.0 m&lt;/td&gt;&lt;/tr&gt;&lt;tr&gt;&lt;td&gt;VR2&lt;/td&gt;&lt;td align=center nowrap&gt;Acoustic&lt;/td&gt;&lt;td align=center nowrap&gt;2006-01-09&lt;/td&gt;&lt;td align=center nowrap&gt;-&lt;/td&gt;&lt;td align=center nowrap&gt;2006-08-21&lt;/td&gt;&lt;td align=center nowrap&gt;-&lt;/td&gt;&lt;td align=center nowrap&gt;0.0 m&lt;/td&gt;&lt;/tr&gt;&lt;tr&gt;&lt;td&gt;VR2&lt;/td&gt;&lt;td align=center nowrap&gt;Acoustic&lt;/td&gt;&lt;td align=center nowrap&gt;2006-08-22&lt;/td&gt;&lt;td align=center nowrap&gt;-&lt;/td&gt;&lt;td align=center nowrap&gt;2007-04-28&lt;/td&gt;&lt;td align=center nowrap&gt;-&lt;/td&gt;&lt;td align=center nowrap&gt;0.0 m&lt;/td&gt;&lt;/tr&gt;&lt;tr&gt;&lt;td&gt;VR2&lt;/td&gt;&lt;td align=center nowrap&gt;Acoustic&lt;/td&gt;&lt;td align=center nowrap&gt;2007-04-29&lt;/td&gt;&lt;td align=center nowrap&gt;-&lt;/td&gt;&lt;td align=center nowrap&gt;2008-02-13&lt;/td&gt;&lt;td align=center nowrap&gt;-&lt;/td&gt;&lt;td align=center nowrap&gt;0.0 m&lt;/td&gt;&lt;/tr&gt;&lt;tr&gt;&lt;td&gt;VR2&lt;/td&gt;&lt;td align=center nowrap&gt;Acoustic&lt;/td&gt;&lt;td align=center nowrap&gt;2008-02-13&lt;/td&gt;&lt;td align=center nowrap&gt;-&lt;/td&gt;&lt;td align=center nowrap&gt;2008-08-17&lt;/td&gt;&lt;td align=center nowrap&gt;-&lt;/td&gt;&lt;td align=center nowrap&gt;0.0 m&lt;/td&gt;&lt;/tr&gt;&lt;tr&gt;&lt;td&gt;VR2&lt;/td&gt;&lt;td align=center nowrap&gt;Acoustic&lt;/td&gt;&lt;td align=center nowrap&gt;2008-08-17&lt;/td&gt;&lt;td align=center nowrap&gt;-&lt;/td&gt;&lt;td align=center nowrap&gt;2009-09-09&lt;/td&gt;&lt;td align=center nowrap&gt;-&lt;/td&gt;&lt;td align=center nowrap&gt;0.0 m&lt;/td&gt;&lt;/tr&gt;&lt;tr&gt;&lt;td&gt;VR2&lt;/td&gt;&lt;td align=center nowrap&gt;Acoustic&lt;/td&gt;&lt;td align=center nowrap&gt;2009-09-09&lt;/td&gt;&lt;td align=center nowrap&gt;-&lt;/td&gt;&lt;td align=center nowrap&gt;-&lt;/td&gt;&lt;td align=center nowrap&gt;-&lt;/td&gt;&lt;td align=center nowrap&gt;0.0 m&lt;/td&gt;&lt;/tr&gt;&lt;tr&gt;&lt;td&gt;VR2W&lt;/td&gt;&lt;td align=center nowrap&gt;Acoustic&lt;/td&gt;&lt;td align=center nowrap&gt;2010-12-18&lt;/td&gt;&lt;td align=center nowrap&gt;-&lt;/td&gt;&lt;td align=center nowrap&gt;2012-03-22&lt;/td&gt;&lt;td align=center nowrap&gt;-&lt;/td&gt;&lt;td align=center nowrap&gt;0.0 m&lt;/td&gt;&lt;/tr&gt;&lt;/table&gt;&lt;/small&gt;</SimpleData>
                    </SchemaData>
                </ExtendedData>
                <Point>
                    <coordinates>-156.03387,19.65583</coordinates>
                </Point>
            </Placemark>
            <Placemark id="stations_series.fid--2e4a691_19d8297c619_-3cb6">
                <ExtendedData>
                    <SchemaData schemaUrl="#stations_series_1">
                        <SimpleData name="collectioncode">PIRAT.PFRL</SimpleData>
                        <SimpleData name="seriescode">PIRAT</SimpleData>
                        <SimpleData name="ocean">MID PACIFIC</SimpleData>
                        <SimpleData name="station_name">LAYSAN SOUTH END</SimpleData>
                        <SimpleData name="station_type">Acoustic</SimpleData>
                        <SimpleData name="latitude">25.75463</SimpleData>
                        <SimpleData name="longitude">-171.71562</SimpleData>
                        <SimpleData name="depth">unknown</SimpleData>
                        <SimpleData name="stationstatus">active</SimpleData>
                        <SimpleData name="stationclass">deployed</SimpleData>
                        <SimpleData name="first_year">2006-09-10</SimpleData>
                        <SimpleData name="last_year">2009-06-28</SimpleData>
                        <SimpleData name="notes">&lt;small&gt;&lt;table border=1&gt;&lt;tr&gt;&lt;th&gt;instrument&lt;/th&gt;&lt;th&gt;type&lt;/th&gt;&lt;th&gt;deploy date&lt;/th&gt;&lt;th&gt;last download&lt;/th&gt;&lt;th&gt;recovery date&lt;/th&gt;&lt;th&gt;downloads&lt;/th&gt;&lt;th&gt;offset&lt;/th&gt;&lt;/tr&gt;&lt;tr&gt;&lt;td&gt;VR2&lt;/td&gt;&lt;td align=center nowrap&gt;Acoustic&lt;/td&gt;&lt;td align=center nowrap&gt;2006-09-10&lt;/td&gt;&lt;td align=center nowrap&gt;-&lt;/td&gt;&lt;td align=center nowrap&gt;2007-07-25&lt;/td&gt;&lt;td align=center nowrap&gt;-&lt;/td&gt;&lt;td align=center nowrap&gt;0.0 m&lt;/td&gt;&lt;/tr&gt;&lt;tr&gt;&lt;td&gt;VR2&lt;/td&gt;&lt;td align=center nowrap&gt;Acoustic&lt;/td&gt;&lt;td align=center nowrap&gt;2007-07-25&lt;/td&gt;&lt;td align=center nowrap&gt;-&lt;/td&gt;&lt;td align=center nowrap&gt;2009-06-28&lt;/td&gt;&lt;td align=center nowrap&gt;-&lt;/td&gt;&lt;td align=center nowrap&gt;0.0 m&lt;/td&gt;&lt;/tr&gt;&lt;/table&gt;&lt;/small&gt;</SimpleData>
                    </SchemaData>
                </ExtendedData>
                <Point>
                    <coordinates>-171.71562,25.75463</coordinates>
                </Point>
            </Placemark>
            <Placemark id="stations_series.fid--2e4a691_19d8297c619_-3cb5">
                <ExtendedData>
                    <SchemaData schemaUrl="#stations_series_1">
                        <SimpleData name="collectioncode">PIRAT.PFRL</SimpleData>
                        <SimpleData name="seriescode">PIRAT</SimpleData>
                        <SimpleData name="ocean">MID PACIFIC</SimpleData>
                        <SimpleData name="station_name">GARDEN EELS</SimpleData>
                        <SimpleData name="station_type">Acoustic</SimpleData>
                        <SimpleData name="latitude">19.737</SimpleData>
                        <SimpleData name="longitude">-156.05452</SimpleData>
                        <SimpleData name="depth">unknown</SimpleData>
                        <SimpleData name="stationstatus">active</SimpleData>
                        <SimpleData name="stationclass">deployed</SimpleData>
                        <SimpleData name="first_year">2002-11-24</SimpleData>
                        <SimpleData name="last_year">2009-09-10</SimpleData>
                        <SimpleData name="notes">&lt;small&gt;&lt;table border=1&gt;&lt;tr&gt;&lt;th&gt;instrument&lt;/th&gt;&lt;th&gt;type&lt;/th&gt;&lt;th&gt;deploy date&lt;/th&gt;&lt;th&gt;last download&lt;/th&gt;&lt;th&gt;recovery date&lt;/th&gt;&lt;th&gt;downloads&lt;/th&gt;&lt;th&gt;offset&lt;/th&gt;&lt;/tr&gt;&lt;tr&gt;&lt;td&gt;VR2&lt;/td&gt;&lt;td align=center nowrap&gt;Acoustic&lt;/td&gt;&lt;td align=center nowrap&gt;2002-11-24&lt;/td&gt;&lt;td align=center nowrap&gt;-&lt;/td&gt;&lt;td align=center nowrap&gt;2002-11-25&lt;/td&gt;&lt;td align=center nowrap&gt;-&lt;/td&gt;&lt;td align=center nowrap&gt;0.0 m&lt;/td&gt;&lt;/tr&gt;&lt;tr&gt;&lt;td&gt;VR2&lt;/td&gt;&lt;td align=center nowrap&gt;Acoustic&lt;/td&gt;&lt;td align=center nowrap&gt;2002-11-26&lt;/td&gt;&lt;td align=center nowrap&gt;-&lt;/td&gt;&lt;td align=center nowrap&gt;2002-12-18&lt;/td&gt;&lt;td align=center nowrap&gt;-&lt;/td&gt;&lt;td align=center nowrap&gt;0.0 m&lt;/td&gt;&lt;/tr&gt;&lt;tr&gt;&lt;td&gt;VR2&lt;/td&gt;&lt;td align=center nowrap&gt;Acoustic&lt;/td&gt;&lt;td align=center nowrap&gt;2002-12-19&lt;/td&gt;&lt;td align=center nowrap&gt;-&lt;/td&gt;&lt;td align=center nowrap&gt;2003-01-28&lt;/td&gt;&lt;td align=center nowrap&gt;-&lt;/td&gt;&lt;td align=center nowrap&gt;0.0 m&lt;/td&gt;&lt;/tr&gt;&lt;tr&gt;&lt;td&gt;VR2&lt;/td&gt;&lt;td align=center nowrap&gt;Acoustic&lt;/td&gt;&lt;td align=center nowrap&gt;2003-01-28&lt;/td&gt;&lt;td align=center nowrap&gt;-&lt;/td&gt;&lt;td align=center nowrap&gt;2003-03-15&lt;/td&gt;&lt;td align=center nowrap&gt;-&lt;/td&gt;&lt;td align=center nowrap&gt;0.0 m&lt;/td&gt;&lt;/tr&gt;&lt;tr&gt;&lt;td&gt;VR2&lt;/td&gt;&lt;td align=center nowrap&gt;Acoustic&lt;/td&gt;&lt;td align=center nowrap&gt;2003-03-15&lt;/td&gt;&lt;td align=center nowrap&gt;-&lt;/td&gt;&lt;td align=center nowrap&gt;2003-05-14&lt;/td&gt;&lt;td align=center nowrap&gt;-&lt;/td&gt;&lt;td align=center nowrap&gt;0.0 m&lt;/td&gt;&lt;/tr&gt;&lt;tr&gt;&lt;td&gt;VR2&lt;/td&gt;&lt;td align=center nowrap&gt;Acoustic&lt;/td&gt;&lt;td align=center nowrap&gt;2003-05-14&lt;/td&gt;&lt;td align=center nowrap&gt;-&lt;/td&gt;&lt;td align=center nowrap&gt;2003-06-04&lt;/td&gt;&lt;td align=center nowrap&gt;-&lt;/td&gt;&lt;td align=center nowrap&gt;0.0 m&lt;/td&gt;&lt;/tr&gt;&lt;tr&gt;&lt;td&gt;VR2&lt;/td&gt;&lt;td align=center nowrap&gt;Acoustic&lt;/td&gt;&lt;td align=center nowrap&gt;2003-06-04&lt;/td&gt;&lt;td align=center nowrap&gt;-&lt;/td&gt;&lt;td align=center nowrap&gt;2003-06-15&lt;/td&gt;&lt;td align=center nowrap&gt;-&lt;/td&gt;&lt;td align=center nowrap&gt;0.0 m&lt;/td&gt;&lt;/tr&gt;&lt;tr&gt;&lt;td&gt;VR2&lt;/td&gt;&lt;td align=center nowrap&gt;Acoustic&lt;/td&gt;&lt;td align=center nowrap&gt;2003-06-15&lt;/td&gt;&lt;td align=center nowrap&gt;-&lt;/td&gt;&lt;td align=center nowrap&gt;2003-06-17&lt;/td&gt;&lt;td align=center nowrap&gt;-&lt;/td&gt;&lt;td align=center nowrap&gt;0.0 m&lt;/td&gt;&lt;/tr&gt;&lt;tr&gt;&lt;td&gt;VR2&lt;/td&gt;&lt;td align=center nowrap&gt;Acoustic&lt;/td&gt;&lt;td align=center nowrap&gt;2003-06-17&lt;/td&gt;&lt;td align=center nowrap&gt;-&lt;/td&gt;&lt;td align=center nowrap&gt;2003-07-17&lt;/td&gt;&lt;td align=center nowrap&gt;-&lt;/td&gt;&lt;td align=center nowrap&gt;0.0 m&lt;/td&gt;&lt;/tr&gt;&lt;tr&gt;&lt;td&gt;VR2&lt;/td&gt;&lt;td align=center nowrap&gt;Acoustic&lt;/td&gt;&lt;td align=center nowrap&gt;2003-07-17&lt;/td&gt;&lt;td align=center nowrap&gt;-&lt;/td&gt;&lt;td align=center nowrap&gt;2003-08-16&lt;/td&gt;&lt;td align=center nowrap&gt;-&lt;/td&gt;&lt;td align=center nowrap&gt;0.0 m&lt;/td&gt;&lt;/tr&gt;&lt;tr&gt;&lt;td&gt;VR2&lt;/td&gt;&lt;td align=center nowrap&gt;Acoustic&lt;/td&gt;&lt;td align=center nowrap&gt;2003-08-16&lt;/td&gt;&lt;td align=center nowrap&gt;-&lt;/td&gt;&lt;td align=center nowrap&gt;2003-12-07&lt;/td&gt;&lt;td align=center nowrap&gt;-&lt;/td&gt;&lt;td align=center nowrap&gt;0.0 m&lt;/td&gt;&lt;/tr&gt;&lt;tr&gt;&lt;td&gt;VR2&lt;/td&gt;&lt;td align=center nowrap&gt;Acoustic&lt;/td&gt;&lt;td align=center nowrap&gt;2003-12-07&lt;/td&gt;&lt;td align=center nowrap&gt;-&lt;/td&gt;&lt;td align=center nowrap&gt;2004-06-01&lt;/td&gt;&lt;td align=center nowrap&gt;-&lt;/td&gt;&lt;td align=center nowrap&gt;0.0 m&lt;/td&gt;&lt;/tr&gt;&lt;tr&gt;&lt;td&gt;VR2&lt;/td&gt;&lt;td align=center nowrap&gt;Acoustic&lt;/td&gt;&lt;td align=center nowrap&gt;2004-06-01&lt;/td&gt;&lt;td align=center nowrap&gt;-&lt;/td&gt;&lt;td align=center nowrap&gt;2004-12-27&lt;/td&gt;&lt;td align=center nowrap&gt;-&lt;/td&gt;&lt;td align=center nowrap&gt;0.0 m&lt;/td&gt;&lt;/tr&gt;&lt;tr&gt;&lt;td&gt;VR2&lt;/td&gt;&lt;td align=center nowrap&gt;Acoustic&lt;/td&gt;&lt;td align=center nowrap&gt;2004-12-31&lt;/td&gt;&lt;td align=center nowrap&gt;-&lt;/td&gt;&lt;td align=center nowrap&gt;2005-07-20&lt;/td&gt;&lt;td align=center nowrap&gt;-&lt;/td&gt;&lt;td align=center nowrap&gt;0.0 m&lt;/td&gt;&lt;/tr&gt;&lt;tr&gt;&lt;td&gt;VR2&lt;/td&gt;&lt;td align=center nowrap&gt;Acoustic&lt;/td&gt;&lt;td align=center nowrap&gt;2005-07-20&lt;/td&gt;&lt;td align=center nowrap&gt;-&lt;/td&gt;&lt;td align=center nowrap&gt;2006-01-05&lt;/td&gt;&lt;td align=center nowrap&gt;-&lt;/td&gt;&lt;td align=center nowrap&gt;0.0 m&lt;/td&gt;&lt;/tr&gt;&lt;tr&gt;&lt;td&gt;VR2&lt;/td&gt;&lt;td align=center nowrap&gt;Acoustic&lt;/td&gt;&lt;td align=center nowrap&gt;2006-01-05&lt;/td&gt;&lt;td align=center nowrap&gt;-&lt;/td&gt;&lt;td align=center nowrap&gt;2006-08-22&lt;/td&gt;&lt;td align=center nowrap&gt;-&lt;/td&gt;&lt;td align=center nowrap&gt;0.0 m&lt;/td&gt;&lt;/tr&gt;&lt;tr&gt;&lt;td&gt;VR2&lt;/td&gt;&lt;td align=center nowrap&gt;Acoustic&lt;/td&gt;&lt;td align=center nowrap&gt;2006-08-22&lt;/td&gt;&lt;td align=center nowrap&gt;-&lt;/td&gt;&lt;td align=center nowrap&gt;2007-06-04&lt;/td&gt;&lt;td align=center nowrap&gt;-&lt;/td&gt;&lt;td align=center nowrap&gt;0.0 m&lt;/td&gt;&lt;/tr&gt;&lt;tr&gt;&lt;td&gt;VR2&lt;/td&gt;&lt;td align=center nowrap&gt;Acoustic&lt;/td&gt;&lt;td align=center nowrap&gt;2007-06-04&lt;/td&gt;&lt;td align=center nowrap&gt;-&lt;/td&gt;&lt;td align=center nowrap&gt;2008-02-16&lt;/td&gt;&lt;td align=center nowrap&gt;-&lt;/td&gt;&lt;td align=center nowrap&gt;0.0 m&lt;/td&gt;&lt;/tr&gt;&lt;tr&gt;&lt;td&gt;VR2&lt;/td&gt;&lt;td align=center nowrap&gt;Acoustic&lt;/td&gt;&lt;td align=center nowrap&gt;2008-02-16&lt;/td&gt;&lt;td align=center nowrap&gt;-&lt;/td&gt;&lt;td align=center nowrap&gt;2008-08-19&lt;/td&gt;&lt;td align=center nowrap&gt;-&lt;/td&gt;&lt;td align=center nowrap&gt;0.0 m&lt;/td&gt;&lt;/tr&gt;&lt;tr&gt;&lt;td&gt;VR2&lt;/td&gt;&lt;td align=center nowrap&gt;Acoustic&lt;/td&gt;&lt;td align=center nowrap&gt;2008-08-19&lt;/td&gt;&lt;td align=center nowrap&gt;-&lt;/td&gt;&lt;td align=center nowrap&gt;2009-09-10&lt;/td&gt;&lt;td align=center nowrap&gt;-&lt;/td&gt;&lt;td align=center nowrap&gt;0.0 m&lt;/td&gt;&lt;/tr&gt;&lt;/table&gt;&lt;/small&gt;</SimpleData>
                    </SchemaData>
                </ExtendedData>
                <Point>
                    <coordinates>-156.05452,19.737</coordinates>
                </Point>
            </Placemark>
            <Placemark id="stations_series.fid--2e4a691_19d8297c619_-3cb4">
                <ExtendedData>
                    <SchemaData schemaUrl="#stations_series_1">
                        <SimpleData name="collectioncode">PIRAT.PFRL</SimpleData>
                        <SimpleData name="seriescode">PIRAT</SimpleData>
                        <SimpleData name="ocean">MID PACIFIC</SimpleData>
                        <SimpleData name="station_name">KAULA ROCK 5 FATHOM PINNACLE</SimpleData>
                        <SimpleData name="station_type">Acoustic</SimpleData>
                        <SimpleData name="latitude">21.68698</SimpleData>
                        <SimpleData name="longitude">-160.60312</SimpleData>
                        <SimpleData name="depth">unknown</SimpleData>
                        <SimpleData name="stationstatus">active</SimpleData>
                        <SimpleData name="stationclass">deployed</SimpleData>
                        <SimpleData name="first_year">2008-06-26</SimpleData>
                        <SimpleData name="last_year">2009-07-02</SimpleData>
                        <SimpleData name="notes">&lt;small&gt;&lt;table border=1&gt;&lt;tr&gt;&lt;th&gt;instrument&lt;/th&gt;&lt;th&gt;type&lt;/th&gt;&lt;th&gt;deploy date&lt;/th&gt;&lt;th&gt;last download&lt;/th&gt;&lt;th&gt;recovery date&lt;/th&gt;&lt;th&gt;downloads&lt;/th&gt;&lt;th&gt;offset&lt;/th&gt;&lt;/tr&gt;&lt;tr&gt;&lt;td&gt;VR2&lt;/td&gt;&lt;td align=center nowrap&gt;Acoustic&lt;/td&gt;&lt;td align=center nowrap&gt;2008-06-26&lt;/td&gt;&lt;td align=center nowrap&gt;-&lt;/td&gt;&lt;td align=center nowrap&gt;2009-07-02&lt;/td&gt;&lt;td align=center nowrap&gt;-&lt;/td&gt;&lt;td align=center nowrap&gt;0.0 m&lt;/td&gt;&lt;/tr&gt;&lt;/table&gt;&lt;/small&gt;</SimpleData>
                    </SchemaData>
                </ExtendedData>
                <Point>
                    <coordinates>-160.60312,21.68698</coordinates>
                </Point>
            </Placemark>
            <Placemark id="stations_series.fid--2e4a691_19d8297c619_-3cb3">
                <ExtendedData>
                    <SchemaData schemaUrl="#stations_series_1">
                        <SimpleData name="collectioncode">PIRAT.PFRL</SimpleData>
                        <SimpleData name="seriescode">PIRAT</SimpleData>
                        <SimpleData name="ocean">MID PACIFIC</SimpleData>
                        <SimpleData name="station_name">OFF CON</SimpleData>
                        <SimpleData name="station_type">Transceiver</SimpleData>
                        <SimpleData name="latitude">21.62747</SimpleData>
                        <SimpleData name="longitude">-158.13413</SimpleData>
                        <SimpleData name="depth">unknown</SimpleData>
                        <SimpleData name="stationstatus">active</SimpleData>
                        <SimpleData name="stationclass">deployed</SimpleData>
                        <SimpleData name="first_year">2022-08-15</SimpleData>
                        <SimpleData name="notes">&lt;small&gt;&lt;table border=1&gt;&lt;tr&gt;&lt;th&gt;instrument&lt;/th&gt;&lt;th&gt;type&lt;/th&gt;&lt;th&gt;deploy date&lt;/th&gt;&lt;th&gt;last download&lt;/th&gt;&lt;th&gt;recovery date&lt;/th&gt;&lt;th&gt;downloads&lt;/th&gt;&lt;th&gt;offset&lt;/th&gt;&lt;/tr&gt;&lt;tr&gt;&lt;td&gt;VR2AR&lt;/td&gt;&lt;td align=center nowrap&gt;Transceiver&lt;/td&gt;&lt;td align=center nowrap&gt;2022-08-15&lt;/td&gt;&lt;td align=center nowrap&gt;2023-04-04&lt;/td&gt;&lt;td align=center nowrap&gt;2023-03-24&lt;/td&gt;&lt;td align=center nowrap&gt;1&lt;/td&gt;&lt;td align=center nowrap&gt;0.0 m&lt;/td&gt;&lt;/tr&gt;&lt;tr&gt;&lt;td&gt;VR2AR&lt;/td&gt;&lt;td align=center nowrap&gt;Transceiver&lt;/td&gt;&lt;td align=center nowrap&gt;2023-03-24&lt;/td&gt;&lt;td align=center nowrap&gt;2023-10-05&lt;/td&gt;&lt;td align=center nowrap&gt;2023-10-03&lt;/td&gt;&lt;td align=center nowrap&gt;1&lt;/td&gt;&lt;td align=center nowrap&gt;74.4 m&lt;/td&gt;&lt;/tr&gt;&lt;tr&gt;&lt;td&gt;VR2AR&lt;/td&gt;&lt;td align=center nowrap&gt;Transceiver&lt;/td&gt;&lt;td align=center nowrap&gt;2023-10-03&lt;/td&gt;&lt;td align=center nowrap&gt;2024-04-18&lt;/td&gt;&lt;td align=center nowrap&gt;2024-04-16&lt;/td&gt;&lt;td align=center nowrap&gt;1&lt;/td&gt;&lt;td align=center nowrap&gt;76.8 m&lt;/td&gt;&lt;/tr&gt;&lt;tr&gt;&lt;td&gt;VR2AR&lt;/td&gt;&lt;td align=center nowrap&gt;Transceiver&lt;/td&gt;&lt;td align=center nowrap&gt;2024-04-16&lt;/td&gt;&lt;td align=center nowrap&gt;-&lt;/td&gt;&lt;td align=center nowrap&gt;2024-08-15&lt;/td&gt;&lt;td align=center nowrap&gt;-&lt;/td&gt;&lt;td align=center nowrap&gt;275.9 m&lt;/td&gt;&lt;/tr&gt;&lt;tr&gt;&lt;td&gt;VR2AR&lt;/td&gt;&lt;td align=center nowrap&gt;Transceiver&lt;/td&gt;&lt;td align=center nowrap&gt;2025-06-08&lt;/td&gt;&lt;td align=center nowrap&gt;-&lt;/td&gt;&lt;td align=center nowrap&gt;-&lt;/td&gt;&lt;td align=center nowrap&gt;-&lt;/td&gt;&lt;td align=center nowrap&gt;275.9 m&lt;/td&gt;&lt;/tr&gt;&lt;/table&gt;&lt;/small&gt;</SimpleData>
                    </SchemaData>
                </ExtendedData>
                <Point>
                    <coordinates>-158.13413,21.62747</coordinates>
                </Point>
            </Placemark>
            <Placemark id="stations_series.fid--2e4a691_19d8297c619_-3cb2">
                <ExtendedData>
                    <SchemaData schemaUrl="#stations_series_1">
                        <SimpleData name="collectioncode">PIRAT.PFRL</SimpleData>
                        <SimpleData name="seriescode">PIRAT</SimpleData>
                        <SimpleData name="ocean">MID PACIFIC</SimpleData>
                        <SimpleData name="station_name">HIMB SOUTH POINT</SimpleData>
                        <SimpleData name="station_type">Acoustic</SimpleData>
                        <SimpleData name="latitude">21.42974</SimpleData>
                        <SimpleData name="longitude">-157.78835</SimpleData>
                        <SimpleData name="depth">unknown</SimpleData>
                        <SimpleData name="stationstatus">active</SimpleData>
                        <SimpleData name="stationclass">deployed</SimpleData>
                        <SimpleData name="first_year">2012-02-01</SimpleData>
                        <SimpleData name="last_year">2014-04-16</SimpleData>
                        <SimpleData name="notes">&lt;small&gt;&lt;table border=1&gt;&lt;tr&gt;&lt;th&gt;instrument&lt;/th&gt;&lt;th&gt;type&lt;/th&gt;&lt;th&gt;deploy date&lt;/th&gt;&lt;th&gt;last download&lt;/th&gt;&lt;th&gt;recovery date&lt;/th&gt;&lt;th&gt;downloads&lt;/th&gt;&lt;th&gt;offset&lt;/th&gt;&lt;/tr&gt;&lt;tr&gt;&lt;td&gt;VR2W&lt;/td&gt;&lt;td align=center nowrap&gt;Acoustic&lt;/td&gt;&lt;td align=center nowrap&gt;2012-02-01&lt;/td&gt;&lt;td align=center nowrap&gt;2012-11-03&lt;/td&gt;&lt;td align=center nowrap&gt;2012-11-02&lt;/td&gt;&lt;td align=center nowrap&gt;1&lt;/td&gt;&lt;td align=center nowrap&gt;0.0 m&lt;/td&gt;&lt;/tr&gt;&lt;tr&gt;&lt;td&gt;VR2W&lt;/td&gt;&lt;td align=center nowrap&gt;Acoustic&lt;/td&gt;&lt;td align=center nowrap&gt;2012-11-02&lt;/td&gt;&lt;td align=center nowrap&gt;2014-04-23&lt;/td&gt;&lt;td align=center nowrap&gt;2014-04-16&lt;/td&gt;&lt;td align=center nowrap&gt;1&lt;/td&gt;&lt;td align=center nowrap&gt;0.0 m&lt;/td&gt;&lt;/tr&gt;&lt;/table&gt;&lt;/small&gt;</SimpleData>
                    </SchemaData>
                </ExtendedData>
                <Point>
                    <coordinates>-157.78835,21.42974</coordinates>
                </Point>
            </Placemark>
            <Placemark id="stations_series.fid--2e4a691_19d8297c619_-3cb1">
                <ExtendedData>
                    <SchemaData schemaUrl="#stations_series_1">
                        <SimpleData name="collectioncode">PIRAT.PFRL</SimpleData>
                        <SimpleData name="seriescode">PIRAT</SimpleData>
                        <SimpleData name="ocean">MID PACIFIC</SimpleData>
                        <SimpleData name="station_name">FFS SW SHALLOW</SimpleData>
                        <SimpleData name="station_type">Acoustic</SimpleData>
                        <SimpleData name="latitude">23.63764</SimpleData>
                        <SimpleData name="longitude">-166.2076</SimpleData>
                        <SimpleData name="depth">unknown</SimpleData>
                        <SimpleData name="stationstatus">active</SimpleData>
                        <SimpleData name="stationclass">deployed</SimpleData>
                        <SimpleData name="first_year">2014-09-11</SimpleData>
                        <SimpleData name="last_year">2017-09-10</SimpleData>
                        <SimpleData name="notes">&lt;small&gt;&lt;table border=1&gt;&lt;tr&gt;&lt;th&gt;instrument&lt;/th&gt;&lt;th&gt;type&lt;/th&gt;&lt;th&gt;deploy date&lt;/th&gt;&lt;th&gt;last download&lt;/th&gt;&lt;th&gt;recovery date&lt;/th&gt;&lt;th&gt;downloads&lt;/th&gt;&lt;th&gt;offset&lt;/th&gt;&lt;/tr&gt;&lt;tr&gt;&lt;td&gt;VR2W&lt;/td&gt;&lt;td align=center nowrap&gt;Acoustic&lt;/td&gt;&lt;td align=center nowrap&gt;2014-09-11&lt;/td&gt;&lt;td align=center nowrap&gt;2015-09-10&lt;/td&gt;&lt;td align=center nowrap&gt;2015-09-07&lt;/td&gt;&lt;td align=center nowrap&gt;1&lt;/td&gt;&lt;td align=center nowrap&gt;0.0 m&lt;/td&gt;&lt;/tr&gt;&lt;tr&gt;&lt;td&gt;VR2W&lt;/td&gt;&lt;td align=center nowrap&gt;Acoustic&lt;/td&gt;&lt;td align=center nowrap&gt;2015-09-07&lt;/td&gt;&lt;td align=center nowrap&gt;2016-05-26&lt;/td&gt;&lt;td align=center nowrap&gt;2016-05-25&lt;/td&gt;&lt;td align=center nowrap&gt;1&lt;/td&gt;&lt;td align=center nowrap&gt;0.0 m&lt;/td&gt;&lt;/tr&gt;&lt;tr&gt;&lt;td&gt;VR2W&lt;/td&gt;&lt;td align=center nowrap&gt;Acoustic&lt;/td&gt;&lt;td align=center nowrap&gt;2016-05-25&lt;/td&gt;&lt;td align=center nowrap&gt;2017-10-30&lt;/td&gt;&lt;td align=center nowrap&gt;2017-09-10&lt;/td&gt;&lt;td align=center nowrap&gt;1&lt;/td&gt;&lt;td align=center nowrap&gt;0.0 m&lt;/td&gt;&lt;/tr&gt;&lt;/table&gt;&lt;/small&gt;</SimpleData>
                    </SchemaData>
                </ExtendedData>
                <Point>
                    <coordinates>-166.2076,23.63764</coordinates>
                </Point>
            </Placemark>
            <Placemark id="stations_series.fid--2e4a691_19d8297c619_-3cb0">
                <ExtendedData>
                    <SchemaData schemaUrl="#stations_series_1">
                        <SimpleData name="collectioncode">PIRAT.PFRL</SimpleData>
                        <SimpleData name="seriescode">PIRAT</SimpleData>
                        <SimpleData name="ocean">MID PACIFIC</SimpleData>
                        <SimpleData name="station_name">FFS Round &amp; Mullet</SimpleData>
                        <SimpleData name="station_type">Acoustic</SimpleData>
                        <SimpleData name="latitude">23.82747</SimpleData>
                        <SimpleData name="longitude">-166.22857</SimpleData>
                        <SimpleData name="depth">unknown</SimpleData>
                        <SimpleData name="stationstatus">active</SimpleData>
                        <SimpleData name="stationclass">deployed</SimpleData>
                        <SimpleData name="first_year">2008-06-08</SimpleData>
                        <SimpleData name="last_year">2019-07-18</SimpleData>
                        <SimpleData name="notes">&lt;small&gt;&lt;table border=1&gt;&lt;tr&gt;&lt;th&gt;instrument&lt;/th&gt;&lt;th&gt;type&lt;/th&gt;&lt;th&gt;deploy date&lt;/th&gt;&lt;th&gt;last download&lt;/th&gt;&lt;th&gt;recovery date&lt;/th&gt;&lt;th&gt;downloads&lt;/th&gt;&lt;th&gt;offset&lt;/th&gt;&lt;/tr&gt;&lt;tr&gt;&lt;td&gt;VR2W&lt;/td&gt;&lt;td align=center nowrap&gt;Acoustic&lt;/td&gt;&lt;td align=center nowrap&gt;2008-06-08&lt;/td&gt;&lt;td align=center nowrap&gt;-&lt;/td&gt;&lt;td align=center nowrap&gt;2009-06-12&lt;/td&gt;&lt;td align=center nowrap&gt;-&lt;/td&gt;&lt;td align=center nowrap&gt;0.0 m&lt;/td&gt;&lt;/tr&gt;&lt;tr&gt;&lt;td&gt;VR2W&lt;/td&gt;&lt;td align=center nowrap&gt;Acoustic&lt;/td&gt;&lt;td align=center nowrap&gt;2009-06-12&lt;/td&gt;&lt;td align=center nowrap&gt;-&lt;/td&gt;&lt;td align=center nowrap&gt;2010-05-14&lt;/td&gt;&lt;td align=center nowrap&gt;-&lt;/td&gt;&lt;td align=center nowrap&gt;0.0 m&lt;/td&gt;&lt;/tr&gt;&lt;tr&gt;&lt;td&gt;VR2W&lt;/td&gt;&lt;td align=center nowrap&gt;Acoustic&lt;/td&gt;&lt;td align=center nowrap&gt;2010-05-14&lt;/td&gt;&lt;td align=center nowrap&gt;-&lt;/td&gt;&lt;td align=center nowrap&gt;2011-09-19&lt;/td&gt;&lt;td align=center nowrap&gt;-&lt;/td&gt;&lt;td align=center nowrap&gt;0.0 m&lt;/td&gt;&lt;/tr&gt;&lt;tr&gt;&lt;td&gt;VR2W&lt;/td&gt;&lt;td align=center nowrap&gt;Acoustic&lt;/td&gt;&lt;td align=center nowrap&gt;2011-09-19&lt;/td&gt;&lt;td align=center nowrap&gt;-&lt;/td&gt;&lt;td align=center nowrap&gt;2012-07-09&lt;/td&gt;&lt;td align=center nowrap&gt;-&lt;/td&gt;&lt;td align=center nowrap&gt;0.0 m&lt;/td&gt;&lt;/tr&gt;&lt;tr&gt;&lt;td&gt;VR2W&lt;/td&gt;&lt;td align=center nowrap&gt;Acoustic&lt;/td&gt;&lt;td align=center nowrap&gt;2012-07-09&lt;/td&gt;&lt;td align=center nowrap&gt;2017-03-22&lt;/td&gt;&lt;td align=center nowrap&gt;2013-05-21&lt;/td&gt;&lt;td align=center nowrap&gt;1&lt;/td&gt;&lt;td align=center nowrap&gt;0.0 m&lt;/td&gt;&lt;/tr&gt;&lt;tr&gt;&lt;td&gt;VR2W&lt;/td&gt;&lt;td align=center nowrap&gt;Acoustic&lt;/td&gt;&lt;td align=center nowrap&gt;2013-05-21&lt;/td&gt;&lt;td align=center nowrap&gt;-&lt;/td&gt;&lt;td align=center nowrap&gt;2014-09-12&lt;/td&gt;&lt;td align=center nowrap&gt;-&lt;/td&gt;&lt;td align=center nowrap&gt;0.0 m&lt;/td&gt;&lt;/tr&gt;&lt;tr&gt;&lt;td&gt;VR2W&lt;/td&gt;&lt;td align=center nowrap&gt;Acoustic&lt;/td&gt;&lt;td align=center nowrap&gt;2014-09-12&lt;/td&gt;&lt;td align=center nowrap&gt;2015-09-10&lt;/td&gt;&lt;td align=center nowrap&gt;2015-09-07&lt;/td&gt;&lt;td align=center nowrap&gt;1&lt;/td&gt;&lt;td align=center nowrap&gt;0.0 m&lt;/td&gt;&lt;/tr&gt;&lt;tr&gt;&lt;td&gt;VR2W&lt;/td&gt;&lt;td align=center nowrap&gt;Acoustic&lt;/td&gt;&lt;td align=center nowrap&gt;2015-09-07&lt;/td&gt;&lt;td align=center nowrap&gt;2016-05-28&lt;/td&gt;&lt;td align=center nowrap&gt;2016-05-26&lt;/td&gt;&lt;td align=center nowrap&gt;1&lt;/td&gt;&lt;td align=center nowrap&gt;0.0 m&lt;/td&gt;&lt;/tr&gt;&lt;tr&gt;&lt;td&gt;VR2W&lt;/td&gt;&lt;td align=center nowrap&gt;Acoustic&lt;/td&gt;&lt;td align=center nowrap&gt;2016-05-26&lt;/td&gt;&lt;td align=center nowrap&gt;2017-10-30&lt;/td&gt;&lt;td align=center nowrap&gt;2017-09-09&lt;/td&gt;&lt;td align=center nowrap&gt;1&lt;/td&gt;&lt;td align=center nowrap&gt;0.0 m&lt;/td&gt;&lt;/tr&gt;&lt;tr&gt;&lt;td&gt;VR2W&lt;/td&gt;&lt;td align=center nowrap&gt;Acoustic&lt;/td&gt;&lt;td align=center nowrap&gt;2017-09-09&lt;/td&gt;&lt;td align=center nowrap&gt;-&lt;/td&gt;&lt;td align=center nowrap&gt;2019-07-18&lt;/td&gt;&lt;td align=center nowrap&gt;-&lt;/td&gt;&lt;td align=center nowrap&gt;0.0 m&lt;/td&gt;&lt;/tr&gt;&lt;/table&gt;&lt;/small&gt;</SimpleData>
                    </SchemaData>
                </ExtendedData>
                <Point>
                    <coordinates>-166.22857,23.82747</coordinates>
                </Point>
            </Placemark>
            <Placemark id="stations_series.fid--2e4a691_19d8297c619_-3caf">
                <ExtendedData>
                    <SchemaData schemaUrl="#stations_series_1">
                        <SimpleData name="collectioncode">PIRAT.PFRL</SimpleData>
                        <SimpleData name="seriescode">PIRAT</SimpleData>
                        <SimpleData name="ocean">MID PACIFIC</SimpleData>
                        <SimpleData name="station_name">FAD CO</SimpleData>
                        <SimpleData name="station_type">Acoustic</SimpleData>
                        <SimpleData name="latitude">21.56167</SimpleData>
                        <SimpleData name="longitude">-158.44667</SimpleData>
                        <SimpleData name="depth">unknown</SimpleData>
                        <SimpleData name="stationstatus">active</SimpleData>
                        <SimpleData name="stationclass">deployed</SimpleData>
                        <SimpleData name="first_year">2006-05-21</SimpleData>
                        <SimpleData name="last_year">2011-09-14</SimpleData>
                        <SimpleData name="notes">&lt;small&gt;&lt;table border=1&gt;&lt;tr&gt;&lt;th&gt;instrument&lt;/th&gt;&lt;th&gt;type&lt;/th&gt;&lt;th&gt;deploy date&lt;/th&gt;&lt;th&gt;last download&lt;/th&gt;&lt;th&gt;recovery date&lt;/th&gt;&lt;th&gt;downloads&lt;/th&gt;&lt;th&gt;offset&lt;/th&gt;&lt;/tr&gt;&lt;tr&gt;&lt;td&gt;VR2&lt;/td&gt;&lt;td align=center nowrap&gt;Acoustic&lt;/td&gt;&lt;td align=center nowrap&gt;2006-05-21&lt;/td&gt;&lt;td align=center nowrap&gt;-&lt;/td&gt;&lt;td align=center nowrap&gt;2007-10-27&lt;/td&gt;&lt;td align=center nowrap&gt;-&lt;/td&gt;&lt;td align=center nowrap&gt;0.0 m&lt;/td&gt;&lt;/tr&gt;&lt;tr&gt;&lt;td&gt;VR2&lt;/td&gt;&lt;td align=center nowrap&gt;Acoustic&lt;/td&gt;&lt;td align=center nowrap&gt;2008-06-18&lt;/td&gt;&lt;td align=center nowrap&gt;-&lt;/td&gt;&lt;td align=center nowrap&gt;2009-01-09&lt;/td&gt;&lt;td align=center nowrap&gt;-&lt;/td&gt;&lt;td align=center nowrap&gt;0.0 m&lt;/td&gt;&lt;/tr&gt;&lt;tr&gt;&lt;td&gt;VR2&lt;/td&gt;&lt;td align=center nowrap&gt;Acoustic&lt;/td&gt;&lt;td align=center nowrap&gt;2009-01-09&lt;/td&gt;&lt;td align=center nowrap&gt;-&lt;/td&gt;&lt;td align=center nowrap&gt;2009-05-30&lt;/td&gt;&lt;td align=center nowrap&gt;-&lt;/td&gt;&lt;td align=center nowrap&gt;0.0 m&lt;/td&gt;&lt;/tr&gt;&lt;tr&gt;&lt;td&gt;VR2&lt;/td&gt;&lt;td align=center nowrap&gt;Acoustic&lt;/td&gt;&lt;td align=center nowrap&gt;2010-03-21&lt;/td&gt;&lt;td align=center nowrap&gt;-&lt;/td&gt;&lt;td align=center nowrap&gt;2010-09-02&lt;/td&gt;&lt;td align=center nowrap&gt;-&lt;/td&gt;&lt;td align=center nowrap&gt;0.0 m&lt;/td&gt;&lt;/tr&gt;&lt;tr&gt;&lt;td&gt;VR2&lt;/td&gt;&lt;td align=center nowrap&gt;Acoustic&lt;/td&gt;&lt;td align=center nowrap&gt;2010-09-02&lt;/td&gt;&lt;td align=center nowrap&gt;-&lt;/td&gt;&lt;td align=center nowrap&gt;2011-09-14&lt;/td&gt;&lt;td align=center nowrap&gt;-&lt;/td&gt;&lt;td align=center nowrap&gt;0.0 m&lt;/td&gt;&lt;/tr&gt;&lt;/table&gt;&lt;/small&gt;</SimpleData>
                    </SchemaData>
                </ExtendedData>
                <Point>
                    <coordinates>-158.44667,21.56167</coordinates>
                </Point>
            </Placemark>
            <Placemark id="stations_series.fid--2e4a691_19d8297c619_-3cae">
                <ExtendedData>
                    <SchemaData schemaUrl="#stations_series_1">
                        <SimpleData name="collectioncode">PIRAT.PFRL</SimpleData>
                        <SimpleData name="seriescode">PIRAT</SimpleData>
                        <SimpleData name="ocean">MID PACIFIC</SimpleData>
                        <SimpleData name="station_name">IN CON</SimpleData>
                        <SimpleData name="station_type">Transceiver</SimpleData>
                        <SimpleData name="latitude">21.61301</SimpleData>
                        <SimpleData name="longitude">-158.14077</SimpleData>
                        <SimpleData name="depth">unknown</SimpleData>
                        <SimpleData name="stationstatus">active</SimpleData>
                        <SimpleData name="stationclass">deployed</SimpleData>
                        <SimpleData name="first_year">2022-08-15</SimpleData>
                        <SimpleData name="notes">&lt;small&gt;&lt;table border=1&gt;&lt;tr&gt;&lt;th&gt;instrument&lt;/th&gt;&lt;th&gt;type&lt;/th&gt;&lt;th&gt;deploy date&lt;/th&gt;&lt;th&gt;last download&lt;/th&gt;&lt;th&gt;recovery date&lt;/th&gt;&lt;th&gt;downloads&lt;/th&gt;&lt;th&gt;offset&lt;/th&gt;&lt;/tr&gt;&lt;tr&gt;&lt;td&gt;VR2AR&lt;/td&gt;&lt;td align=center nowrap&gt;Transceiver&lt;/td&gt;&lt;td align=center nowrap&gt;2022-08-15&lt;/td&gt;&lt;td align=center nowrap&gt;2023-04-04&lt;/td&gt;&lt;td align=center nowrap&gt;2023-03-24&lt;/td&gt;&lt;td align=center nowrap&gt;1&lt;/td&gt;&lt;td align=center nowrap&gt;0.0 m&lt;/td&gt;&lt;/tr&gt;&lt;tr&gt;&lt;td&gt;VR2AR&lt;/td&gt;&lt;td align=center nowrap&gt;Transceiver&lt;/td&gt;&lt;td align=center nowrap&gt;2023-03-24&lt;/td&gt;&lt;td align=center nowrap&gt;2023-10-05&lt;/td&gt;&lt;td align=center nowrap&gt;2023-10-03&lt;/td&gt;&lt;td align=center nowrap&gt;1&lt;/td&gt;&lt;td align=center nowrap&gt;85.0 m&lt;/td&gt;&lt;/tr&gt;&lt;tr&gt;&lt;td&gt;VR2AR&lt;/td&gt;&lt;td align=center nowrap&gt;Transceiver&lt;/td&gt;&lt;td align=center nowrap&gt;2023-10-03&lt;/td&gt;&lt;td align=center nowrap&gt;2024-04-30&lt;/td&gt;&lt;td align=center nowrap&gt;2024-04-29&lt;/td&gt;&lt;td align=center nowrap&gt;1&lt;/td&gt;&lt;td align=center nowrap&gt;79.8 m&lt;/td&gt;&lt;/tr&gt;&lt;tr&gt;&lt;td&gt;VR2AR&lt;/td&gt;&lt;td align=center nowrap&gt;Transceiver&lt;/td&gt;&lt;td align=center nowrap&gt;2024-04-29&lt;/td&gt;&lt;td align=center nowrap&gt;2025-01-02&lt;/td&gt;&lt;td align=center nowrap&gt;2024-11-23&lt;/td&gt;&lt;td align=center nowrap&gt;1&lt;/td&gt;&lt;td align=center nowrap&gt;79.8 m&lt;/td&gt;&lt;/tr&gt;&lt;tr&gt;&lt;td&gt;VR2AR&lt;/td&gt;&lt;td align=center nowrap&gt;Transceiver&lt;/td&gt;&lt;td align=center nowrap&gt;2024-11-23&lt;/td&gt;&lt;td align=center nowrap&gt;2025-06-09&lt;/td&gt;&lt;td align=center nowrap&gt;2025-06-08&lt;/td&gt;&lt;td align=center nowrap&gt;1&lt;/td&gt;&lt;td align=center nowrap&gt;47.6 m&lt;/td&gt;&lt;/tr&gt;&lt;tr&gt;&lt;td&gt;VR2AR&lt;/td&gt;&lt;td align=center nowrap&gt;Transceiver&lt;/td&gt;&lt;td align=center nowrap&gt;2025-06-08&lt;/td&gt;&lt;td align=center nowrap&gt;-&lt;/td&gt;&lt;td align=center nowrap&gt;-&lt;/td&gt;&lt;td align=center nowrap&gt;-&lt;/td&gt;&lt;td align=center nowrap&gt;58.7 m&lt;/td&gt;&lt;/tr&gt;&lt;/table&gt;&lt;/small&gt;</SimpleData>
                    </SchemaData>
                </ExtendedData>
                <Point>
                    <coordinates>-158.14077,21.61301</coordinates>
                </Point>
            </Placemark>
            <Placemark id="stations_series.fid--2e4a691_19d8297c619_-3cad">
                <ExtendedData>
                    <SchemaData schemaUrl="#stations_series_1">
                        <SimpleData name="collectioncode">PIRAT.PFRL</SimpleData>
                        <SimpleData name="seriescode">PIRAT</SimpleData>
                        <SimpleData name="ocean">MID PACIFIC</SimpleData>
                        <SimpleData name="station_name">KEKAHA KAI STATE PARK</SimpleData>
                        <SimpleData name="station_type">Acoustic</SimpleData>
                        <SimpleData name="latitude">19.78425</SimpleData>
                        <SimpleData name="longitude">-156.03905</SimpleData>
                        <SimpleData name="depth">unknown</SimpleData>
                        <SimpleData name="stationstatus">active</SimpleData>
                        <SimpleData name="stationclass">deployed</SimpleData>
                        <SimpleData name="first_year">2002-11-29</SimpleData>
                        <SimpleData name="last_year">2008-08-18</SimpleData>
                        <SimpleData name="notes">&lt;small&gt;&lt;table border=1&gt;&lt;tr&gt;&lt;th&gt;instrument&lt;/th&gt;&lt;th&gt;type&lt;/th&gt;&lt;th&gt;deploy date&lt;/th&gt;&lt;th&gt;last download&lt;/th&gt;&lt;th&gt;recovery date&lt;/th&gt;&lt;th&gt;downloads&lt;/th&gt;&lt;th&gt;offset&lt;/th&gt;&lt;/tr&gt;&lt;tr&gt;&lt;td&gt;VR2&lt;/td&gt;&lt;td align=center nowrap&gt;Acoustic&lt;/td&gt;&lt;td align=center nowrap&gt;2002-11-29&lt;/td&gt;&lt;td align=center nowrap&gt;-&lt;/td&gt;&lt;td align=center nowrap&gt;2002-12-19&lt;/td&gt;&lt;td align=center nowrap&gt;-&lt;/td&gt;&lt;td align=center nowrap&gt;0.0 m&lt;/td&gt;&lt;/tr&gt;&lt;tr&gt;&lt;td&gt;VR2&lt;/td&gt;&lt;td align=center nowrap&gt;Acoustic&lt;/td&gt;&lt;td align=center nowrap&gt;2002-12-19&lt;/td&gt;&lt;td align=center nowrap&gt;-&lt;/td&gt;&lt;td align=center nowrap&gt;2003-02-03&lt;/td&gt;&lt;td align=center nowrap&gt;-&lt;/td&gt;&lt;td align=center nowrap&gt;153.7 m&lt;/td&gt;&lt;/tr&gt;&lt;tr&gt;&lt;td&gt;VR2&lt;/td&gt;&lt;td align=center nowrap&gt;Acoustic&lt;/td&gt;&lt;td align=center nowrap&gt;2003-02-03&lt;/td&gt;&lt;td align=center nowrap&gt;-&lt;/td&gt;&lt;td align=center nowrap&gt;2003-02-08&lt;/td&gt;&lt;td align=center nowrap&gt;-&lt;/td&gt;&lt;td align=center nowrap&gt;153.7 m&lt;/td&gt;&lt;/tr&gt;&lt;tr&gt;&lt;td&gt;VR2&lt;/td&gt;&lt;td align=center nowrap&gt;Acoustic&lt;/td&gt;&lt;td align=center nowrap&gt;2003-02-09&lt;/td&gt;&lt;td align=center nowrap&gt;-&lt;/td&gt;&lt;td align=center nowrap&gt;2003-02-17&lt;/td&gt;&lt;td align=center nowrap&gt;-&lt;/td&gt;&lt;td align=center nowrap&gt;153.7 m&lt;/td&gt;&lt;/tr&gt;&lt;tr&gt;&lt;td&gt;VR2&lt;/td&gt;&lt;td align=center nowrap&gt;Acoustic&lt;/td&gt;&lt;td align=center nowrap&gt;2003-02-18&lt;/td&gt;&lt;td align=center nowrap&gt;-&lt;/td&gt;&lt;td align=center nowrap&gt;2003-03-16&lt;/td&gt;&lt;td align=center nowrap&gt;-&lt;/td&gt;&lt;td align=center nowrap&gt;153.7 m&lt;/td&gt;&lt;/tr&gt;&lt;tr&gt;&lt;td&gt;VR2&lt;/td&gt;&lt;td align=center nowrap&gt;Acoustic&lt;/td&gt;&lt;td align=center nowrap&gt;2003-02-18&lt;/td&gt;&lt;td align=center nowrap&gt;-&lt;/td&gt;&lt;td align=center nowrap&gt;2003-02-18&lt;/td&gt;&lt;td align=center nowrap&gt;-&lt;/td&gt;&lt;td align=center nowrap&gt;153.7 m&lt;/td&gt;&lt;/tr&gt;&lt;tr&gt;&lt;td&gt;VR2&lt;/td&gt;&lt;td align=center nowrap&gt;Acoustic&lt;/td&gt;&lt;td align=center nowrap&gt;2003-03-16&lt;/td&gt;&lt;td align=center nowrap&gt;-&lt;/td&gt;&lt;td align=center nowrap&gt;2003-05-14&lt;/td&gt;&lt;td align=center nowrap&gt;-&lt;/td&gt;&lt;td align=center nowrap&gt;153.7 m&lt;/td&gt;&lt;/tr&gt;&lt;tr&gt;&lt;td&gt;VR2&lt;/td&gt;&lt;td align=center nowrap&gt;Acoustic&lt;/td&gt;&lt;td align=center nowrap&gt;2003-05-14&lt;/td&gt;&lt;td align=center nowrap&gt;-&lt;/td&gt;&lt;td align=center nowrap&gt;2003-06-04&lt;/td&gt;&lt;td align=center nowrap&gt;-&lt;/td&gt;&lt;td align=center nowrap&gt;153.7 m&lt;/td&gt;&lt;/tr&gt;&lt;tr&gt;&lt;td&gt;VR2&lt;/td&gt;&lt;td align=center nowrap&gt;Acoustic&lt;/td&gt;&lt;td align=center nowrap&gt;2003-06-04&lt;/td&gt;&lt;td align=center nowrap&gt;-&lt;/td&gt;&lt;td align=center nowrap&gt;2003-08-16&lt;/td&gt;&lt;td align=center nowrap&gt;-&lt;/td&gt;&lt;td align=center nowrap&gt;153.7 m&lt;/td&gt;&lt;/tr&gt;&lt;tr&gt;&lt;td&gt;VR2&lt;/td&gt;&lt;td align=center nowrap&gt;Acoustic&lt;/td&gt;&lt;td align=center nowrap&gt;2003-08-16&lt;/td&gt;&lt;td align=center nowrap&gt;-&lt;/td&gt;&lt;td align=center nowrap&gt;2003-12-06&lt;/td&gt;&lt;td align=center nowrap&gt;-&lt;/td&gt;&lt;td align=center nowrap&gt;153.7 m&lt;/td&gt;&lt;/tr&gt;&lt;tr&gt;&lt;td&gt;VR2&lt;/td&gt;&lt;td align=center nowrap&gt;Acoustic&lt;/td&gt;&lt;td align=center nowrap&gt;2003-12-06&lt;/td&gt;&lt;td align=center nowrap&gt;-&lt;/td&gt;&lt;td align=center nowrap&gt;2004-01-07&lt;/td&gt;&lt;td align=center nowrap&gt;-&lt;/td&gt;&lt;td align=center nowrap&gt;153.7 m&lt;/td&gt;&lt;/tr&gt;&lt;tr&gt;&lt;td&gt;VR2&lt;/td&gt;&lt;td align=center nowrap&gt;Acoustic&lt;/td&gt;&lt;td align=center nowrap&gt;2004-01-07&lt;/td&gt;&lt;td align=center nowrap&gt;-&lt;/td&gt;&lt;td align=center nowrap&gt;2004-05-31&lt;/td&gt;&lt;td align=center nowrap&gt;-&lt;/td&gt;&lt;td align=center nowrap&gt;153.7 m&lt;/td&gt;&lt;/tr&gt;&lt;tr&gt;&lt;td&gt;VR2&lt;/td&gt;&lt;td align=center nowrap&gt;Acoustic&lt;/td&gt;&lt;td align=center nowrap&gt;2004-05-31&lt;/td&gt;&lt;td align=center nowrap&gt;-&lt;/td&gt;&lt;td align=center nowrap&gt;2004-12-31&lt;/td&gt;&lt;td align=center nowrap&gt;-&lt;/td&gt;&lt;td align=center nowrap&gt;153.7 m&lt;/td&gt;&lt;/tr&gt;&lt;tr&gt;&lt;td&gt;VR2&lt;/td&gt;&lt;td align=center nowrap&gt;Acoustic&lt;/td&gt;&lt;td align=center nowrap&gt;2004-12-31&lt;/td&gt;&lt;td align=center nowrap&gt;-&lt;/td&gt;&lt;td align=center nowrap&gt;2005-07-19&lt;/td&gt;&lt;td align=center nowrap&gt;-&lt;/td&gt;&lt;td align=center nowrap&gt;153.7 m&lt;/td&gt;&lt;/tr&gt;&lt;tr&gt;&lt;td&gt;VR2&lt;/td&gt;&lt;td align=center nowrap&gt;Acoustic&lt;/td&gt;&lt;td align=center nowrap&gt;2005-07-19&lt;/td&gt;&lt;td align=center nowrap&gt;-&lt;/td&gt;&lt;td align=center nowrap&gt;2006-07-23&lt;/td&gt;&lt;td align=center nowrap&gt;-&lt;/td&gt;&lt;td align=center nowrap&gt;153.7 m&lt;/td&gt;&lt;/tr&gt;&lt;tr&gt;&lt;td&gt;VR2&lt;/td&gt;&lt;td align=center nowrap&gt;Acoustic&lt;/td&gt;&lt;td align=center nowrap&gt;2006-07-23&lt;/td&gt;&lt;td align=center nowrap&gt;-&lt;/td&gt;&lt;td align=center nowrap&gt;2006-08-23&lt;/td&gt;&lt;td align=center nowrap&gt;-&lt;/td&gt;&lt;td align=center nowrap&gt;153.7 m&lt;/td&gt;&lt;/tr&gt;&lt;tr&gt;&lt;td&gt;VR2&lt;/td&gt;&lt;td align=center nowrap&gt;Acoustic&lt;/td&gt;&lt;td align=center nowrap&gt;2006-08-23&lt;/td&gt;&lt;td align=center nowrap&gt;-&lt;/td&gt;&lt;td align=center nowrap&gt;2007-06-04&lt;/td&gt;&lt;td align=center nowrap&gt;-&lt;/td&gt;&lt;td align=center nowrap&gt;153.7 m&lt;/td&gt;&lt;/tr&gt;&lt;tr&gt;&lt;td&gt;VR2&lt;/td&gt;&lt;td align=center nowrap&gt;Acoustic&lt;/td&gt;&lt;td align=center nowrap&gt;2007-06-04&lt;/td&gt;&lt;td align=center nowrap&gt;-&lt;/td&gt;&lt;td align=center nowrap&gt;2008-02-16&lt;/td&gt;&lt;td align=center nowrap&gt;-&lt;/td&gt;&lt;td align=center nowrap&gt;153.7 m&lt;/td&gt;&lt;/tr&gt;&lt;tr&gt;&lt;td&gt;VR2&lt;/td&gt;&lt;td align=center nowrap&gt;Acoustic&lt;/td&gt;&lt;td align=center nowrap&gt;2008-02-16&lt;/td&gt;&lt;td align=center nowrap&gt;-&lt;/td&gt;&lt;td align=center nowrap&gt;2008-08-18&lt;/td&gt;&lt;td align=center nowrap&gt;-&lt;/td&gt;&lt;td align=center nowrap&gt;153.7 m&lt;/td&gt;&lt;/tr&gt;&lt;/table&gt;&lt;/small&gt;</SimpleData>
                    </SchemaData>
                </ExtendedData>
                <Point>
                    <coordinates>-156.03905,19.78425</coordinates>
                </Point>
            </Placemark>
            <Placemark id="stations_series.fid--2e4a691_19d8297c619_-3cac">
                <ExtendedData>
                    <SchemaData schemaUrl="#stations_series_1">
                        <SimpleData name="collectioncode">PIRAT.PFRL</SimpleData>
                        <SimpleData name="seriescode">PIRAT</SimpleData>
                        <SimpleData name="ocean">MID PACIFIC</SimpleData>
                        <SimpleData name="station_name">FAD R</SimpleData>
                        <SimpleData name="station_type">Acoustic</SimpleData>
                        <SimpleData name="latitude">21.45833</SimpleData>
                        <SimpleData name="longitude">-158.28167</SimpleData>
                        <SimpleData name="depth">unknown</SimpleData>
                        <SimpleData name="stationstatus">active</SimpleData>
                        <SimpleData name="stationclass">deployed</SimpleData>
                        <SimpleData name="first_year">2007-01-22</SimpleData>
                        <SimpleData name="last_year">2022-07-14</SimpleData>
                        <SimpleData name="notes">&lt;small&gt;&lt;table border=1&gt;&lt;tr&gt;&lt;th&gt;instrument&lt;/th&gt;&lt;th&gt;type&lt;/th&gt;&lt;th&gt;deploy date&lt;/th&gt;&lt;th&gt;last download&lt;/th&gt;&lt;th&gt;recovery date&lt;/th&gt;&lt;th&gt;downloads&lt;/th&gt;&lt;th&gt;offset&lt;/th&gt;&lt;/tr&gt;&lt;tr&gt;&lt;td&gt;VR2&lt;/td&gt;&lt;td align=center nowrap&gt;Acoustic&lt;/td&gt;&lt;td align=center nowrap&gt;2007-01-22&lt;/td&gt;&lt;td align=center nowrap&gt;-&lt;/td&gt;&lt;td align=center nowrap&gt;2007-10-27&lt;/td&gt;&lt;td align=center nowrap&gt;-&lt;/td&gt;&lt;td align=center nowrap&gt;0.0 m&lt;/td&gt;&lt;/tr&gt;&lt;tr&gt;&lt;td&gt;VR2&lt;/td&gt;&lt;td align=center nowrap&gt;Acoustic&lt;/td&gt;&lt;td align=center nowrap&gt;2008-03-26&lt;/td&gt;&lt;td align=center nowrap&gt;-&lt;/td&gt;&lt;td align=center nowrap&gt;2009-01-06&lt;/td&gt;&lt;td align=center nowrap&gt;-&lt;/td&gt;&lt;td align=center nowrap&gt;0.0 m&lt;/td&gt;&lt;/tr&gt;&lt;tr&gt;&lt;td&gt;VR2&lt;/td&gt;&lt;td align=center nowrap&gt;Acoustic&lt;/td&gt;&lt;td align=center nowrap&gt;2009-01-06&lt;/td&gt;&lt;td align=center nowrap&gt;-&lt;/td&gt;&lt;td align=center nowrap&gt;2009-10-05&lt;/td&gt;&lt;td align=center nowrap&gt;-&lt;/td&gt;&lt;td align=center nowrap&gt;0.0 m&lt;/td&gt;&lt;/tr&gt;&lt;tr&gt;&lt;td&gt;VR2&lt;/td&gt;&lt;td align=center nowrap&gt;Acoustic&lt;/td&gt;&lt;td align=center nowrap&gt;2010-06-29&lt;/td&gt;&lt;td align=center nowrap&gt;-&lt;/td&gt;&lt;td align=center nowrap&gt;2011-09-14&lt;/td&gt;&lt;td align=center nowrap&gt;-&lt;/td&gt;&lt;td align=center nowrap&gt;0.0 m&lt;/td&gt;&lt;/tr&gt;&lt;tr&gt;&lt;td&gt;VR2W&lt;/td&gt;&lt;td align=center nowrap&gt;Acoustic&lt;/td&gt;&lt;td align=center nowrap&gt;2022-02-14&lt;/td&gt;&lt;td align=center nowrap&gt;2022-07-15&lt;/td&gt;&lt;td align=center nowrap&gt;2022-07-14&lt;/td&gt;&lt;td align=center nowrap&gt;1&lt;/td&gt;&lt;td align=center nowrap&gt;0.0 m&lt;/td&gt;&lt;/tr&gt;&lt;/table&gt;&lt;/small&gt;</SimpleData>
                    </SchemaData>
                </ExtendedData>
                <Point>
                    <coordinates>-158.28167,21.45833</coordinates>
                </Point>
            </Placemark>
            <Placemark id="stations_series.fid--2e4a691_19d8297c619_-3cab">
                <ExtendedData>
                    <SchemaData schemaUrl="#stations_series_1">
                        <SimpleData name="collectioncode">PIRAT.PFRL</SimpleData>
                        <SimpleData name="seriescode">PIRAT</SimpleData>
                        <SimpleData name="ocean">MID PACIFIC</SimpleData>
                        <SimpleData name="station_name">Kipapa  Deep</SimpleData>
                        <SimpleData name="station_type">Acoustic</SimpleData>
                        <SimpleData name="latitude">21.50922</SimpleData>
                        <SimpleData name="longitude">-157.76558</SimpleData>
                        <SimpleData name="depth">unknown</SimpleData>
                        <SimpleData name="stationstatus">active</SimpleData>
                        <SimpleData name="stationclass">deployed</SimpleData>
                        <SimpleData name="first_year">2012-12-07</SimpleData>
                        <SimpleData name="last_year">2019-11-27</SimpleData>
                        <SimpleData name="notes">&lt;small&gt;&lt;table border=1&gt;&lt;tr&gt;&lt;th&gt;instrument&lt;/th&gt;&lt;th&gt;type&lt;/th&gt;&lt;th&gt;deploy date&lt;/th&gt;&lt;th&gt;last download&lt;/th&gt;&lt;th&gt;recovery date&lt;/th&gt;&lt;th&gt;downloads&lt;/th&gt;&lt;th&gt;offset&lt;/th&gt;&lt;/tr&gt;&lt;tr&gt;&lt;td&gt;VR2W&lt;/td&gt;&lt;td align=center nowrap&gt;Acoustic&lt;/td&gt;&lt;td align=center nowrap&gt;2012-12-07&lt;/td&gt;&lt;td align=center nowrap&gt;2013-11-20&lt;/td&gt;&lt;td align=center nowrap&gt;2013-11-19&lt;/td&gt;&lt;td align=center nowrap&gt;1&lt;/td&gt;&lt;td align=center nowrap&gt;0.0 m&lt;/td&gt;&lt;/tr&gt;&lt;tr&gt;&lt;td&gt;VR2W&lt;/td&gt;&lt;td align=center nowrap&gt;Acoustic&lt;/td&gt;&lt;td align=center nowrap&gt;2013-11-19&lt;/td&gt;&lt;td align=center nowrap&gt;2014-11-24&lt;/td&gt;&lt;td align=center nowrap&gt;2014-11-23&lt;/td&gt;&lt;td align=center nowrap&gt;2&lt;/td&gt;&lt;td align=center nowrap&gt;38.0 m&lt;/td&gt;&lt;/tr&gt;&lt;tr&gt;&lt;td&gt;VR2W&lt;/td&gt;&lt;td align=center nowrap&gt;Acoustic&lt;/td&gt;&lt;td align=center nowrap&gt;2014-11-26&lt;/td&gt;&lt;td align=center nowrap&gt;2015-06-01&lt;/td&gt;&lt;td align=center nowrap&gt;2015-05-29&lt;/td&gt;&lt;td align=center nowrap&gt;1&lt;/td&gt;&lt;td align=center nowrap&gt;38.0 m&lt;/td&gt;&lt;/tr&gt;&lt;tr&gt;&lt;td&gt;VR2W&lt;/td&gt;&lt;td align=center nowrap&gt;Acoustic&lt;/td&gt;&lt;td align=center nowrap&gt;2015-05-29&lt;/td&gt;&lt;td align=center nowrap&gt;2016-09-28&lt;/td&gt;&lt;td align=center nowrap&gt;2016-09-15&lt;/td&gt;&lt;td align=center nowrap&gt;1&lt;/td&gt;&lt;td align=center nowrap&gt;38.0 m&lt;/td&gt;&lt;/tr&gt;&lt;tr&gt;&lt;td&gt;VR2W&lt;/td&gt;&lt;td align=center nowrap&gt;Acoustic&lt;/td&gt;&lt;td align=center nowrap&gt;2016-09-15&lt;/td&gt;&lt;td align=center nowrap&gt;2017-09-20&lt;/td&gt;&lt;td align=center nowrap&gt;2017-08-30&lt;/td&gt;&lt;td align=center nowrap&gt;1&lt;/td&gt;&lt;td align=center nowrap&gt;38.0 m&lt;/td&gt;&lt;/tr&gt;&lt;tr&gt;&lt;td&gt;VR2W&lt;/td&gt;&lt;td align=center nowrap&gt;Acoustic&lt;/td&gt;&lt;td align=center nowrap&gt;2017-08-30&lt;/td&gt;&lt;td align=center nowrap&gt;2018-10-11&lt;/td&gt;&lt;td align=center nowrap&gt;2018-10-04&lt;/td&gt;&lt;td align=center nowrap&gt;1&lt;/td&gt;&lt;td align=center nowrap&gt;38.0 m&lt;/td&gt;&lt;/tr&gt;&lt;tr&gt;&lt;td&gt;VR2W&lt;/td&gt;&lt;td align=center nowrap&gt;Acoustic&lt;/td&gt;&lt;td align=center nowrap&gt;2018-10-04&lt;/td&gt;&lt;td align=center nowrap&gt;2019-11-28&lt;/td&gt;&lt;td align=center nowrap&gt;2019-11-27&lt;/td&gt;&lt;td align=center nowrap&gt;1&lt;/td&gt;&lt;td align=center nowrap&gt;38.0 m&lt;/td&gt;&lt;/tr&gt;&lt;/table&gt;&lt;/small&gt;</SimpleData>
                    </SchemaData>
                </ExtendedData>
                <Point>
                    <coordinates>-157.76558,21.50922</coordinates>
                </Point>
            </Placemark>
            <Placemark id="stations_series.fid--2e4a691_19d8297c619_-3caa">
                <ExtendedData>
                    <SchemaData schemaUrl="#stations_series_1">
                        <SimpleData name="collectioncode">PIRAT.PFRL</SimpleData>
                        <SimpleData name="seriescode">PIRAT</SimpleData>
                        <SimpleData name="ocean">MID PACIFIC</SimpleData>
                        <SimpleData name="station_name">PHR DEEP LEDGE 1</SimpleData>
                        <SimpleData name="station_type">Acoustic</SimpleData>
                        <SimpleData name="latitude">27.76206</SimpleData>
                        <SimpleData name="longitude">-175.98315</SimpleData>
                        <SimpleData name="depth">unknown</SimpleData>
                        <SimpleData name="stationstatus">active</SimpleData>
                        <SimpleData name="stationclass">deployed</SimpleData>
                        <SimpleData name="first_year">2011-09-14</SimpleData>
                        <SimpleData name="last_year">2017-09-16</SimpleData>
                        <SimpleData name="notes">&lt;small&gt;&lt;table border=1&gt;&lt;tr&gt;&lt;th&gt;instrument&lt;/th&gt;&lt;th&gt;type&lt;/th&gt;&lt;th&gt;deploy date&lt;/th&gt;&lt;th&gt;last download&lt;/th&gt;&lt;th&gt;recovery date&lt;/th&gt;&lt;th&gt;downloads&lt;/th&gt;&lt;th&gt;offset&lt;/th&gt;&lt;/tr&gt;&lt;tr&gt;&lt;td&gt;VR2W&lt;/td&gt;&lt;td align=center nowrap&gt;Acoustic&lt;/td&gt;&lt;td align=center nowrap&gt;2011-09-14&lt;/td&gt;&lt;td align=center nowrap&gt;-&lt;/td&gt;&lt;td align=center nowrap&gt;2012-09-14&lt;/td&gt;&lt;td align=center nowrap&gt;-&lt;/td&gt;&lt;td align=center nowrap&gt;0.0 m&lt;/td&gt;&lt;/tr&gt;&lt;tr&gt;&lt;td&gt;VR2W&lt;/td&gt;&lt;td align=center nowrap&gt;Acoustic&lt;/td&gt;&lt;td align=center nowrap&gt;2014-09-18&lt;/td&gt;&lt;td align=center nowrap&gt;2015-09-16&lt;/td&gt;&lt;td align=center nowrap&gt;2015-09-13&lt;/td&gt;&lt;td align=center nowrap&gt;1&lt;/td&gt;&lt;td align=center nowrap&gt;0.0 m&lt;/td&gt;&lt;/tr&gt;&lt;tr&gt;&lt;td&gt;VR2W&lt;/td&gt;&lt;td align=center nowrap&gt;Acoustic&lt;/td&gt;&lt;td align=center nowrap&gt;2015-09-13&lt;/td&gt;&lt;td align=center nowrap&gt;2016-06-10&lt;/td&gt;&lt;td align=center nowrap&gt;2016-06-02&lt;/td&gt;&lt;td align=center nowrap&gt;1&lt;/td&gt;&lt;td align=center nowrap&gt;0.0 m&lt;/td&gt;&lt;/tr&gt;&lt;tr&gt;&lt;td&gt;VR2W&lt;/td&gt;&lt;td align=center nowrap&gt;Acoustic&lt;/td&gt;&lt;td align=center nowrap&gt;2016-06-02&lt;/td&gt;&lt;td align=center nowrap&gt;2017-10-30&lt;/td&gt;&lt;td align=center nowrap&gt;2017-09-16&lt;/td&gt;&lt;td align=center nowrap&gt;1&lt;/td&gt;&lt;td align=center nowrap&gt;0.0 m&lt;/td&gt;&lt;/tr&gt;&lt;/table&gt;&lt;/small&gt;</SimpleData>
                    </SchemaData>
                </ExtendedData>
                <Point>
                    <coordinates>-175.98315,27.76206</coordinates>
                </Point>
            </Placemark>
            <Placemark id="stations_series.fid--2e4a691_19d8297c619_-3ca9">
                <ExtendedData>
                    <SchemaData schemaUrl="#stations_series_1">
                        <SimpleData name="collectioncode">PIRAT.PFRL</SimpleData>
                        <SimpleData name="seriescode">PIRAT</SimpleData>
                        <SimpleData name="ocean">MID PACIFIC</SimpleData>
                        <SimpleData name="station_name">LESLIE MOORINGS</SimpleData>
                        <SimpleData name="station_type">Acoustic</SimpleData>
                        <SimpleData name="latitude">19.47431</SimpleData>
                        <SimpleData name="longitude">-155.9243</SimpleData>
                        <SimpleData name="depth">unknown</SimpleData>
                        <SimpleData name="stationstatus">active</SimpleData>
                        <SimpleData name="stationclass">deployed</SimpleData>
                        <SimpleData name="first_year">2005-12-10</SimpleData>
                        <SimpleData name="last_year">2010-12-19</SimpleData>
                        <SimpleData name="notes">&lt;small&gt;&lt;table border=1&gt;&lt;tr&gt;&lt;th&gt;instrument&lt;/th&gt;&lt;th&gt;type&lt;/th&gt;&lt;th&gt;deploy date&lt;/th&gt;&lt;th&gt;last download&lt;/th&gt;&lt;th&gt;recovery date&lt;/th&gt;&lt;th&gt;downloads&lt;/th&gt;&lt;th&gt;offset&lt;/th&gt;&lt;/tr&gt;&lt;tr&gt;&lt;td&gt;VR2&lt;/td&gt;&lt;td align=center nowrap&gt;Acoustic&lt;/td&gt;&lt;td align=center nowrap&gt;2005-12-10&lt;/td&gt;&lt;td align=center nowrap&gt;-&lt;/td&gt;&lt;td align=center nowrap&gt;2006-02-17&lt;/td&gt;&lt;td align=center nowrap&gt;-&lt;/td&gt;&lt;td align=center nowrap&gt;0.0 m&lt;/td&gt;&lt;/tr&gt;&lt;tr&gt;&lt;td&gt;VR2&lt;/td&gt;&lt;td align=center nowrap&gt;Acoustic&lt;/td&gt;&lt;td align=center nowrap&gt;2006-02-17&lt;/td&gt;&lt;td align=center nowrap&gt;-&lt;/td&gt;&lt;td align=center nowrap&gt;2006-06-27&lt;/td&gt;&lt;td align=center nowrap&gt;-&lt;/td&gt;&lt;td align=center nowrap&gt;0.0 m&lt;/td&gt;&lt;/tr&gt;&lt;tr&gt;&lt;td&gt;VR2&lt;/td&gt;&lt;td align=center nowrap&gt;Acoustic&lt;/td&gt;&lt;td align=center nowrap&gt;2006-06-27&lt;/td&gt;&lt;td align=center nowrap&gt;-&lt;/td&gt;&lt;td align=center nowrap&gt;2007-05-13&lt;/td&gt;&lt;td align=center nowrap&gt;-&lt;/td&gt;&lt;td align=center nowrap&gt;0.0 m&lt;/td&gt;&lt;/tr&gt;&lt;tr&gt;&lt;td&gt;VR2&lt;/td&gt;&lt;td align=center nowrap&gt;Acoustic&lt;/td&gt;&lt;td align=center nowrap&gt;2007-05-14&lt;/td&gt;&lt;td align=center nowrap&gt;-&lt;/td&gt;&lt;td align=center nowrap&gt;2008-08-21&lt;/td&gt;&lt;td align=center nowrap&gt;-&lt;/td&gt;&lt;td align=center nowrap&gt;656.8 m&lt;/td&gt;&lt;/tr&gt;&lt;tr&gt;&lt;td&gt;VR2W&lt;/td&gt;&lt;td align=center nowrap&gt;Acoustic&lt;/td&gt;&lt;td align=center nowrap&gt;2008-11-24&lt;/td&gt;&lt;td align=center nowrap&gt;-&lt;/td&gt;&lt;td align=center nowrap&gt;2010-12-19&lt;/td&gt;&lt;td align=center nowrap&gt;-&lt;/td&gt;&lt;td align=center nowrap&gt;0.0 m&lt;/td&gt;&lt;/tr&gt;&lt;/table&gt;&lt;/small&gt;</SimpleData>
                    </SchemaData>
                </ExtendedData>
                <Point>
                    <coordinates>-155.9243,19.47431</coordinates>
                </Point>
            </Placemark>
            <Placemark id="stations_series.fid--2e4a691_19d8297c619_-3ca8">
                <ExtendedData>
                    <SchemaData schemaUrl="#stations_series_1">
                        <SimpleData name="collectioncode">PIRAT.PFRL</SimpleData>
                        <SimpleData name="seriescode">PIRAT</SimpleData>
                        <SimpleData name="ocean">MID PACIFIC</SimpleData>
                        <SimpleData name="station_name">KURE NORTH FLATS</SimpleData>
                        <SimpleData name="station_type">Acoustic</SimpleData>
                        <SimpleData name="latitude">28.45215</SimpleData>
                        <SimpleData name="longitude">-178.31523</SimpleData>
                        <SimpleData name="depth">unknown</SimpleData>
                        <SimpleData name="stationstatus">active</SimpleData>
                        <SimpleData name="stationclass">deployed</SimpleData>
                        <SimpleData name="first_year">2005-06-01</SimpleData>
                        <SimpleData name="last_year">2008-08-12</SimpleData>
                        <SimpleData name="notes">&lt;small&gt;&lt;table border=1&gt;&lt;tr&gt;&lt;th&gt;instrument&lt;/th&gt;&lt;th&gt;type&lt;/th&gt;&lt;th&gt;deploy date&lt;/th&gt;&lt;th&gt;last download&lt;/th&gt;&lt;th&gt;recovery date&lt;/th&gt;&lt;th&gt;downloads&lt;/th&gt;&lt;th&gt;offset&lt;/th&gt;&lt;/tr&gt;&lt;tr&gt;&lt;td&gt;VR2&lt;/td&gt;&lt;td align=center nowrap&gt;Acoustic&lt;/td&gt;&lt;td align=center nowrap&gt;2005-06-01&lt;/td&gt;&lt;td align=center nowrap&gt;-&lt;/td&gt;&lt;td align=center nowrap&gt;2005-09-29&lt;/td&gt;&lt;td align=center nowrap&gt;-&lt;/td&gt;&lt;td align=center nowrap&gt;0.0 m&lt;/td&gt;&lt;/tr&gt;&lt;tr&gt;&lt;td&gt;VR2&lt;/td&gt;&lt;td align=center nowrap&gt;Acoustic&lt;/td&gt;&lt;td align=center nowrap&gt;2005-09-30&lt;/td&gt;&lt;td align=center nowrap&gt;-&lt;/td&gt;&lt;td align=center nowrap&gt;2006-09-17&lt;/td&gt;&lt;td align=center nowrap&gt;-&lt;/td&gt;&lt;td align=center nowrap&gt;0.0 m&lt;/td&gt;&lt;/tr&gt;&lt;tr&gt;&lt;td&gt;VR2&lt;/td&gt;&lt;td align=center nowrap&gt;Acoustic&lt;/td&gt;&lt;td align=center nowrap&gt;2006-09-18&lt;/td&gt;&lt;td align=center nowrap&gt;-&lt;/td&gt;&lt;td align=center nowrap&gt;2008-08-12&lt;/td&gt;&lt;td align=center nowrap&gt;-&lt;/td&gt;&lt;td align=center nowrap&gt;0.0 m&lt;/td&gt;&lt;/tr&gt;&lt;/table&gt;&lt;/small&gt;</SimpleData>
                    </SchemaData>
                </ExtendedData>
                <Point>
                    <coordinates>-178.31523,28.45215</coordinates>
                </Point>
            </Placemark>
            <Placemark id="stations_series.fid--2e4a691_19d8297c619_-3ca7">
                <ExtendedData>
                    <SchemaData schemaUrl="#stations_series_1">
                        <SimpleData name="collectioncode">PIRAT.PFRL</SimpleData>
                        <SimpleData name="seriescode">PIRAT</SimpleData>
                        <SimpleData name="ocean">MID PACIFIC</SimpleData>
                        <SimpleData name="station_name">SUCK-EM-UP</SimpleData>
                        <SimpleData name="station_type">Acoustic</SimpleData>
                        <SimpleData name="latitude">19.69147</SimpleData>
                        <SimpleData name="longitude">-156.04177</SimpleData>
                        <SimpleData name="depth">unknown</SimpleData>
                        <SimpleData name="stationstatus">active</SimpleData>
                        <SimpleData name="stationclass">deployed</SimpleData>
                        <SimpleData name="first_year">2003-10-08</SimpleData>
                        <SimpleData name="last_year">2008-08-17</SimpleData>
                        <SimpleData name="notes">&lt;small&gt;&lt;table border=1&gt;&lt;tr&gt;&lt;th&gt;instrument&lt;/th&gt;&lt;th&gt;type&lt;/th&gt;&lt;th&gt;deploy date&lt;/th&gt;&lt;th&gt;last download&lt;/th&gt;&lt;th&gt;recovery date&lt;/th&gt;&lt;th&gt;downloads&lt;/th&gt;&lt;th&gt;offset&lt;/th&gt;&lt;/tr&gt;&lt;tr&gt;&lt;td&gt;VR2&lt;/td&gt;&lt;td align=center nowrap&gt;Acoustic&lt;/td&gt;&lt;td align=center nowrap&gt;2003-10-08&lt;/td&gt;&lt;td align=center nowrap&gt;-&lt;/td&gt;&lt;td align=center nowrap&gt;2003-11-05&lt;/td&gt;&lt;td align=center nowrap&gt;-&lt;/td&gt;&lt;td align=center nowrap&gt;0.0 m&lt;/td&gt;&lt;/tr&gt;&lt;tr&gt;&lt;td&gt;VR2&lt;/td&gt;&lt;td align=center nowrap&gt;Acoustic&lt;/td&gt;&lt;td align=center nowrap&gt;2003-11-05&lt;/td&gt;&lt;td align=center nowrap&gt;-&lt;/td&gt;&lt;td align=center nowrap&gt;2003-12-10&lt;/td&gt;&lt;td align=center nowrap&gt;-&lt;/td&gt;&lt;td align=center nowrap&gt;0.0 m&lt;/td&gt;&lt;/tr&gt;&lt;tr&gt;&lt;td&gt;VR2&lt;/td&gt;&lt;td align=center nowrap&gt;Acoustic&lt;/td&gt;&lt;td align=center nowrap&gt;2003-12-10&lt;/td&gt;&lt;td align=center nowrap&gt;-&lt;/td&gt;&lt;td align=center nowrap&gt;2004-01-06&lt;/td&gt;&lt;td align=center nowrap&gt;-&lt;/td&gt;&lt;td align=center nowrap&gt;0.0 m&lt;/td&gt;&lt;/tr&gt;&lt;tr&gt;&lt;td&gt;VR2&lt;/td&gt;&lt;td align=center nowrap&gt;Acoustic&lt;/td&gt;&lt;td align=center nowrap&gt;2004-01-07&lt;/td&gt;&lt;td align=center nowrap&gt;-&lt;/td&gt;&lt;td align=center nowrap&gt;2004-05-28&lt;/td&gt;&lt;td align=center nowrap&gt;-&lt;/td&gt;&lt;td align=center nowrap&gt;0.0 m&lt;/td&gt;&lt;/tr&gt;&lt;tr&gt;&lt;td&gt;VR2&lt;/td&gt;&lt;td align=center nowrap&gt;Acoustic&lt;/td&gt;&lt;td align=center nowrap&gt;2004-05-29&lt;/td&gt;&lt;td align=center nowrap&gt;-&lt;/td&gt;&lt;td align=center nowrap&gt;2004-07-27&lt;/td&gt;&lt;td align=center nowrap&gt;-&lt;/td&gt;&lt;td align=center nowrap&gt;0.0 m&lt;/td&gt;&lt;/tr&gt;&lt;tr&gt;&lt;td&gt;VR2&lt;/td&gt;&lt;td align=center nowrap&gt;Acoustic&lt;/td&gt;&lt;td align=center nowrap&gt;2004-07-27&lt;/td&gt;&lt;td align=center nowrap&gt;-&lt;/td&gt;&lt;td align=center nowrap&gt;2004-09-19&lt;/td&gt;&lt;td align=center nowrap&gt;-&lt;/td&gt;&lt;td align=center nowrap&gt;0.0 m&lt;/td&gt;&lt;/tr&gt;&lt;tr&gt;&lt;td&gt;VR2&lt;/td&gt;&lt;td align=center nowrap&gt;Acoustic&lt;/td&gt;&lt;td align=center nowrap&gt;2004-09-19&lt;/td&gt;&lt;td align=center nowrap&gt;-&lt;/td&gt;&lt;td align=center nowrap&gt;2004-12-26&lt;/td&gt;&lt;td align=center nowrap&gt;-&lt;/td&gt;&lt;td align=center nowrap&gt;0.0 m&lt;/td&gt;&lt;/tr&gt;&lt;tr&gt;&lt;td&gt;VR2&lt;/td&gt;&lt;td align=center nowrap&gt;Acoustic&lt;/td&gt;&lt;td align=center nowrap&gt;2004-12-27&lt;/td&gt;&lt;td align=center nowrap&gt;-&lt;/td&gt;&lt;td align=center nowrap&gt;2005-07-21&lt;/td&gt;&lt;td align=center nowrap&gt;-&lt;/td&gt;&lt;td align=center nowrap&gt;0.0 m&lt;/td&gt;&lt;/tr&gt;&lt;tr&gt;&lt;td&gt;VR2&lt;/td&gt;&lt;td align=center nowrap&gt;Acoustic&lt;/td&gt;&lt;td align=center nowrap&gt;2005-07-21&lt;/td&gt;&lt;td align=center nowrap&gt;-&lt;/td&gt;&lt;td align=center nowrap&gt;2006-01-05&lt;/td&gt;&lt;td align=center nowrap&gt;-&lt;/td&gt;&lt;td align=center nowrap&gt;0.0 m&lt;/td&gt;&lt;/tr&gt;&lt;tr&gt;&lt;td&gt;VR2&lt;/td&gt;&lt;td align=center nowrap&gt;Acoustic&lt;/td&gt;&lt;td align=center nowrap&gt;2006-01-05&lt;/td&gt;&lt;td align=center nowrap&gt;-&lt;/td&gt;&lt;td align=center nowrap&gt;2006-08-22&lt;/td&gt;&lt;td align=center nowrap&gt;-&lt;/td&gt;&lt;td align=center nowrap&gt;0.0 m&lt;/td&gt;&lt;/tr&gt;&lt;tr&gt;&lt;td&gt;VR2&lt;/td&gt;&lt;td align=center nowrap&gt;Acoustic&lt;/td&gt;&lt;td align=center nowrap&gt;2006-08-22&lt;/td&gt;&lt;td align=center nowrap&gt;-&lt;/td&gt;&lt;td align=center nowrap&gt;2007-06-16&lt;/td&gt;&lt;td align=center nowrap&gt;-&lt;/td&gt;&lt;td align=center nowrap&gt;0.0 m&lt;/td&gt;&lt;/tr&gt;&lt;tr&gt;&lt;td&gt;VR2&lt;/td&gt;&lt;td align=center nowrap&gt;Acoustic&lt;/td&gt;&lt;td align=center nowrap&gt;2007-06-16&lt;/td&gt;&lt;td align=center nowrap&gt;-&lt;/td&gt;&lt;td align=center nowrap&gt;2008-02-13&lt;/td&gt;&lt;td align=center nowrap&gt;-&lt;/td&gt;&lt;td align=center nowrap&gt;0.0 m&lt;/td&gt;&lt;/tr&gt;&lt;tr&gt;&lt;td&gt;VR2&lt;/td&gt;&lt;td align=center nowrap&gt;Acoustic&lt;/td&gt;&lt;td align=center nowrap&gt;2008-02-13&lt;/td&gt;&lt;td align=center nowrap&gt;-&lt;/td&gt;&lt;td align=center nowrap&gt;2008-08-17&lt;/td&gt;&lt;td align=center nowrap&gt;-&lt;/td&gt;&lt;td align=center nowrap&gt;0.0 m&lt;/td&gt;&lt;/tr&gt;&lt;/table&gt;&lt;/small&gt;</SimpleData>
                    </SchemaData>
                </ExtendedData>
                <Point>
                    <coordinates>-156.04177,19.69147</coordinates>
                </Point>
            </Placemark>
            <Placemark id="stations_series.fid--2e4a691_19d8297c619_-3ca6">
                <ExtendedData>
                    <SchemaData schemaUrl="#stations_series_1">
                        <SimpleData name="collectioncode">PIRAT.PFRL</SimpleData>
                        <SimpleData name="seriescode">PIRAT</SimpleData>
                        <SimpleData name="ocean">MID PACIFIC</SimpleData>
                        <SimpleData name="station_name">FFS GINS DEEP</SimpleData>
                        <SimpleData name="station_type">Acoustic</SimpleData>
                        <SimpleData name="latitude">23.72615</SimpleData>
                        <SimpleData name="longitude">-166.18963</SimpleData>
                        <SimpleData name="depth">unknown</SimpleData>
                        <SimpleData name="stationstatus">active</SimpleData>
                        <SimpleData name="stationclass">deployed</SimpleData>
                        <SimpleData name="first_year">2008-06-07</SimpleData>
                        <SimpleData name="last_year">2017-09-10</SimpleData>
                        <SimpleData name="notes">&lt;small&gt;&lt;table border=1&gt;&lt;tr&gt;&lt;th&gt;instrument&lt;/th&gt;&lt;th&gt;type&lt;/th&gt;&lt;th&gt;deploy date&lt;/th&gt;&lt;th&gt;last download&lt;/th&gt;&lt;th&gt;recovery date&lt;/th&gt;&lt;th&gt;downloads&lt;/th&gt;&lt;th&gt;offset&lt;/th&gt;&lt;/tr&gt;&lt;tr&gt;&lt;td&gt;VR2W&lt;/td&gt;&lt;td align=center nowrap&gt;Acoustic&lt;/td&gt;&lt;td align=center nowrap&gt;2008-06-07&lt;/td&gt;&lt;td align=center nowrap&gt;-&lt;/td&gt;&lt;td align=center nowrap&gt;2009-06-14&lt;/td&gt;&lt;td align=center nowrap&gt;-&lt;/td&gt;&lt;td align=center nowrap&gt;0.0 m&lt;/td&gt;&lt;/tr&gt;&lt;tr&gt;&lt;td&gt;VR2W&lt;/td&gt;&lt;td align=center nowrap&gt;Acoustic&lt;/td&gt;&lt;td align=center nowrap&gt;2009-06-14&lt;/td&gt;&lt;td align=center nowrap&gt;-&lt;/td&gt;&lt;td align=center nowrap&gt;2010-05-14&lt;/td&gt;&lt;td align=center nowrap&gt;-&lt;/td&gt;&lt;td align=center nowrap&gt;2035.2 m&lt;/td&gt;&lt;/tr&gt;&lt;tr&gt;&lt;td&gt;VR2W&lt;/td&gt;&lt;td align=center nowrap&gt;Acoustic&lt;/td&gt;&lt;td align=center nowrap&gt;2010-05-14&lt;/td&gt;&lt;td align=center nowrap&gt;-&lt;/td&gt;&lt;td align=center nowrap&gt;2011-09-09&lt;/td&gt;&lt;td align=center nowrap&gt;-&lt;/td&gt;&lt;td align=center nowrap&gt;2035.2 m&lt;/td&gt;&lt;/tr&gt;&lt;tr&gt;&lt;td&gt;VR2W&lt;/td&gt;&lt;td align=center nowrap&gt;Acoustic&lt;/td&gt;&lt;td align=center nowrap&gt;2011-09-09&lt;/td&gt;&lt;td align=center nowrap&gt;-&lt;/td&gt;&lt;td align=center nowrap&gt;2012-07-08&lt;/td&gt;&lt;td align=center nowrap&gt;-&lt;/td&gt;&lt;td align=center nowrap&gt;2035.2 m&lt;/td&gt;&lt;/tr&gt;&lt;tr&gt;&lt;td&gt;VR2W&lt;/td&gt;&lt;td align=center nowrap&gt;Acoustic&lt;/td&gt;&lt;td align=center nowrap&gt;2012-07-08&lt;/td&gt;&lt;td align=center nowrap&gt;2013-06-13&lt;/td&gt;&lt;td align=center nowrap&gt;2013-05-20&lt;/td&gt;&lt;td align=center nowrap&gt;1&lt;/td&gt;&lt;td align=center nowrap&gt;2035.2 m&lt;/td&gt;&lt;/tr&gt;&lt;tr&gt;&lt;td&gt;VR2W&lt;/td&gt;&lt;td align=center nowrap&gt;Acoustic&lt;/td&gt;&lt;td align=center nowrap&gt;2013-05-21&lt;/td&gt;&lt;td align=center nowrap&gt;-&lt;/td&gt;&lt;td align=center nowrap&gt;2014-09-12&lt;/td&gt;&lt;td align=center nowrap&gt;-&lt;/td&gt;&lt;td align=center nowrap&gt;2035.2 m&lt;/td&gt;&lt;/tr&gt;&lt;tr&gt;&lt;td&gt;VR2W&lt;/td&gt;&lt;td align=center nowrap&gt;Acoustic&lt;/td&gt;&lt;td align=center nowrap&gt;2014-09-12&lt;/td&gt;&lt;td align=center nowrap&gt;2015-09-09&lt;/td&gt;&lt;td align=center nowrap&gt;2015-09-08&lt;/td&gt;&lt;td align=center nowrap&gt;1&lt;/td&gt;&lt;td align=center nowrap&gt;2035.2 m&lt;/td&gt;&lt;/tr&gt;&lt;tr&gt;&lt;td&gt;VR2W&lt;/td&gt;&lt;td align=center nowrap&gt;Acoustic&lt;/td&gt;&lt;td align=center nowrap&gt;2015-09-08&lt;/td&gt;&lt;td align=center nowrap&gt;2016-05-28&lt;/td&gt;&lt;td align=center nowrap&gt;2016-05-26&lt;/td&gt;&lt;td align=center nowrap&gt;1&lt;/td&gt;&lt;td align=center nowrap&gt;2035.2 m&lt;/td&gt;&lt;/tr&gt;&lt;tr&gt;&lt;td&gt;VR2W&lt;/td&gt;&lt;td align=center nowrap&gt;Acoustic&lt;/td&gt;&lt;td align=center nowrap&gt;2016-05-26&lt;/td&gt;&lt;td align=center nowrap&gt;2017-10-30&lt;/td&gt;&lt;td align=center nowrap&gt;2017-09-10&lt;/td&gt;&lt;td align=center nowrap&gt;1&lt;/td&gt;&lt;td align=center nowrap&gt;2035.2 m&lt;/td&gt;&lt;/tr&gt;&lt;/table&gt;&lt;/small&gt;</SimpleData>
                    </SchemaData>
                </ExtendedData>
                <Point>
                    <coordinates>-166.18963,23.72615</coordinates>
                </Point>
            </Placemark>
            <Placemark id="stations_series.fid--2e4a691_19d8297c619_-3ca5">
                <ExtendedData>
                    <SchemaData schemaUrl="#stations_series_1">
                        <SimpleData name="collectioncode">PIRAT.PFRL</SimpleData>
                        <SimpleData name="seriescode">PIRAT</SimpleData>
                        <SimpleData name="ocean">MID PACIFIC</SimpleData>
                        <SimpleData name="station_name">Ulua Cave Kaneohe</SimpleData>
                        <SimpleData name="station_type">Acoustic</SimpleData>
                        <SimpleData name="latitude">21.50165</SimpleData>
                        <SimpleData name="longitude">-157.79363</SimpleData>
                        <SimpleData name="depth">unknown</SimpleData>
                        <SimpleData name="stationstatus">active</SimpleData>
                        <SimpleData name="stationclass">deployed</SimpleData>
                        <SimpleData name="first_year">2009-12-09</SimpleData>
                        <SimpleData name="last_year">2021-10-03</SimpleData>
                        <SimpleData name="notes">&lt;small&gt;&lt;table border=1&gt;&lt;tr&gt;&lt;th&gt;instrument&lt;/th&gt;&lt;th&gt;type&lt;/th&gt;&lt;th&gt;deploy date&lt;/th&gt;&lt;th&gt;last download&lt;/th&gt;&lt;th&gt;recovery date&lt;/th&gt;&lt;th&gt;downloads&lt;/th&gt;&lt;th&gt;offset&lt;/th&gt;&lt;/tr&gt;&lt;tr&gt;&lt;td&gt;VR2&lt;/td&gt;&lt;td align=center nowrap&gt;Acoustic&lt;/td&gt;&lt;td align=center nowrap&gt;2009-12-09&lt;/td&gt;&lt;td align=center nowrap&gt;-&lt;/td&gt;&lt;td align=center nowrap&gt;2011-07-14&lt;/td&gt;&lt;td align=center nowrap&gt;-&lt;/td&gt;&lt;td align=center nowrap&gt;8.8 m&lt;/td&gt;&lt;/tr&gt;&lt;tr&gt;&lt;td&gt;VR2W&lt;/td&gt;&lt;td align=center nowrap&gt;Acoustic&lt;/td&gt;&lt;td align=center nowrap&gt;2011-07-14&lt;/td&gt;&lt;td align=center nowrap&gt;-&lt;/td&gt;&lt;td align=center nowrap&gt;2012-01-11&lt;/td&gt;&lt;td align=center nowrap&gt;-&lt;/td&gt;&lt;td align=center nowrap&gt;8.8 m&lt;/td&gt;&lt;/tr&gt;&lt;tr&gt;&lt;td&gt;VR2W&lt;/td&gt;&lt;td align=center nowrap&gt;Acoustic&lt;/td&gt;&lt;td align=center nowrap&gt;2012-01-11&lt;/td&gt;&lt;td align=center nowrap&gt;2014-11-26&lt;/td&gt;&lt;td align=center nowrap&gt;2012-09-20&lt;/td&gt;&lt;td align=center nowrap&gt;2&lt;/td&gt;&lt;td align=center nowrap&gt;8.8 m&lt;/td&gt;&lt;/tr&gt;&lt;tr&gt;&lt;td&gt;VR2W&lt;/td&gt;&lt;td align=center nowrap&gt;Acoustic&lt;/td&gt;&lt;td align=center nowrap&gt;2012-09-20&lt;/td&gt;&lt;td align=center nowrap&gt;2014-05-21&lt;/td&gt;&lt;td align=center nowrap&gt;2014-05-20&lt;/td&gt;&lt;td align=center nowrap&gt;2&lt;/td&gt;&lt;td align=center nowrap&gt;8.8 m&lt;/td&gt;&lt;/tr&gt;&lt;tr&gt;&lt;td&gt;VR2W&lt;/td&gt;&lt;td align=center nowrap&gt;Acoustic&lt;/td&gt;&lt;td align=center nowrap&gt;2014-05-20&lt;/td&gt;&lt;td align=center nowrap&gt;2017-03-21&lt;/td&gt;&lt;td align=center nowrap&gt;2016-09-12&lt;/td&gt;&lt;td align=center nowrap&gt;1&lt;/td&gt;&lt;td align=center nowrap&gt;8.4 m&lt;/td&gt;&lt;/tr&gt;&lt;tr&gt;&lt;td&gt;VR2W&lt;/td&gt;&lt;td align=center nowrap&gt;Acoustic&lt;/td&gt;&lt;td align=center nowrap&gt;2016-09-12&lt;/td&gt;&lt;td align=center nowrap&gt;2017-10-05&lt;/td&gt;&lt;td align=center nowrap&gt;2017-09-26&lt;/td&gt;&lt;td align=center nowrap&gt;1&lt;/td&gt;&lt;td align=center nowrap&gt;0.0 m&lt;/td&gt;&lt;/tr&gt;&lt;tr&gt;&lt;td&gt;VR2W&lt;/td&gt;&lt;td align=center nowrap&gt;Acoustic&lt;/td&gt;&lt;td align=center nowrap&gt;2017-09-26&lt;/td&gt;&lt;td align=center nowrap&gt;2018-09-20&lt;/td&gt;&lt;td align=center nowrap&gt;2018-09-19&lt;/td&gt;&lt;td align=center nowrap&gt;1&lt;/td&gt;&lt;td align=center nowrap&gt;8.8 m&lt;/td&gt;&lt;/tr&gt;&lt;tr&gt;&lt;td&gt;VR2W&lt;/td&gt;&lt;td align=center nowrap&gt;Acoustic&lt;/td&gt;&lt;td align=center nowrap&gt;2018-09-19&lt;/td&gt;&lt;td align=center nowrap&gt;2020-01-23&lt;/td&gt;&lt;td align=center nowrap&gt;2019-11-27&lt;/td&gt;&lt;td align=center nowrap&gt;2&lt;/td&gt;&lt;td align=center nowrap&gt;8.8 m&lt;/td&gt;&lt;/tr&gt;&lt;tr&gt;&lt;td&gt;VR2W&lt;/td&gt;&lt;td align=center nowrap&gt;Acoustic&lt;/td&gt;&lt;td align=center nowrap&gt;2019-11-27&lt;/td&gt;&lt;td align=center nowrap&gt;2020-09-02&lt;/td&gt;&lt;td align=center nowrap&gt;2020-09-01&lt;/td&gt;&lt;td align=center nowrap&gt;1&lt;/td&gt;&lt;td align=center nowrap&gt;8.4 m&lt;/td&gt;&lt;/tr&gt;&lt;tr&gt;&lt;td&gt;VR2W&lt;/td&gt;&lt;td align=center nowrap&gt;Acoustic&lt;/td&gt;&lt;td align=center nowrap&gt;2020-01-09&lt;/td&gt;&lt;td align=center nowrap&gt;2021-10-05&lt;/td&gt;&lt;td align=center nowrap&gt;2021-10-03&lt;/td&gt;&lt;td align=center nowrap&gt;1&lt;/td&gt;&lt;td align=center nowrap&gt;8.8 m&lt;/td&gt;&lt;/tr&gt;&lt;/table&gt;&lt;/small&gt;</SimpleData>
                    </SchemaData>
                </ExtendedData>
                <Point>
                    <coordinates>-157.79363,21.50165</coordinates>
                </Point>
            </Placemark>
            <Placemark id="stations_series.fid--2e4a691_19d8297c619_-3ca4">
                <ExtendedData>
                    <SchemaData schemaUrl="#stations_series_1">
                        <SimpleData name="collectioncode">PIRAT.PFRL</SimpleData>
                        <SimpleData name="seriescode">PIRAT</SimpleData>
                        <SimpleData name="ocean">MID PACIFIC</SimpleData>
                        <SimpleData name="station_name">FFS SOUTH OF DISAPPEARING ISLAND</SimpleData>
                        <SimpleData name="station_type">Acoustic</SimpleData>
                        <SimpleData name="latitude">23.62931</SimpleData>
                        <SimpleData name="longitude">-166.19521</SimpleData>
                        <SimpleData name="depth">unknown</SimpleData>
                        <SimpleData name="stationstatus">active</SimpleData>
                        <SimpleData name="stationclass">deployed</SimpleData>
                        <SimpleData name="first_year">2018-07-05</SimpleData>
                        <SimpleData name="last_year">2019-07-19</SimpleData>
                        <SimpleData name="notes">&lt;small&gt;&lt;table border=1&gt;&lt;tr&gt;&lt;th&gt;instrument&lt;/th&gt;&lt;th&gt;type&lt;/th&gt;&lt;th&gt;deploy date&lt;/th&gt;&lt;th&gt;last download&lt;/th&gt;&lt;th&gt;recovery date&lt;/th&gt;&lt;th&gt;downloads&lt;/th&gt;&lt;th&gt;offset&lt;/th&gt;&lt;/tr&gt;&lt;tr&gt;&lt;td&gt;VR2W&lt;/td&gt;&lt;td align=center nowrap&gt;Acoustic&lt;/td&gt;&lt;td align=center nowrap&gt;2018-07-05&lt;/td&gt;&lt;td align=center nowrap&gt;-&lt;/td&gt;&lt;td align=center nowrap&gt;2019-07-19&lt;/td&gt;&lt;td align=center nowrap&gt;-&lt;/td&gt;&lt;td align=center nowrap&gt;2312.9 m&lt;/td&gt;&lt;/tr&gt;&lt;tr&gt;&lt;td&gt;VR2W&lt;/td&gt;&lt;td align=center nowrap&gt;Acoustic&lt;/td&gt;&lt;td align=center nowrap&gt;2018-07-05&lt;/td&gt;&lt;td align=center nowrap&gt;-&lt;/td&gt;&lt;td align=center nowrap&gt;2019-07-19&lt;/td&gt;&lt;td align=center nowrap&gt;-&lt;/td&gt;&lt;td align=center nowrap&gt;0.0 m&lt;/td&gt;&lt;/tr&gt;&lt;tr&gt;&lt;td&gt;VR2W&lt;/td&gt;&lt;td align=center nowrap&gt;Acoustic&lt;/td&gt;&lt;td align=center nowrap&gt;2018-07-05&lt;/td&gt;&lt;td align=center nowrap&gt;-&lt;/td&gt;&lt;td align=center nowrap&gt;2019-07-19&lt;/td&gt;&lt;td align=center nowrap&gt;-&lt;/td&gt;&lt;td align=center nowrap&gt;1326.0 m&lt;/td&gt;&lt;/tr&gt;&lt;/table&gt;&lt;/small&gt;</SimpleData>
                    </SchemaData>
                </ExtendedData>
                <Point>
                    <coordinates>-166.19521,23.62931</coordinates>
                </Point>
            </Placemark>
            <Placemark id="stations_series.fid--2e4a691_19d8297c619_-3ca3">
                <ExtendedData>
                    <SchemaData schemaUrl="#stations_series_1">
                        <SimpleData name="collectioncode">PIRAT.PFRL</SimpleData>
                        <SimpleData name="seriescode">PIRAT</SimpleData>
                        <SimpleData name="ocean">MID PACIFIC</SimpleData>
                        <SimpleData name="station_name">KALOKO POINT</SimpleData>
                        <SimpleData name="station_type">Acoustic</SimpleData>
                        <SimpleData name="latitude">19.68138</SimpleData>
                        <SimpleData name="longitude">-156.03465</SimpleData>
                        <SimpleData name="depth">unknown</SimpleData>
                        <SimpleData name="stationstatus">active</SimpleData>
                        <SimpleData name="stationclass">deployed</SimpleData>
                        <SimpleData name="first_year">2003-12-09</SimpleData>
                        <SimpleData name="last_year">2012-03-23</SimpleData>
                        <SimpleData name="notes">&lt;small&gt;&lt;table border=1&gt;&lt;tr&gt;&lt;th&gt;instrument&lt;/th&gt;&lt;th&gt;type&lt;/th&gt;&lt;th&gt;deploy date&lt;/th&gt;&lt;th&gt;last download&lt;/th&gt;&lt;th&gt;recovery date&lt;/th&gt;&lt;th&gt;downloads&lt;/th&gt;&lt;th&gt;offset&lt;/th&gt;&lt;/tr&gt;&lt;tr&gt;&lt;td&gt;VR2&lt;/td&gt;&lt;td align=center nowrap&gt;Acoustic&lt;/td&gt;&lt;td align=center nowrap&gt;2003-12-09&lt;/td&gt;&lt;td align=center nowrap&gt;-&lt;/td&gt;&lt;td align=center nowrap&gt;2004-01-07&lt;/td&gt;&lt;td align=center nowrap&gt;-&lt;/td&gt;&lt;td align=center nowrap&gt;0.0 m&lt;/td&gt;&lt;/tr&gt;&lt;tr&gt;&lt;td&gt;VR2&lt;/td&gt;&lt;td align=center nowrap&gt;Acoustic&lt;/td&gt;&lt;td align=center nowrap&gt;2004-01-07&lt;/td&gt;&lt;td align=center nowrap&gt;-&lt;/td&gt;&lt;td align=center nowrap&gt;2004-05-29&lt;/td&gt;&lt;td align=center nowrap&gt;-&lt;/td&gt;&lt;td align=center nowrap&gt;0.0 m&lt;/td&gt;&lt;/tr&gt;&lt;tr&gt;&lt;td&gt;VR2&lt;/td&gt;&lt;td align=center nowrap&gt;Acoustic&lt;/td&gt;&lt;td align=center nowrap&gt;2004-05-29&lt;/td&gt;&lt;td align=center nowrap&gt;-&lt;/td&gt;&lt;td align=center nowrap&gt;2004-07-27&lt;/td&gt;&lt;td align=center nowrap&gt;-&lt;/td&gt;&lt;td align=center nowrap&gt;0.0 m&lt;/td&gt;&lt;/tr&gt;&lt;tr&gt;&lt;td&gt;VR2&lt;/td&gt;&lt;td align=center nowrap&gt;Acoustic&lt;/td&gt;&lt;td align=center nowrap&gt;2004-07-28&lt;/td&gt;&lt;td align=center nowrap&gt;-&lt;/td&gt;&lt;td align=center nowrap&gt;2004-09-05&lt;/td&gt;&lt;td align=center nowrap&gt;-&lt;/td&gt;&lt;td align=center nowrap&gt;0.0 m&lt;/td&gt;&lt;/tr&gt;&lt;tr&gt;&lt;td&gt;VR2&lt;/td&gt;&lt;td align=center nowrap&gt;Acoustic&lt;/td&gt;&lt;td align=center nowrap&gt;2004-09-05&lt;/td&gt;&lt;td align=center nowrap&gt;-&lt;/td&gt;&lt;td align=center nowrap&gt;2004-12-28&lt;/td&gt;&lt;td align=center nowrap&gt;-&lt;/td&gt;&lt;td align=center nowrap&gt;0.0 m&lt;/td&gt;&lt;/tr&gt;&lt;tr&gt;&lt;td&gt;VR2&lt;/td&gt;&lt;td align=center nowrap&gt;Acoustic&lt;/td&gt;&lt;td align=center nowrap&gt;2005-01-01&lt;/td&gt;&lt;td align=center nowrap&gt;-&lt;/td&gt;&lt;td align=center nowrap&gt;2005-07-23&lt;/td&gt;&lt;td align=center nowrap&gt;-&lt;/td&gt;&lt;td align=center nowrap&gt;0.0 m&lt;/td&gt;&lt;/tr&gt;&lt;tr&gt;&lt;td&gt;VR2&lt;/td&gt;&lt;td align=center nowrap&gt;Acoustic&lt;/td&gt;&lt;td align=center nowrap&gt;2005-07-24&lt;/td&gt;&lt;td align=center nowrap&gt;-&lt;/td&gt;&lt;td align=center nowrap&gt;2006-01-05&lt;/td&gt;&lt;td align=center nowrap&gt;-&lt;/td&gt;&lt;td align=center nowrap&gt;0.0 m&lt;/td&gt;&lt;/tr&gt;&lt;tr&gt;&lt;td&gt;VR2&lt;/td&gt;&lt;td align=center nowrap&gt;Acoustic&lt;/td&gt;&lt;td align=center nowrap&gt;2006-01-06&lt;/td&gt;&lt;td align=center nowrap&gt;-&lt;/td&gt;&lt;td align=center nowrap&gt;2006-08-23&lt;/td&gt;&lt;td align=center nowrap&gt;-&lt;/td&gt;&lt;td align=center nowrap&gt;0.0 m&lt;/td&gt;&lt;/tr&gt;&lt;tr&gt;&lt;td&gt;VR2&lt;/td&gt;&lt;td align=center nowrap&gt;Acoustic&lt;/td&gt;&lt;td align=center nowrap&gt;2006-08-23&lt;/td&gt;&lt;td align=center nowrap&gt;-&lt;/td&gt;&lt;td align=center nowrap&gt;2007-06-03&lt;/td&gt;&lt;td align=center nowrap&gt;-&lt;/td&gt;&lt;td align=center nowrap&gt;0.0 m&lt;/td&gt;&lt;/tr&gt;&lt;tr&gt;&lt;td&gt;VR2&lt;/td&gt;&lt;td align=center nowrap&gt;Acoustic&lt;/td&gt;&lt;td align=center nowrap&gt;2007-06-03&lt;/td&gt;&lt;td align=center nowrap&gt;-&lt;/td&gt;&lt;td align=center nowrap&gt;2008-02-13&lt;/td&gt;&lt;td align=center nowrap&gt;-&lt;/td&gt;&lt;td align=center nowrap&gt;0.0 m&lt;/td&gt;&lt;/tr&gt;&lt;tr&gt;&lt;td&gt;VR2&lt;/td&gt;&lt;td align=center nowrap&gt;Acoustic&lt;/td&gt;&lt;td align=center nowrap&gt;2008-02-13&lt;/td&gt;&lt;td align=center nowrap&gt;-&lt;/td&gt;&lt;td align=center nowrap&gt;2008-08-16&lt;/td&gt;&lt;td align=center nowrap&gt;-&lt;/td&gt;&lt;td align=center nowrap&gt;0.0 m&lt;/td&gt;&lt;/tr&gt;&lt;tr&gt;&lt;td&gt;VR2&lt;/td&gt;&lt;td align=center nowrap&gt;Acoustic&lt;/td&gt;&lt;td align=center nowrap&gt;2008-08-17&lt;/td&gt;&lt;td align=center nowrap&gt;-&lt;/td&gt;&lt;td align=center nowrap&gt;2009-09-11&lt;/td&gt;&lt;td align=center nowrap&gt;-&lt;/td&gt;&lt;td align=center nowrap&gt;0.0 m&lt;/td&gt;&lt;/tr&gt;&lt;tr&gt;&lt;td&gt;VR2&lt;/td&gt;&lt;td align=center nowrap&gt;Acoustic&lt;/td&gt;&lt;td align=center nowrap&gt;2009-09-11&lt;/td&gt;&lt;td align=center nowrap&gt;-&lt;/td&gt;&lt;td align=center nowrap&gt;2010-12-18&lt;/td&gt;&lt;td align=center nowrap&gt;-&lt;/td&gt;&lt;td align=center nowrap&gt;0.0 m&lt;/td&gt;&lt;/tr&gt;&lt;tr&gt;&lt;td&gt;VR2W&lt;/td&gt;&lt;td align=center nowrap&gt;Acoustic&lt;/td&gt;&lt;td align=center nowrap&gt;2010-12-18&lt;/td&gt;&lt;td align=center nowrap&gt;-&lt;/td&gt;&lt;td align=center nowrap&gt;2012-03-23&lt;/td&gt;&lt;td align=center nowrap&gt;-&lt;/td&gt;&lt;td align=center nowrap&gt;0.0 m&lt;/td&gt;&lt;/tr&gt;&lt;/table&gt;&lt;/small&gt;</SimpleData>
                    </SchemaData>
                </ExtendedData>
                <Point>
                    <coordinates>-156.03465,19.68138</coordinates>
                </Point>
            </Placemark>
            <Placemark id="stations_series.fid--2e4a691_19d8297c619_-3ca2">
                <ExtendedData>
                    <SchemaData schemaUrl="#stations_series_1">
                        <SimpleData name="collectioncode">PIRAT.PFRL</SimpleData>
                        <SimpleData name="seriescode">PIRAT</SimpleData>
                        <SimpleData name="ocean">MID PACIFIC</SimpleData>
                        <SimpleData name="station_name">PHR Main Channel</SimpleData>
                        <SimpleData name="station_type">Acoustic</SimpleData>
                        <SimpleData name="latitude">27.79092</SimpleData>
                        <SimpleData name="longitude">-175.863</SimpleData>
                        <SimpleData name="depth">unknown</SimpleData>
                        <SimpleData name="stationstatus">active</SimpleData>
                        <SimpleData name="stationclass">deployed</SimpleData>
                        <SimpleData name="first_year">2005-05-24</SimpleData>
                        <SimpleData name="last_year">2017-09-16</SimpleData>
                        <SimpleData name="notes">&lt;small&gt;&lt;table border=1&gt;&lt;tr&gt;&lt;th&gt;instrument&lt;/th&gt;&lt;th&gt;type&lt;/th&gt;&lt;th&gt;deploy date&lt;/th&gt;&lt;th&gt;last download&lt;/th&gt;&lt;th&gt;recovery date&lt;/th&gt;&lt;th&gt;downloads&lt;/th&gt;&lt;th&gt;offset&lt;/th&gt;&lt;/tr&gt;&lt;tr&gt;&lt;td&gt;VR2&lt;/td&gt;&lt;td align=center nowrap&gt;Acoustic&lt;/td&gt;&lt;td align=center nowrap&gt;2005-05-24&lt;/td&gt;&lt;td align=center nowrap&gt;-&lt;/td&gt;&lt;td align=center nowrap&gt;2005-09-24&lt;/td&gt;&lt;td align=center nowrap&gt;-&lt;/td&gt;&lt;td align=center nowrap&gt;0.0 m&lt;/td&gt;&lt;/tr&gt;&lt;tr&gt;&lt;td&gt;VR2&lt;/td&gt;&lt;td align=center nowrap&gt;Acoustic&lt;/td&gt;&lt;td align=center nowrap&gt;2005-09-25&lt;/td&gt;&lt;td align=center nowrap&gt;-&lt;/td&gt;&lt;td align=center nowrap&gt;2006-09-12&lt;/td&gt;&lt;td align=center nowrap&gt;-&lt;/td&gt;&lt;td align=center nowrap&gt;0.0 m&lt;/td&gt;&lt;/tr&gt;&lt;tr&gt;&lt;td&gt;VR2&lt;/td&gt;&lt;td align=center nowrap&gt;Acoustic&lt;/td&gt;&lt;td align=center nowrap&gt;2006-09-13&lt;/td&gt;&lt;td align=center nowrap&gt;-&lt;/td&gt;&lt;td align=center nowrap&gt;2007-07-17&lt;/td&gt;&lt;td align=center nowrap&gt;-&lt;/td&gt;&lt;td align=center nowrap&gt;0.0 m&lt;/td&gt;&lt;/tr&gt;&lt;tr&gt;&lt;td&gt;VR2&lt;/td&gt;&lt;td align=center nowrap&gt;Acoustic&lt;/td&gt;&lt;td align=center nowrap&gt;2007-07-18&lt;/td&gt;&lt;td align=center nowrap&gt;-&lt;/td&gt;&lt;td align=center nowrap&gt;2008-06-19&lt;/td&gt;&lt;td align=center nowrap&gt;-&lt;/td&gt;&lt;td align=center nowrap&gt;0.0 m&lt;/td&gt;&lt;/tr&gt;&lt;tr&gt;&lt;td&gt;VR2W&lt;/td&gt;&lt;td align=center nowrap&gt;Acoustic&lt;/td&gt;&lt;td align=center nowrap&gt;2008-06-19&lt;/td&gt;&lt;td align=center nowrap&gt;-&lt;/td&gt;&lt;td align=center nowrap&gt;2009-06-20&lt;/td&gt;&lt;td align=center nowrap&gt;-&lt;/td&gt;&lt;td align=center nowrap&gt;0.0 m&lt;/td&gt;&lt;/tr&gt;&lt;tr&gt;&lt;td&gt;VR2W&lt;/td&gt;&lt;td align=center nowrap&gt;Acoustic&lt;/td&gt;&lt;td align=center nowrap&gt;2009-06-20&lt;/td&gt;&lt;td align=center nowrap&gt;2017-03-21&lt;/td&gt;&lt;td align=center nowrap&gt;2010-05-19&lt;/td&gt;&lt;td align=center nowrap&gt;1&lt;/td&gt;&lt;td align=center nowrap&gt;0.0 m&lt;/td&gt;&lt;/tr&gt;&lt;tr&gt;&lt;td&gt;VR2W&lt;/td&gt;&lt;td align=center nowrap&gt;Acoustic&lt;/td&gt;&lt;td align=center nowrap&gt;2010-05-19&lt;/td&gt;&lt;td align=center nowrap&gt;-&lt;/td&gt;&lt;td align=center nowrap&gt;2011-09-13&lt;/td&gt;&lt;td align=center nowrap&gt;-&lt;/td&gt;&lt;td align=center nowrap&gt;0.0 m&lt;/td&gt;&lt;/tr&gt;&lt;tr&gt;&lt;td&gt;VR2W&lt;/td&gt;&lt;td align=center nowrap&gt;Acoustic&lt;/td&gt;&lt;td align=center nowrap&gt;2011-09-13&lt;/td&gt;&lt;td align=center nowrap&gt;-&lt;/td&gt;&lt;td align=center nowrap&gt;2012-07-13&lt;/td&gt;&lt;td align=center nowrap&gt;-&lt;/td&gt;&lt;td align=center nowrap&gt;0.0 m&lt;/td&gt;&lt;/tr&gt;&lt;tr&gt;&lt;td&gt;VR2W&lt;/td&gt;&lt;td align=center nowrap&gt;Acoustic&lt;/td&gt;&lt;td align=center nowrap&gt;2012-07-13&lt;/td&gt;&lt;td align=center nowrap&gt;2017-05-05&lt;/td&gt;&lt;td align=center nowrap&gt;2014-09-17&lt;/td&gt;&lt;td align=center nowrap&gt;1&lt;/td&gt;&lt;td align=center nowrap&gt;0.0 m&lt;/td&gt;&lt;/tr&gt;&lt;tr&gt;&lt;td&gt;VR2W&lt;/td&gt;&lt;td align=center nowrap&gt;Acoustic&lt;/td&gt;&lt;td align=center nowrap&gt;2014-09-17&lt;/td&gt;&lt;td align=center nowrap&gt;2015-09-16&lt;/td&gt;&lt;td align=center nowrap&gt;2015-09-14&lt;/td&gt;&lt;td align=center nowrap&gt;1&lt;/td&gt;&lt;td align=center nowrap&gt;0.0 m&lt;/td&gt;&lt;/tr&gt;&lt;tr&gt;&lt;td&gt;VR2W&lt;/td&gt;&lt;td align=center nowrap&gt;Acoustic&lt;/td&gt;&lt;td align=center nowrap&gt;2015-09-14&lt;/td&gt;&lt;td align=center nowrap&gt;2016-06-10&lt;/td&gt;&lt;td align=center nowrap&gt;2016-06-01&lt;/td&gt;&lt;td align=center nowrap&gt;1&lt;/td&gt;&lt;td align=center nowrap&gt;0.0 m&lt;/td&gt;&lt;/tr&gt;&lt;tr&gt;&lt;td&gt;VR2W&lt;/td&gt;&lt;td align=center nowrap&gt;Acoustic&lt;/td&gt;&lt;td align=center nowrap&gt;2016-06-01&lt;/td&gt;&lt;td align=center nowrap&gt;2017-10-30&lt;/td&gt;&lt;td align=center nowrap&gt;2017-09-16&lt;/td&gt;&lt;td align=center nowrap&gt;2&lt;/td&gt;&lt;td align=center nowrap&gt;0.0 m&lt;/td&gt;&lt;/tr&gt;&lt;/table&gt;&lt;/small&gt;</SimpleData>
                    </SchemaData>
                </ExtendedData>
                <Point>
                    <coordinates>-175.863,27.79092</coordinates>
                </Point>
            </Placemark>
            <Placemark id="stations_series.fid--2e4a691_19d8297c619_-3ca1">
                <ExtendedData>
                    <SchemaData schemaUrl="#stations_series_1">
                        <SimpleData name="collectioncode">PIRAT.PFRL</SimpleData>
                        <SimpleData name="seriescode">PIRAT</SimpleData>
                        <SimpleData name="ocean">MID PACIFIC</SimpleData>
                        <SimpleData name="station_name">KEALAKEKUA BAY MIDDLE</SimpleData>
                        <SimpleData name="station_type">Acoustic</SimpleData>
                        <SimpleData name="latitude">19.47998</SimpleData>
                        <SimpleData name="longitude">-155.92695</SimpleData>
                        <SimpleData name="depth">unknown</SimpleData>
                        <SimpleData name="stationstatus">active</SimpleData>
                        <SimpleData name="stationclass">deployed</SimpleData>
                        <SimpleData name="first_year">2005-12-10</SimpleData>
                        <SimpleData name="last_year">2010-12-19</SimpleData>
                        <SimpleData name="notes">&lt;small&gt;&lt;table border=1&gt;&lt;tr&gt;&lt;th&gt;instrument&lt;/th&gt;&lt;th&gt;type&lt;/th&gt;&lt;th&gt;deploy date&lt;/th&gt;&lt;th&gt;last download&lt;/th&gt;&lt;th&gt;recovery date&lt;/th&gt;&lt;th&gt;downloads&lt;/th&gt;&lt;th&gt;offset&lt;/th&gt;&lt;/tr&gt;&lt;tr&gt;&lt;td&gt;VR2&lt;/td&gt;&lt;td align=center nowrap&gt;Acoustic&lt;/td&gt;&lt;td align=center nowrap&gt;2005-12-10&lt;/td&gt;&lt;td align=center nowrap&gt;-&lt;/td&gt;&lt;td align=center nowrap&gt;2006-02-17&lt;/td&gt;&lt;td align=center nowrap&gt;-&lt;/td&gt;&lt;td align=center nowrap&gt;0.0 m&lt;/td&gt;&lt;/tr&gt;&lt;tr&gt;&lt;td&gt;VR2&lt;/td&gt;&lt;td align=center nowrap&gt;Acoustic&lt;/td&gt;&lt;td align=center nowrap&gt;2006-02-17&lt;/td&gt;&lt;td align=center nowrap&gt;-&lt;/td&gt;&lt;td align=center nowrap&gt;2006-06-27&lt;/td&gt;&lt;td align=center nowrap&gt;-&lt;/td&gt;&lt;td align=center nowrap&gt;1324.0 m&lt;/td&gt;&lt;/tr&gt;&lt;tr&gt;&lt;td&gt;VR2&lt;/td&gt;&lt;td align=center nowrap&gt;Acoustic&lt;/td&gt;&lt;td align=center nowrap&gt;2006-06-27&lt;/td&gt;&lt;td align=center nowrap&gt;-&lt;/td&gt;&lt;td align=center nowrap&gt;2007-05-13&lt;/td&gt;&lt;td align=center nowrap&gt;-&lt;/td&gt;&lt;td align=center nowrap&gt;1324.0 m&lt;/td&gt;&lt;/tr&gt;&lt;tr&gt;&lt;td&gt;VR2&lt;/td&gt;&lt;td align=center nowrap&gt;Acoustic&lt;/td&gt;&lt;td align=center nowrap&gt;2007-05-14&lt;/td&gt;&lt;td align=center nowrap&gt;-&lt;/td&gt;&lt;td align=center nowrap&gt;2008-08-21&lt;/td&gt;&lt;td align=center nowrap&gt;-&lt;/td&gt;&lt;td align=center nowrap&gt;1324.0 m&lt;/td&gt;&lt;/tr&gt;&lt;tr&gt;&lt;td&gt;VR2&lt;/td&gt;&lt;td align=center nowrap&gt;Acoustic&lt;/td&gt;&lt;td align=center nowrap&gt;2008-08-21&lt;/td&gt;&lt;td align=center nowrap&gt;-&lt;/td&gt;&lt;td align=center nowrap&gt;2010-12-19&lt;/td&gt;&lt;td align=center nowrap&gt;-&lt;/td&gt;&lt;td align=center nowrap&gt;1324.0 m&lt;/td&gt;&lt;/tr&gt;&lt;/table&gt;&lt;/small&gt;</SimpleData>
                    </SchemaData>
                </ExtendedData>
                <Point>
                    <coordinates>-155.92695,19.47998</coordinates>
                </Point>
            </Placemark>
            <Placemark id="stations_series.fid--2e4a691_19d8297c619_-3ca0">
                <ExtendedData>
                    <SchemaData schemaUrl="#stations_series_1">
                        <SimpleData name="collectioncode">PIRAT.PFRL</SimpleData>
                        <SimpleData name="seriescode">PIRAT</SimpleData>
                        <SimpleData name="ocean">MID PACIFIC</SimpleData>
                        <SimpleData name="station_name">COOK POINT</SimpleData>
                        <SimpleData name="station_type">Acoustic</SimpleData>
                        <SimpleData name="latitude">19.4828</SimpleData>
                        <SimpleData name="longitude">-155.944</SimpleData>
                        <SimpleData name="depth">unknown</SimpleData>
                        <SimpleData name="stationstatus">active</SimpleData>
                        <SimpleData name="stationclass">deployed</SimpleData>
                        <SimpleData name="first_year">2008-01-15</SimpleData>
                        <SimpleData name="last_year">2008-03-03</SimpleData>
                        <SimpleData name="notes">&lt;small&gt;&lt;table border=1&gt;&lt;tr&gt;&lt;th&gt;instrument&lt;/th&gt;&lt;th&gt;type&lt;/th&gt;&lt;th&gt;deploy date&lt;/th&gt;&lt;th&gt;last download&lt;/th&gt;&lt;th&gt;recovery date&lt;/th&gt;&lt;th&gt;downloads&lt;/th&gt;&lt;th&gt;offset&lt;/th&gt;&lt;/tr&gt;&lt;tr&gt;&lt;td&gt;VR2&lt;/td&gt;&lt;td align=center nowrap&gt;Acoustic&lt;/td&gt;&lt;td align=center nowrap&gt;2008-01-15&lt;/td&gt;&lt;td align=center nowrap&gt;-&lt;/td&gt;&lt;td align=center nowrap&gt;2008-03-03&lt;/td&gt;&lt;td align=center nowrap&gt;-&lt;/td&gt;&lt;td align=center nowrap&gt;0.0 m&lt;/td&gt;&lt;/tr&gt;&lt;/table&gt;&lt;/small&gt;</SimpleData>
                    </SchemaData>
                </ExtendedData>
                <Point>
                    <coordinates>-155.944,19.4828</coordinates>
                </Point>
            </Placemark>
            <Placemark id="stations_series.fid--2e4a691_19d8297c619_-3c9f">
                <ExtendedData>
                    <SchemaData schemaUrl="#stations_series_1">
                        <SimpleData name="collectioncode">PIRAT.PFRL</SimpleData>
                        <SimpleData name="seriescode">PIRAT</SimpleData>
                        <SimpleData name="ocean">MID PACIFIC</SimpleData>
                        <SimpleData name="station_name">Olowalu Shallow</SimpleData>
                        <SimpleData name="station_type">Acoustic</SimpleData>
                        <SimpleData name="latitude">20.80102</SimpleData>
                        <SimpleData name="longitude">-156.61725</SimpleData>
                        <SimpleData name="depth">unknown</SimpleData>
                        <SimpleData name="stationstatus">active</SimpleData>
                        <SimpleData name="stationclass">deployed</SimpleData>
                        <SimpleData name="first_year">2014-01-16</SimpleData>
                        <SimpleData name="last_year">2019-04-06</SimpleData>
                        <SimpleData name="notes">&lt;small&gt;&lt;table border=1&gt;&lt;tr&gt;&lt;th&gt;instrument&lt;/th&gt;&lt;th&gt;type&lt;/th&gt;&lt;th&gt;deploy date&lt;/th&gt;&lt;th&gt;last download&lt;/th&gt;&lt;th&gt;recovery date&lt;/th&gt;&lt;th&gt;downloads&lt;/th&gt;&lt;th&gt;offset&lt;/th&gt;&lt;/tr&gt;&lt;tr&gt;&lt;td&gt;VR2W&lt;/td&gt;&lt;td align=center nowrap&gt;Acoustic&lt;/td&gt;&lt;td align=center nowrap&gt;2014-01-16&lt;/td&gt;&lt;td align=center nowrap&gt;2014-07-23&lt;/td&gt;&lt;td align=center nowrap&gt;2014-07-22&lt;/td&gt;&lt;td align=center nowrap&gt;1&lt;/td&gt;&lt;td align=center nowrap&gt;0.0 m&lt;/td&gt;&lt;/tr&gt;&lt;tr&gt;&lt;td&gt;VR2W&lt;/td&gt;&lt;td align=center nowrap&gt;Acoustic&lt;/td&gt;&lt;td align=center nowrap&gt;2014-07-22&lt;/td&gt;&lt;td align=center nowrap&gt;2015-04-28&lt;/td&gt;&lt;td align=center nowrap&gt;2015-04-27&lt;/td&gt;&lt;td align=center nowrap&gt;1&lt;/td&gt;&lt;td align=center nowrap&gt;0.0 m&lt;/td&gt;&lt;/tr&gt;&lt;tr&gt;&lt;td&gt;VR2W&lt;/td&gt;&lt;td align=center nowrap&gt;Acoustic&lt;/td&gt;&lt;td align=center nowrap&gt;2015-04-27&lt;/td&gt;&lt;td align=center nowrap&gt;2017-02-16&lt;/td&gt;&lt;td align=center nowrap&gt;2017-02-15&lt;/td&gt;&lt;td align=center nowrap&gt;1&lt;/td&gt;&lt;td align=center nowrap&gt;0.0 m&lt;/td&gt;&lt;/tr&gt;&lt;tr&gt;&lt;td&gt;VR2W&lt;/td&gt;&lt;td align=center nowrap&gt;Acoustic&lt;/td&gt;&lt;td align=center nowrap&gt;2017-02-15&lt;/td&gt;&lt;td align=center nowrap&gt;-&lt;/td&gt;&lt;td align=center nowrap&gt;2018-01-26&lt;/td&gt;&lt;td align=center nowrap&gt;-&lt;/td&gt;&lt;td align=center nowrap&gt;0.0 m&lt;/td&gt;&lt;/tr&gt;&lt;tr&gt;&lt;td&gt;VR2W&lt;/td&gt;&lt;td align=center nowrap&gt;Acoustic&lt;/td&gt;&lt;td align=center nowrap&gt;2018-01-26&lt;/td&gt;&lt;td align=center nowrap&gt;2019-05-13&lt;/td&gt;&lt;td align=center nowrap&gt;2019-04-06&lt;/td&gt;&lt;td align=center nowrap&gt;1&lt;/td&gt;&lt;td align=center nowrap&gt;0.0 m&lt;/td&gt;&lt;/tr&gt;&lt;/table&gt;&lt;/small&gt;</SimpleData>
                    </SchemaData>
                </ExtendedData>
                <Point>
                    <coordinates>-156.61725,20.80102</coordinates>
                </Point>
            </Placemark>
            <Placemark id="stations_series.fid--2e4a691_19d8297c619_-3c9e">
                <ExtendedData>
                    <SchemaData schemaUrl="#stations_series_1">
                        <SimpleData name="collectioncode">PIRAT.PFRL</SimpleData>
                        <SimpleData name="seriescode">PIRAT</SimpleData>
                        <SimpleData name="ocean">MID PACIFIC</SimpleData>
                        <SimpleData name="station_name">WAIMEA OCEANOGRAPHIC BUOY</SimpleData>
                        <SimpleData name="station_type">Acoustic</SimpleData>
                        <SimpleData name="latitude">21.66617</SimpleData>
                        <SimpleData name="longitude">-158.12233</SimpleData>
                        <SimpleData name="depth">unknown</SimpleData>
                        <SimpleData name="stationstatus">active</SimpleData>
                        <SimpleData name="stationclass">deployed</SimpleData>
                        <SimpleData name="first_year">2007-05-03</SimpleData>
                        <SimpleData name="last_year">2007-08-08</SimpleData>
                        <SimpleData name="notes">&lt;small&gt;&lt;table border=1&gt;&lt;tr&gt;&lt;th&gt;instrument&lt;/th&gt;&lt;th&gt;type&lt;/th&gt;&lt;th&gt;deploy date&lt;/th&gt;&lt;th&gt;last download&lt;/th&gt;&lt;th&gt;recovery date&lt;/th&gt;&lt;th&gt;downloads&lt;/th&gt;&lt;th&gt;offset&lt;/th&gt;&lt;/tr&gt;&lt;tr&gt;&lt;td&gt;VR2W&lt;/td&gt;&lt;td align=center nowrap&gt;Acoustic&lt;/td&gt;&lt;td align=center nowrap&gt;2007-05-03&lt;/td&gt;&lt;td align=center nowrap&gt;-&lt;/td&gt;&lt;td align=center nowrap&gt;2007-05-31&lt;/td&gt;&lt;td align=center nowrap&gt;-&lt;/td&gt;&lt;td align=center nowrap&gt;0.0 m&lt;/td&gt;&lt;/tr&gt;&lt;tr&gt;&lt;td&gt;VR2W&lt;/td&gt;&lt;td align=center nowrap&gt;Acoustic&lt;/td&gt;&lt;td align=center nowrap&gt;2007-06-01&lt;/td&gt;&lt;td align=center nowrap&gt;-&lt;/td&gt;&lt;td align=center nowrap&gt;2007-08-08&lt;/td&gt;&lt;td align=center nowrap&gt;-&lt;/td&gt;&lt;td align=center nowrap&gt;0.0 m&lt;/td&gt;&lt;/tr&gt;&lt;/table&gt;&lt;/small&gt;</SimpleData>
                    </SchemaData>
                </ExtendedData>
                <Point>
                    <coordinates>-158.12233,21.66617</coordinates>
                </Point>
            </Placemark>
            <Placemark id="stations_series.fid--2e4a691_19d8297c619_-3c9d">
                <ExtendedData>
                    <SchemaData schemaUrl="#stations_series_1">
                        <SimpleData name="collectioncode">PIRAT.PFRL</SimpleData>
                        <SimpleData name="seriescode">PIRAT</SimpleData>
                        <SimpleData name="ocean">MID PACIFIC</SimpleData>
                        <SimpleData name="station_name">Kalama Deep</SimpleData>
                        <SimpleData name="station_type">Acoustic</SimpleData>
                        <SimpleData name="latitude">20.71473</SimpleData>
                        <SimpleData name="longitude">-156.48593</SimpleData>
                        <SimpleData name="depth">unknown</SimpleData>
                        <SimpleData name="stationstatus">active</SimpleData>
                        <SimpleData name="stationclass">deployed</SimpleData>
                        <SimpleData name="first_year">2013-10-21</SimpleData>
                        <SimpleData name="last_year">2019-04-06</SimpleData>
                        <SimpleData name="notes">&lt;small&gt;&lt;table border=1&gt;&lt;tr&gt;&lt;th&gt;instrument&lt;/th&gt;&lt;th&gt;type&lt;/th&gt;&lt;th&gt;deploy date&lt;/th&gt;&lt;th&gt;last download&lt;/th&gt;&lt;th&gt;recovery date&lt;/th&gt;&lt;th&gt;downloads&lt;/th&gt;&lt;th&gt;offset&lt;/th&gt;&lt;/tr&gt;&lt;tr&gt;&lt;td&gt;VR2W&lt;/td&gt;&lt;td align=center nowrap&gt;Acoustic&lt;/td&gt;&lt;td align=center nowrap&gt;2013-10-21&lt;/td&gt;&lt;td align=center nowrap&gt;2014-07-26&lt;/td&gt;&lt;td align=center nowrap&gt;2014-07-24&lt;/td&gt;&lt;td align=center nowrap&gt;1&lt;/td&gt;&lt;td align=center nowrap&gt;0.0 m&lt;/td&gt;&lt;/tr&gt;&lt;tr&gt;&lt;td&gt;VR2W&lt;/td&gt;&lt;td align=center nowrap&gt;Acoustic&lt;/td&gt;&lt;td align=center nowrap&gt;2014-07-24&lt;/td&gt;&lt;td align=center nowrap&gt;2015-06-29&lt;/td&gt;&lt;td align=center nowrap&gt;2015-06-28&lt;/td&gt;&lt;td align=center nowrap&gt;1&lt;/td&gt;&lt;td align=center nowrap&gt;7.0 m&lt;/td&gt;&lt;/tr&gt;&lt;tr&gt;&lt;td&gt;VR2W&lt;/td&gt;&lt;td align=center nowrap&gt;Acoustic&lt;/td&gt;&lt;td align=center nowrap&gt;2015-06-28&lt;/td&gt;&lt;td align=center nowrap&gt;2017-02-16&lt;/td&gt;&lt;td align=center nowrap&gt;2017-02-15&lt;/td&gt;&lt;td align=center nowrap&gt;1&lt;/td&gt;&lt;td align=center nowrap&gt;0.0 m&lt;/td&gt;&lt;/tr&gt;&lt;tr&gt;&lt;td&gt;VR2W&lt;/td&gt;&lt;td align=center nowrap&gt;Acoustic&lt;/td&gt;&lt;td align=center nowrap&gt;2018-01-26&lt;/td&gt;&lt;td align=center nowrap&gt;2019-06-27&lt;/td&gt;&lt;td align=center nowrap&gt;2019-04-06&lt;/td&gt;&lt;td align=center nowrap&gt;3&lt;/td&gt;&lt;td align=center nowrap&gt;0.0 m&lt;/td&gt;&lt;/tr&gt;&lt;/table&gt;&lt;/small&gt;</SimpleData>
                    </SchemaData>
                </ExtendedData>
                <Point>
                    <coordinates>-156.48593,20.71473</coordinates>
                </Point>
            </Placemark>
            <Placemark id="stations_series.fid--2e4a691_19d8297c619_-3c9c">
                <ExtendedData>
                    <SchemaData schemaUrl="#stations_series_1">
                        <SimpleData name="collectioncode">PIRAT.PFRL</SimpleData>
                        <SimpleData name="seriescode">PIRAT</SimpleData>
                        <SimpleData name="ocean">MID PACIFIC</SimpleData>
                        <SimpleData name="station_name">MIDWAY NORTH FLATS</SimpleData>
                        <SimpleData name="station_type">Acoustic</SimpleData>
                        <SimpleData name="latitude">28.27664</SimpleData>
                        <SimpleData name="longitude">-177.37214</SimpleData>
                        <SimpleData name="depth">unknown</SimpleData>
                        <SimpleData name="stationstatus">active</SimpleData>
                        <SimpleData name="stationclass">deployed</SimpleData>
                        <SimpleData name="first_year">2005-05-30</SimpleData>
                        <SimpleData name="last_year">2008-08-18</SimpleData>
                        <SimpleData name="notes">&lt;small&gt;&lt;table border=1&gt;&lt;tr&gt;&lt;th&gt;instrument&lt;/th&gt;&lt;th&gt;type&lt;/th&gt;&lt;th&gt;deploy date&lt;/th&gt;&lt;th&gt;last download&lt;/th&gt;&lt;th&gt;recovery date&lt;/th&gt;&lt;th&gt;downloads&lt;/th&gt;&lt;th&gt;offset&lt;/th&gt;&lt;/tr&gt;&lt;tr&gt;&lt;td&gt;VR2&lt;/td&gt;&lt;td align=center nowrap&gt;Acoustic&lt;/td&gt;&lt;td align=center nowrap&gt;2005-05-30&lt;/td&gt;&lt;td align=center nowrap&gt;-&lt;/td&gt;&lt;td align=center nowrap&gt;2005-09-28&lt;/td&gt;&lt;td align=center nowrap&gt;-&lt;/td&gt;&lt;td align=center nowrap&gt;0.0 m&lt;/td&gt;&lt;/tr&gt;&lt;tr&gt;&lt;td&gt;VR2&lt;/td&gt;&lt;td align=center nowrap&gt;Acoustic&lt;/td&gt;&lt;td align=center nowrap&gt;2005-09-28&lt;/td&gt;&lt;td align=center nowrap&gt;-&lt;/td&gt;&lt;td align=center nowrap&gt;2006-09-16&lt;/td&gt;&lt;td align=center nowrap&gt;-&lt;/td&gt;&lt;td align=center nowrap&gt;0.0 m&lt;/td&gt;&lt;/tr&gt;&lt;tr&gt;&lt;td&gt;VR2&lt;/td&gt;&lt;td align=center nowrap&gt;Acoustic&lt;/td&gt;&lt;td align=center nowrap&gt;2006-09-21&lt;/td&gt;&lt;td align=center nowrap&gt;-&lt;/td&gt;&lt;td align=center nowrap&gt;2007-09-02&lt;/td&gt;&lt;td align=center nowrap&gt;-&lt;/td&gt;&lt;td align=center nowrap&gt;0.0 m&lt;/td&gt;&lt;/tr&gt;&lt;tr&gt;&lt;td&gt;VR2&lt;/td&gt;&lt;td align=center nowrap&gt;Acoustic&lt;/td&gt;&lt;td align=center nowrap&gt;2007-09-02&lt;/td&gt;&lt;td align=center nowrap&gt;-&lt;/td&gt;&lt;td align=center nowrap&gt;2008-08-18&lt;/td&gt;&lt;td align=center nowrap&gt;-&lt;/td&gt;&lt;td align=center nowrap&gt;0.0 m&lt;/td&gt;&lt;/tr&gt;&lt;/table&gt;&lt;/small&gt;</SimpleData>
                    </SchemaData>
                </ExtendedData>
                <Point>
                    <coordinates>-177.37214,28.27664</coordinates>
                </Point>
            </Placemark>
            <Placemark id="stations_series.fid--2e4a691_19d8297c619_-3c9b">
                <ExtendedData>
                    <SchemaData schemaUrl="#stations_series_1">
                        <SimpleData name="collectioncode">PIRAT.PFRL</SimpleData>
                        <SimpleData name="seriescode">PIRAT</SimpleData>
                        <SimpleData name="ocean">MID PACIFIC</SimpleData>
                        <SimpleData name="station_name">HIMB SE WALL</SimpleData>
                        <SimpleData name="station_type">Acoustic</SimpleData>
                        <SimpleData name="latitude">21.43128</SimpleData>
                        <SimpleData name="longitude">-157.78691</SimpleData>
                        <SimpleData name="depth">unknown</SimpleData>
                        <SimpleData name="stationstatus">active</SimpleData>
                        <SimpleData name="stationclass">deployed</SimpleData>
                        <SimpleData name="first_year">2012-02-01</SimpleData>
                        <SimpleData name="last_year">2014-04-16</SimpleData>
                        <SimpleData name="notes">&lt;small&gt;&lt;table border=1&gt;&lt;tr&gt;&lt;th&gt;instrument&lt;/th&gt;&lt;th&gt;type&lt;/th&gt;&lt;th&gt;deploy date&lt;/th&gt;&lt;th&gt;last download&lt;/th&gt;&lt;th&gt;recovery date&lt;/th&gt;&lt;th&gt;downloads&lt;/th&gt;&lt;th&gt;offset&lt;/th&gt;&lt;/tr&gt;&lt;tr&gt;&lt;td&gt;VR2W&lt;/td&gt;&lt;td align=center nowrap&gt;Acoustic&lt;/td&gt;&lt;td align=center nowrap&gt;2012-02-01&lt;/td&gt;&lt;td align=center nowrap&gt;2012-11-03&lt;/td&gt;&lt;td align=center nowrap&gt;2012-11-02&lt;/td&gt;&lt;td align=center nowrap&gt;1&lt;/td&gt;&lt;td align=center nowrap&gt;0.0 m&lt;/td&gt;&lt;/tr&gt;&lt;tr&gt;&lt;td&gt;VR2W&lt;/td&gt;&lt;td align=center nowrap&gt;Acoustic&lt;/td&gt;&lt;td align=center nowrap&gt;2012-11-02&lt;/td&gt;&lt;td align=center nowrap&gt;2014-04-23&lt;/td&gt;&lt;td align=center nowrap&gt;2014-04-16&lt;/td&gt;&lt;td align=center nowrap&gt;1&lt;/td&gt;&lt;td align=center nowrap&gt;0.0 m&lt;/td&gt;&lt;/tr&gt;&lt;/table&gt;&lt;/small&gt;</SimpleData>
                    </SchemaData>
                </ExtendedData>
                <Point>
                    <coordinates>-157.78691,21.43128</coordinates>
                </Point>
            </Placemark>
            <Placemark id="stations_series.fid--2e4a691_19d8297c619_-3c9a">
                <ExtendedData>
                    <SchemaData schemaUrl="#stations_series_1">
                        <SimpleData name="collectioncode">PIRAT.PFRL</SimpleData>
                        <SimpleData name="seriescode">PIRAT</SimpleData>
                        <SimpleData name="ocean">MID PACIFIC</SimpleData>
                        <SimpleData name="station_name">FFS TRIG SHALLOW 5</SimpleData>
                        <SimpleData name="station_type">Acoustic</SimpleData>
                        <SimpleData name="latitude">23.872</SimpleData>
                        <SimpleData name="longitude">-166.24205</SimpleData>
                        <SimpleData name="depth">unknown</SimpleData>
                        <SimpleData name="stationstatus">active</SimpleData>
                        <SimpleData name="stationclass">deployed</SimpleData>
                        <SimpleData name="first_year">2009-05-21</SimpleData>
                        <SimpleData name="last_year">2012-09-01</SimpleData>
                        <SimpleData name="notes">&lt;small&gt;&lt;table border=1&gt;&lt;tr&gt;&lt;th&gt;instrument&lt;/th&gt;&lt;th&gt;type&lt;/th&gt;&lt;th&gt;deploy date&lt;/th&gt;&lt;th&gt;last download&lt;/th&gt;&lt;th&gt;recovery date&lt;/th&gt;&lt;th&gt;downloads&lt;/th&gt;&lt;th&gt;offset&lt;/th&gt;&lt;/tr&gt;&lt;tr&gt;&lt;td&gt;VR2W&lt;/td&gt;&lt;td align=center nowrap&gt;Acoustic&lt;/td&gt;&lt;td align=center nowrap&gt;2009-05-21&lt;/td&gt;&lt;td align=center nowrap&gt;-&lt;/td&gt;&lt;td align=center nowrap&gt;2010-05-13&lt;/td&gt;&lt;td align=center nowrap&gt;-&lt;/td&gt;&lt;td align=center nowrap&gt;0.0 m&lt;/td&gt;&lt;/tr&gt;&lt;tr&gt;&lt;td&gt;VR2W&lt;/td&gt;&lt;td align=center nowrap&gt;Acoustic&lt;/td&gt;&lt;td align=center nowrap&gt;2010-05-29&lt;/td&gt;&lt;td align=center nowrap&gt;-&lt;/td&gt;&lt;td align=center nowrap&gt;2011-09-19&lt;/td&gt;&lt;td align=center nowrap&gt;-&lt;/td&gt;&lt;td align=center nowrap&gt;0.0 m&lt;/td&gt;&lt;/tr&gt;&lt;tr&gt;&lt;td&gt;VR2&lt;/td&gt;&lt;td align=center nowrap&gt;Acoustic&lt;/td&gt;&lt;td align=center nowrap&gt;2011-09-19&lt;/td&gt;&lt;td align=center nowrap&gt;-&lt;/td&gt;&lt;td align=center nowrap&gt;2012-09-01&lt;/td&gt;&lt;td align=center nowrap&gt;-&lt;/td&gt;&lt;td align=center nowrap&gt;0.0 m&lt;/td&gt;&lt;/tr&gt;&lt;/table&gt;&lt;/small&gt;</SimpleData>
                    </SchemaData>
                </ExtendedData>
                <Point>
                    <coordinates>-166.24205,23.872</coordinates>
                </Point>
            </Placemark>
            <Placemark id="stations_series.fid--2e4a691_19d8297c619_-3c99">
                <ExtendedData>
                    <SchemaData schemaUrl="#stations_series_1">
                        <SimpleData name="collectioncode">PIRAT.PFRL</SimpleData>
                        <SimpleData name="seriescode">PIRAT</SimpleData>
                        <SimpleData name="ocean">MID PACIFIC</SimpleData>
                        <SimpleData name="station_name">TURTLE CENTRAL FINGER</SimpleData>
                        <SimpleData name="station_type">Acoustic</SimpleData>
                        <SimpleData name="latitude">19.67278</SimpleData>
                        <SimpleData name="longitude">-156.0323</SimpleData>
                        <SimpleData name="depth">unknown</SimpleData>
                        <SimpleData name="stationstatus">active</SimpleData>
                        <SimpleData name="stationclass">deployed</SimpleData>
                        <SimpleData name="first_year">2003-08-28</SimpleData>
                        <SimpleData name="last_year">2004-12-22</SimpleData>
                        <SimpleData name="notes">&lt;small&gt;&lt;table border=1&gt;&lt;tr&gt;&lt;th&gt;instrument&lt;/th&gt;&lt;th&gt;type&lt;/th&gt;&lt;th&gt;deploy date&lt;/th&gt;&lt;th&gt;last download&lt;/th&gt;&lt;th&gt;recovery date&lt;/th&gt;&lt;th&gt;downloads&lt;/th&gt;&lt;th&gt;offset&lt;/th&gt;&lt;/tr&gt;&lt;tr&gt;&lt;td&gt;VR2&lt;/td&gt;&lt;td align=center nowrap&gt;Acoustic&lt;/td&gt;&lt;td align=center nowrap&gt;2003-08-28&lt;/td&gt;&lt;td align=center nowrap&gt;-&lt;/td&gt;&lt;td align=center nowrap&gt;2003-11-04&lt;/td&gt;&lt;td align=center nowrap&gt;-&lt;/td&gt;&lt;td align=center nowrap&gt;0.0 m&lt;/td&gt;&lt;/tr&gt;&lt;tr&gt;&lt;td&gt;VR2&lt;/td&gt;&lt;td align=center nowrap&gt;Acoustic&lt;/td&gt;&lt;td align=center nowrap&gt;2003-08-28&lt;/td&gt;&lt;td align=center nowrap&gt;-&lt;/td&gt;&lt;td align=center nowrap&gt;2003-11-06&lt;/td&gt;&lt;td align=center nowrap&gt;-&lt;/td&gt;&lt;td align=center nowrap&gt;182.5 m&lt;/td&gt;&lt;/tr&gt;&lt;tr&gt;&lt;td&gt;VR2&lt;/td&gt;&lt;td align=center nowrap&gt;Acoustic&lt;/td&gt;&lt;td align=center nowrap&gt;2003-11-04&lt;/td&gt;&lt;td align=center nowrap&gt;-&lt;/td&gt;&lt;td align=center nowrap&gt;2003-12-09&lt;/td&gt;&lt;td align=center nowrap&gt;-&lt;/td&gt;&lt;td align=center nowrap&gt;0.0 m&lt;/td&gt;&lt;/tr&gt;&lt;tr&gt;&lt;td&gt;VR2&lt;/td&gt;&lt;td align=center nowrap&gt;Acoustic&lt;/td&gt;&lt;td align=center nowrap&gt;2003-12-09&lt;/td&gt;&lt;td align=center nowrap&gt;-&lt;/td&gt;&lt;td align=center nowrap&gt;2004-07-27&lt;/td&gt;&lt;td align=center nowrap&gt;-&lt;/td&gt;&lt;td align=center nowrap&gt;0.0 m&lt;/td&gt;&lt;/tr&gt;&lt;tr&gt;&lt;td&gt;VR2&lt;/td&gt;&lt;td align=center nowrap&gt;Acoustic&lt;/td&gt;&lt;td align=center nowrap&gt;2004-07-28&lt;/td&gt;&lt;td align=center nowrap&gt;-&lt;/td&gt;&lt;td align=center nowrap&gt;2004-09-05&lt;/td&gt;&lt;td align=center nowrap&gt;-&lt;/td&gt;&lt;td align=center nowrap&gt;0.0 m&lt;/td&gt;&lt;/tr&gt;&lt;tr&gt;&lt;td&gt;VR2&lt;/td&gt;&lt;td align=center nowrap&gt;Acoustic&lt;/td&gt;&lt;td align=center nowrap&gt;2004-09-05&lt;/td&gt;&lt;td align=center nowrap&gt;-&lt;/td&gt;&lt;td align=center nowrap&gt;2004-12-22&lt;/td&gt;&lt;td align=center nowrap&gt;-&lt;/td&gt;&lt;td align=center nowrap&gt;0.0 m&lt;/td&gt;&lt;/tr&gt;&lt;/table&gt;&lt;/small&gt;</SimpleData>
                    </SchemaData>
                </ExtendedData>
                <Point>
                    <coordinates>-156.0323,19.67278</coordinates>
                </Point>
            </Placemark>
            <Placemark id="stations_series.fid--2e4a691_19d8297c619_-3c98">
                <ExtendedData>
                    <SchemaData schemaUrl="#stations_series_1">
                        <SimpleData name="collectioncode">PIRAT.PFRL</SimpleData>
                        <SimpleData name="seriescode">PIRAT</SimpleData>
                        <SimpleData name="ocean">MID PACIFIC</SimpleData>
                        <SimpleData name="station_name">TURTLE HEAVEN</SimpleData>
                        <SimpleData name="station_type">Acoustic</SimpleData>
                        <SimpleData name="latitude">19.67</SimpleData>
                        <SimpleData name="longitude">-156.02</SimpleData>
                        <SimpleData name="depth">unknown</SimpleData>
                        <SimpleData name="stationstatus">active</SimpleData>
                        <SimpleData name="stationclass">deployed</SimpleData>
                        <SimpleData name="first_year">2003-12-09</SimpleData>
                        <SimpleData name="last_year">2008-08-22</SimpleData>
                        <SimpleData name="notes">&lt;small&gt;&lt;table border=1&gt;&lt;tr&gt;&lt;th&gt;instrument&lt;/th&gt;&lt;th&gt;type&lt;/th&gt;&lt;th&gt;deploy date&lt;/th&gt;&lt;th&gt;last download&lt;/th&gt;&lt;th&gt;recovery date&lt;/th&gt;&lt;th&gt;downloads&lt;/th&gt;&lt;th&gt;offset&lt;/th&gt;&lt;/tr&gt;&lt;tr&gt;&lt;td&gt;VR2&lt;/td&gt;&lt;td align=center nowrap&gt;Acoustic&lt;/td&gt;&lt;td align=center nowrap&gt;2003-12-09&lt;/td&gt;&lt;td align=center nowrap&gt;-&lt;/td&gt;&lt;td align=center nowrap&gt;2004-04-28&lt;/td&gt;&lt;td align=center nowrap&gt;-&lt;/td&gt;&lt;td align=center nowrap&gt;0.0 m&lt;/td&gt;&lt;/tr&gt;&lt;tr&gt;&lt;td&gt;VR2&lt;/td&gt;&lt;td align=center nowrap&gt;Acoustic&lt;/td&gt;&lt;td align=center nowrap&gt;2004-04-28&lt;/td&gt;&lt;td align=center nowrap&gt;-&lt;/td&gt;&lt;td align=center nowrap&gt;2004-05-29&lt;/td&gt;&lt;td align=center nowrap&gt;-&lt;/td&gt;&lt;td align=center nowrap&gt;0.0 m&lt;/td&gt;&lt;/tr&gt;&lt;tr&gt;&lt;td&gt;VR2&lt;/td&gt;&lt;td align=center nowrap&gt;Acoustic&lt;/td&gt;&lt;td align=center nowrap&gt;2004-05-29&lt;/td&gt;&lt;td align=center nowrap&gt;-&lt;/td&gt;&lt;td align=center nowrap&gt;2004-07-28&lt;/td&gt;&lt;td align=center nowrap&gt;-&lt;/td&gt;&lt;td align=center nowrap&gt;0.0 m&lt;/td&gt;&lt;/tr&gt;&lt;tr&gt;&lt;td&gt;VR2&lt;/td&gt;&lt;td align=center nowrap&gt;Acoustic&lt;/td&gt;&lt;td align=center nowrap&gt;2004-07-28&lt;/td&gt;&lt;td align=center nowrap&gt;-&lt;/td&gt;&lt;td align=center nowrap&gt;2004-09-17&lt;/td&gt;&lt;td align=center nowrap&gt;-&lt;/td&gt;&lt;td align=center nowrap&gt;0.0 m&lt;/td&gt;&lt;/tr&gt;&lt;tr&gt;&lt;td&gt;VR2&lt;/td&gt;&lt;td align=center nowrap&gt;Acoustic&lt;/td&gt;&lt;td align=center nowrap&gt;2004-09-19&lt;/td&gt;&lt;td align=center nowrap&gt;-&lt;/td&gt;&lt;td align=center nowrap&gt;2004-12-22&lt;/td&gt;&lt;td align=center nowrap&gt;-&lt;/td&gt;&lt;td align=center nowrap&gt;0.0 m&lt;/td&gt;&lt;/tr&gt;&lt;tr&gt;&lt;td&gt;VR2&lt;/td&gt;&lt;td align=center nowrap&gt;Acoustic&lt;/td&gt;&lt;td align=center nowrap&gt;2004-12-28&lt;/td&gt;&lt;td align=center nowrap&gt;-&lt;/td&gt;&lt;td align=center nowrap&gt;2005-07-24&lt;/td&gt;&lt;td align=center nowrap&gt;-&lt;/td&gt;&lt;td align=center nowrap&gt;0.0 m&lt;/td&gt;&lt;/tr&gt;&lt;tr&gt;&lt;td&gt;VR2&lt;/td&gt;&lt;td align=center nowrap&gt;Acoustic&lt;/td&gt;&lt;td align=center nowrap&gt;2005-07-24&lt;/td&gt;&lt;td align=center nowrap&gt;-&lt;/td&gt;&lt;td align=center nowrap&gt;2006-01-09&lt;/td&gt;&lt;td align=center nowrap&gt;-&lt;/td&gt;&lt;td align=center nowrap&gt;0.0 m&lt;/td&gt;&lt;/tr&gt;&lt;tr&gt;&lt;td&gt;VR2&lt;/td&gt;&lt;td align=center nowrap&gt;Acoustic&lt;/td&gt;&lt;td align=center nowrap&gt;2006-01-10&lt;/td&gt;&lt;td align=center nowrap&gt;-&lt;/td&gt;&lt;td align=center nowrap&gt;2006-08-22&lt;/td&gt;&lt;td align=center nowrap&gt;-&lt;/td&gt;&lt;td align=center nowrap&gt;0.0 m&lt;/td&gt;&lt;/tr&gt;&lt;tr&gt;&lt;td&gt;VR2&lt;/td&gt;&lt;td align=center nowrap&gt;Acoustic&lt;/td&gt;&lt;td align=center nowrap&gt;2006-08-22&lt;/td&gt;&lt;td align=center nowrap&gt;-&lt;/td&gt;&lt;td align=center nowrap&gt;2007-04-29&lt;/td&gt;&lt;td align=center nowrap&gt;-&lt;/td&gt;&lt;td align=center nowrap&gt;0.0 m&lt;/td&gt;&lt;/tr&gt;&lt;tr&gt;&lt;td&gt;VR2&lt;/td&gt;&lt;td align=center nowrap&gt;Acoustic&lt;/td&gt;&lt;td align=center nowrap&gt;2007-04-29&lt;/td&gt;&lt;td align=center nowrap&gt;-&lt;/td&gt;&lt;td align=center nowrap&gt;2008-02-13&lt;/td&gt;&lt;td align=center nowrap&gt;-&lt;/td&gt;&lt;td align=center nowrap&gt;0.0 m&lt;/td&gt;&lt;/tr&gt;&lt;tr&gt;&lt;td&gt;VR2&lt;/td&gt;&lt;td align=center nowrap&gt;Acoustic&lt;/td&gt;&lt;td align=center nowrap&gt;2008-02-17&lt;/td&gt;&lt;td align=center nowrap&gt;-&lt;/td&gt;&lt;td align=center nowrap&gt;2008-08-22&lt;/td&gt;&lt;td align=center nowrap&gt;-&lt;/td&gt;&lt;td align=center nowrap&gt;0.0 m&lt;/td&gt;&lt;/tr&gt;&lt;/table&gt;&lt;/small&gt;</SimpleData>
                    </SchemaData>
                </ExtendedData>
                <Point>
                    <coordinates>-156.02,19.67</coordinates>
                </Point>
            </Placemark>
            <Placemark id="stations_series.fid--2e4a691_19d8297c619_-3c97">
                <ExtendedData>
                    <SchemaData schemaUrl="#stations_series_1">
                        <SimpleData name="collectioncode">PIRAT.PFRL</SimpleData>
                        <SimpleData name="seriescode">PIRAT</SimpleData>
                        <SimpleData name="ocean">MID PACIFIC</SimpleData>
                        <SimpleData name="station_name">TURTLE PAI</SimpleData>
                        <SimpleData name="station_type">Acoustic</SimpleData>
                        <SimpleData name="latitude">19.67118</SimpleData>
                        <SimpleData name="longitude">-156.03</SimpleData>
                        <SimpleData name="depth">unknown</SimpleData>
                        <SimpleData name="stationstatus">active</SimpleData>
                        <SimpleData name="stationclass">deployed</SimpleData>
                        <SimpleData name="first_year">2003-08-27</SimpleData>
                        <SimpleData name="last_year">2003-12-09</SimpleData>
                        <SimpleData name="notes">&lt;small&gt;&lt;table border=1&gt;&lt;tr&gt;&lt;th&gt;instrument&lt;/th&gt;&lt;th&gt;type&lt;/th&gt;&lt;th&gt;deploy date&lt;/th&gt;&lt;th&gt;last download&lt;/th&gt;&lt;th&gt;recovery date&lt;/th&gt;&lt;th&gt;downloads&lt;/th&gt;&lt;th&gt;offset&lt;/th&gt;&lt;/tr&gt;&lt;tr&gt;&lt;td&gt;VR2&lt;/td&gt;&lt;td align=center nowrap&gt;Acoustic&lt;/td&gt;&lt;td align=center nowrap&gt;2003-08-27&lt;/td&gt;&lt;td align=center nowrap&gt;-&lt;/td&gt;&lt;td align=center nowrap&gt;2003-11-04&lt;/td&gt;&lt;td align=center nowrap&gt;-&lt;/td&gt;&lt;td align=center nowrap&gt;0.0 m&lt;/td&gt;&lt;/tr&gt;&lt;tr&gt;&lt;td&gt;VR2&lt;/td&gt;&lt;td align=center nowrap&gt;Acoustic&lt;/td&gt;&lt;td align=center nowrap&gt;2003-11-04&lt;/td&gt;&lt;td align=center nowrap&gt;-&lt;/td&gt;&lt;td align=center nowrap&gt;2003-12-09&lt;/td&gt;&lt;td align=center nowrap&gt;-&lt;/td&gt;&lt;td align=center nowrap&gt;0.0 m&lt;/td&gt;&lt;/tr&gt;&lt;/table&gt;&lt;/small&gt;</SimpleData>
                    </SchemaData>
                </ExtendedData>
                <Point>
                    <coordinates>-156.03,19.67118</coordinates>
                </Point>
            </Placemark>
            <Placemark id="stations_series.fid--2e4a691_19d8297c619_-3c96">
                <ExtendedData>
                    <SchemaData schemaUrl="#stations_series_1">
                        <SimpleData name="collectioncode">PIRAT.PFRL</SimpleData>
                        <SimpleData name="seriescode">PIRAT</SimpleData>
                        <SimpleData name="ocean">MID PACIFIC</SimpleData>
                        <SimpleData name="station_name">FFS SE MESO</SimpleData>
                        <SimpleData name="station_type">Acoustic</SimpleData>
                        <SimpleData name="latitude">23.61811</SimpleData>
                        <SimpleData name="longitude">-166.13981</SimpleData>
                        <SimpleData name="depth">unknown</SimpleData>
                        <SimpleData name="stationstatus">active</SimpleData>
                        <SimpleData name="stationclass">deployed</SimpleData>
                        <SimpleData name="first_year">2015-09-07</SimpleData>
                        <SimpleData name="last_year">2016-06-12</SimpleData>
                        <SimpleData name="notes">&lt;small&gt;&lt;table border=1&gt;&lt;tr&gt;&lt;th&gt;instrument&lt;/th&gt;&lt;th&gt;type&lt;/th&gt;&lt;th&gt;deploy date&lt;/th&gt;&lt;th&gt;last download&lt;/th&gt;&lt;th&gt;recovery date&lt;/th&gt;&lt;th&gt;downloads&lt;/th&gt;&lt;th&gt;offset&lt;/th&gt;&lt;/tr&gt;&lt;tr&gt;&lt;td&gt;VR2W&lt;/td&gt;&lt;td align=center nowrap&gt;Acoustic&lt;/td&gt;&lt;td align=center nowrap&gt;2015-09-07&lt;/td&gt;&lt;td align=center nowrap&gt;-&lt;/td&gt;&lt;td align=center nowrap&gt;2016-06-12&lt;/td&gt;&lt;td align=center nowrap&gt;-&lt;/td&gt;&lt;td align=center nowrap&gt;0.0 m&lt;/td&gt;&lt;/tr&gt;&lt;/table&gt;&lt;/small&gt;</SimpleData>
                    </SchemaData>
                </ExtendedData>
                <Point>
                    <coordinates>-166.13981,23.61811</coordinates>
                </Point>
            </Placemark>
            <Placemark id="stations_series.fid--2e4a691_19d8297c619_-3c95">
                <ExtendedData>
                    <SchemaData schemaUrl="#stations_series_1">
                        <SimpleData name="collectioncode">PIRAT.PFRL</SimpleData>
                        <SimpleData name="seriescode">PIRAT</SimpleData>
                        <SimpleData name="ocean">MID PACIFIC</SimpleData>
                        <SimpleData name="station_name">HIMB EAST WALL</SimpleData>
                        <SimpleData name="station_type">Acoustic</SimpleData>
                        <SimpleData name="latitude">21.4357</SimpleData>
                        <SimpleData name="longitude">-157.78654</SimpleData>
                        <SimpleData name="depth">unknown</SimpleData>
                        <SimpleData name="stationstatus">active</SimpleData>
                        <SimpleData name="stationclass">deployed</SimpleData>
                        <SimpleData name="first_year">2012-02-01</SimpleData>
                        <SimpleData name="last_year">2012-11-02</SimpleData>
                        <SimpleData name="notes">&lt;small&gt;&lt;table border=1&gt;&lt;tr&gt;&lt;th&gt;instrument&lt;/th&gt;&lt;th&gt;type&lt;/th&gt;&lt;th&gt;deploy date&lt;/th&gt;&lt;th&gt;last download&lt;/th&gt;&lt;th&gt;recovery date&lt;/th&gt;&lt;th&gt;downloads&lt;/th&gt;&lt;th&gt;offset&lt;/th&gt;&lt;/tr&gt;&lt;tr&gt;&lt;td&gt;VR2W&lt;/td&gt;&lt;td align=center nowrap&gt;Acoustic&lt;/td&gt;&lt;td align=center nowrap&gt;2012-02-01&lt;/td&gt;&lt;td align=center nowrap&gt;2012-11-03&lt;/td&gt;&lt;td align=center nowrap&gt;2012-11-02&lt;/td&gt;&lt;td align=center nowrap&gt;1&lt;/td&gt;&lt;td align=center nowrap&gt;0.0 m&lt;/td&gt;&lt;/tr&gt;&lt;/table&gt;&lt;/small&gt;</SimpleData>
                    </SchemaData>
                </ExtendedData>
                <Point>
                    <coordinates>-157.78654,21.4357</coordinates>
                </Point>
            </Placemark>
            <Placemark id="stations_series.fid--2e4a691_19d8297c619_-3c94">
                <ExtendedData>
                    <SchemaData schemaUrl="#stations_series_1">
                        <SimpleData name="collectioncode">PIRAT.PFRL</SimpleData>
                        <SimpleData name="seriescode">PIRAT</SimpleData>
                        <SimpleData name="ocean">MID PACIFIC</SimpleData>
                        <SimpleData name="station_name">FFS EAST ISLAND</SimpleData>
                        <SimpleData name="station_type">Acoustic</SimpleData>
                        <SimpleData name="latitude">23.78686</SimpleData>
                        <SimpleData name="longitude">-166.20709</SimpleData>
                        <SimpleData name="depth">unknown</SimpleData>
                        <SimpleData name="stationstatus">active</SimpleData>
                        <SimpleData name="stationclass">deployed</SimpleData>
                        <SimpleData name="first_year">2005-05-17</SimpleData>
                        <SimpleData name="last_year">2019-07-18</SimpleData>
                        <SimpleData name="notes">&lt;small&gt;&lt;table border=1&gt;&lt;tr&gt;&lt;th&gt;instrument&lt;/th&gt;&lt;th&gt;type&lt;/th&gt;&lt;th&gt;deploy date&lt;/th&gt;&lt;th&gt;last download&lt;/th&gt;&lt;th&gt;recovery date&lt;/th&gt;&lt;th&gt;downloads&lt;/th&gt;&lt;th&gt;offset&lt;/th&gt;&lt;/tr&gt;&lt;tr&gt;&lt;td&gt;VR2&lt;/td&gt;&lt;td align=center nowrap&gt;Acoustic&lt;/td&gt;&lt;td align=center nowrap&gt;2005-05-17&lt;/td&gt;&lt;td align=center nowrap&gt;-&lt;/td&gt;&lt;td align=center nowrap&gt;2005-09-17&lt;/td&gt;&lt;td align=center nowrap&gt;-&lt;/td&gt;&lt;td align=center nowrap&gt;0.0 m&lt;/td&gt;&lt;/tr&gt;&lt;tr&gt;&lt;td&gt;VR2&lt;/td&gt;&lt;td align=center nowrap&gt;Acoustic&lt;/td&gt;&lt;td align=center nowrap&gt;2005-09-18&lt;/td&gt;&lt;td align=center nowrap&gt;-&lt;/td&gt;&lt;td align=center nowrap&gt;2006-05-27&lt;/td&gt;&lt;td align=center nowrap&gt;-&lt;/td&gt;&lt;td align=center nowrap&gt;0.0 m&lt;/td&gt;&lt;/tr&gt;&lt;tr&gt;&lt;td&gt;VR2&lt;/td&gt;&lt;td align=center nowrap&gt;Acoustic&lt;/td&gt;&lt;td align=center nowrap&gt;2006-05-28&lt;/td&gt;&lt;td align=center nowrap&gt;-&lt;/td&gt;&lt;td align=center nowrap&gt;2006-09-30&lt;/td&gt;&lt;td align=center nowrap&gt;-&lt;/td&gt;&lt;td align=center nowrap&gt;0.0 m&lt;/td&gt;&lt;/tr&gt;&lt;tr&gt;&lt;td&gt;VR2&lt;/td&gt;&lt;td align=center nowrap&gt;Acoustic&lt;/td&gt;&lt;td align=center nowrap&gt;2006-10-01&lt;/td&gt;&lt;td align=center nowrap&gt;-&lt;/td&gt;&lt;td align=center nowrap&gt;2007-09-06&lt;/td&gt;&lt;td align=center nowrap&gt;-&lt;/td&gt;&lt;td align=center nowrap&gt;0.0 m&lt;/td&gt;&lt;/tr&gt;&lt;tr&gt;&lt;td&gt;VR2&lt;/td&gt;&lt;td align=center nowrap&gt;Acoustic&lt;/td&gt;&lt;td align=center nowrap&gt;2007-09-06&lt;/td&gt;&lt;td align=center nowrap&gt;-&lt;/td&gt;&lt;td align=center nowrap&gt;2008-06-08&lt;/td&gt;&lt;td align=center nowrap&gt;-&lt;/td&gt;&lt;td align=center nowrap&gt;0.0 m&lt;/td&gt;&lt;/tr&gt;&lt;tr&gt;&lt;td&gt;VR2W&lt;/td&gt;&lt;td align=center nowrap&gt;Acoustic&lt;/td&gt;&lt;td align=center nowrap&gt;2008-06-08&lt;/td&gt;&lt;td align=center nowrap&gt;-&lt;/td&gt;&lt;td align=center nowrap&gt;2009-06-12&lt;/td&gt;&lt;td align=center nowrap&gt;-&lt;/td&gt;&lt;td align=center nowrap&gt;0.0 m&lt;/td&gt;&lt;/tr&gt;&lt;tr&gt;&lt;td&gt;VR2W&lt;/td&gt;&lt;td align=center nowrap&gt;Acoustic&lt;/td&gt;&lt;td align=center nowrap&gt;2009-06-12&lt;/td&gt;&lt;td align=center nowrap&gt;-&lt;/td&gt;&lt;td align=center nowrap&gt;2010-05-14&lt;/td&gt;&lt;td align=center nowrap&gt;-&lt;/td&gt;&lt;td align=center nowrap&gt;0.0 m&lt;/td&gt;&lt;/tr&gt;&lt;tr&gt;&lt;td&gt;VR2W&lt;/td&gt;&lt;td align=center nowrap&gt;Acoustic&lt;/td&gt;&lt;td align=center nowrap&gt;2010-05-14&lt;/td&gt;&lt;td align=center nowrap&gt;-&lt;/td&gt;&lt;td align=center nowrap&gt;2011-09-19&lt;/td&gt;&lt;td align=center nowrap&gt;-&lt;/td&gt;&lt;td align=center nowrap&gt;0.0 m&lt;/td&gt;&lt;/tr&gt;&lt;tr&gt;&lt;td&gt;VR2W&lt;/td&gt;&lt;td align=center nowrap&gt;Acoustic&lt;/td&gt;&lt;td align=center nowrap&gt;2011-09-19&lt;/td&gt;&lt;td align=center nowrap&gt;-&lt;/td&gt;&lt;td align=center nowrap&gt;2012-07-09&lt;/td&gt;&lt;td align=center nowrap&gt;-&lt;/td&gt;&lt;td align=center nowrap&gt;0.0 m&lt;/td&gt;&lt;/tr&gt;&lt;tr&gt;&lt;td&gt;VR2W&lt;/td&gt;&lt;td align=center nowrap&gt;Acoustic&lt;/td&gt;&lt;td align=center nowrap&gt;2012-07-09&lt;/td&gt;&lt;td align=center nowrap&gt;2013-06-13&lt;/td&gt;&lt;td align=center nowrap&gt;2013-05-20&lt;/td&gt;&lt;td align=center nowrap&gt;1&lt;/td&gt;&lt;td align=center nowrap&gt;0.0 m&lt;/td&gt;&lt;/tr&gt;&lt;tr&gt;&lt;td&gt;VR2W&lt;/td&gt;&lt;td align=center nowrap&gt;Acoustic&lt;/td&gt;&lt;td align=center nowrap&gt;2013-05-21&lt;/td&gt;&lt;td align=center nowrap&gt;-&lt;/td&gt;&lt;td align=center nowrap&gt;2014-09-12&lt;/td&gt;&lt;td align=center nowrap&gt;-&lt;/td&gt;&lt;td align=center nowrap&gt;0.0 m&lt;/td&gt;&lt;/tr&gt;&lt;tr&gt;&lt;td&gt;VR2W&lt;/td&gt;&lt;td align=center nowrap&gt;Acoustic&lt;/td&gt;&lt;td align=center nowrap&gt;2014-09-12&lt;/td&gt;&lt;td align=center nowrap&gt;2015-09-10&lt;/td&gt;&lt;td align=center nowrap&gt;2015-09-07&lt;/td&gt;&lt;td align=center nowrap&gt;1&lt;/td&gt;&lt;td align=center nowrap&gt;0.0 m&lt;/td&gt;&lt;/tr&gt;&lt;tr&gt;&lt;td&gt;VR2W&lt;/td&gt;&lt;td align=center nowrap&gt;Acoustic&lt;/td&gt;&lt;td align=center nowrap&gt;2015-09-07&lt;/td&gt;&lt;td align=center nowrap&gt;2016-05-28&lt;/td&gt;&lt;td align=center nowrap&gt;2016-05-27&lt;/td&gt;&lt;td align=center nowrap&gt;1&lt;/td&gt;&lt;td align=center nowrap&gt;0.0 m&lt;/td&gt;&lt;/tr&gt;&lt;tr&gt;&lt;td&gt;VR2W&lt;/td&gt;&lt;td align=center nowrap&gt;Acoustic&lt;/td&gt;&lt;td align=center nowrap&gt;2016-05-27&lt;/td&gt;&lt;td align=center nowrap&gt;2017-10-30&lt;/td&gt;&lt;td align=center nowrap&gt;2017-09-09&lt;/td&gt;&lt;td align=center nowrap&gt;1&lt;/td&gt;&lt;td align=center nowrap&gt;0.0 m&lt;/td&gt;&lt;/tr&gt;&lt;tr&gt;&lt;td&gt;VR2W&lt;/td&gt;&lt;td align=center nowrap&gt;Acoustic&lt;/td&gt;&lt;td align=center nowrap&gt;2017-09-09&lt;/td&gt;&lt;td align=center nowrap&gt;2020-01-23&lt;/td&gt;&lt;td align=center nowrap&gt;2019-07-18&lt;/td&gt;&lt;td align=center nowrap&gt;1&lt;/td&gt;&lt;td align=center nowrap&gt;0.0 m&lt;/td&gt;&lt;/tr&gt;&lt;/table&gt;&lt;/small&gt;</SimpleData>
                    </SchemaData>
                </ExtendedData>
                <Point>
                    <coordinates>-166.20709,23.78686</coordinates>
                </Point>
            </Placemark>
            <Placemark id="stations_series.fid--2e4a691_19d8297c619_-3c93">
                <ExtendedData>
                    <SchemaData schemaUrl="#stations_series_1">
                        <SimpleData name="collectioncode">PIRAT.PFRL</SimpleData>
                        <SimpleData name="seriescode">PIRAT</SimpleData>
                        <SimpleData name="ocean">MID PACIFIC</SimpleData>
                        <SimpleData name="station_name">Laniakea</SimpleData>
                        <SimpleData name="station_type">Acoustic</SimpleData>
                        <SimpleData name="latitude">21.62202</SimpleData>
                        <SimpleData name="longitude">-158.09088</SimpleData>
                        <SimpleData name="depth">unknown</SimpleData>
                        <SimpleData name="stationstatus">active</SimpleData>
                        <SimpleData name="stationclass">deployed</SimpleData>
                        <SimpleData name="first_year">2008-09-12</SimpleData>
                        <SimpleData name="last_year">2018-09-10</SimpleData>
                        <SimpleData name="notes">&lt;small&gt;&lt;table border=1&gt;&lt;tr&gt;&lt;th&gt;instrument&lt;/th&gt;&lt;th&gt;type&lt;/th&gt;&lt;th&gt;deploy date&lt;/th&gt;&lt;th&gt;last download&lt;/th&gt;&lt;th&gt;recovery date&lt;/th&gt;&lt;th&gt;downloads&lt;/th&gt;&lt;th&gt;offset&lt;/th&gt;&lt;/tr&gt;&lt;tr&gt;&lt;td&gt;VR2W&lt;/td&gt;&lt;td align=center nowrap&gt;Acoustic&lt;/td&gt;&lt;td align=center nowrap&gt;2008-09-12&lt;/td&gt;&lt;td align=center nowrap&gt;-&lt;/td&gt;&lt;td align=center nowrap&gt;2008-11-21&lt;/td&gt;&lt;td align=center nowrap&gt;-&lt;/td&gt;&lt;td align=center nowrap&gt;6.3 m&lt;/td&gt;&lt;/tr&gt;&lt;tr&gt;&lt;td&gt;VR2W&lt;/td&gt;&lt;td align=center nowrap&gt;Acoustic&lt;/td&gt;&lt;td align=center nowrap&gt;2008-11-21&lt;/td&gt;&lt;td align=center nowrap&gt;-&lt;/td&gt;&lt;td align=center nowrap&gt;2009-04-18&lt;/td&gt;&lt;td align=center nowrap&gt;-&lt;/td&gt;&lt;td align=center nowrap&gt;6.3 m&lt;/td&gt;&lt;/tr&gt;&lt;tr&gt;&lt;td&gt;VR2W&lt;/td&gt;&lt;td align=center nowrap&gt;Acoustic&lt;/td&gt;&lt;td align=center nowrap&gt;2009-04-18&lt;/td&gt;&lt;td align=center nowrap&gt;-&lt;/td&gt;&lt;td align=center nowrap&gt;2010-03-20&lt;/td&gt;&lt;td align=center nowrap&gt;-&lt;/td&gt;&lt;td align=center nowrap&gt;6.3 m&lt;/td&gt;&lt;/tr&gt;&lt;tr&gt;&lt;td&gt;VR2W&lt;/td&gt;&lt;td align=center nowrap&gt;Acoustic&lt;/td&gt;&lt;td align=center nowrap&gt;2014-08-20&lt;/td&gt;&lt;td align=center nowrap&gt;2015-05-22&lt;/td&gt;&lt;td align=center nowrap&gt;2015-05-21&lt;/td&gt;&lt;td align=center nowrap&gt;1&lt;/td&gt;&lt;td align=center nowrap&gt;11.1 m&lt;/td&gt;&lt;/tr&gt;&lt;tr&gt;&lt;td&gt;VR2W&lt;/td&gt;&lt;td align=center nowrap&gt;Acoustic&lt;/td&gt;&lt;td align=center nowrap&gt;2015-05-21&lt;/td&gt;&lt;td align=center nowrap&gt;2017-03-21&lt;/td&gt;&lt;td align=center nowrap&gt;2016-10-06&lt;/td&gt;&lt;td align=center nowrap&gt;2&lt;/td&gt;&lt;td align=center nowrap&gt;6.3 m&lt;/td&gt;&lt;/tr&gt;&lt;tr&gt;&lt;td&gt;VR2W&lt;/td&gt;&lt;td align=center nowrap&gt;Acoustic&lt;/td&gt;&lt;td align=center nowrap&gt;2016-10-05&lt;/td&gt;&lt;td align=center nowrap&gt;2017-08-24&lt;/td&gt;&lt;td align=center nowrap&gt;2017-08-17&lt;/td&gt;&lt;td align=center nowrap&gt;1&lt;/td&gt;&lt;td align=center nowrap&gt;0.0 m&lt;/td&gt;&lt;/tr&gt;&lt;tr&gt;&lt;td&gt;VR2W&lt;/td&gt;&lt;td align=center nowrap&gt;Acoustic&lt;/td&gt;&lt;td align=center nowrap&gt;2017-08-17&lt;/td&gt;&lt;td align=center nowrap&gt;2018-09-11&lt;/td&gt;&lt;td align=center nowrap&gt;2018-09-10&lt;/td&gt;&lt;td align=center nowrap&gt;1&lt;/td&gt;&lt;td align=center nowrap&gt;6.3 m&lt;/td&gt;&lt;/tr&gt;&lt;/table&gt;&lt;/small&gt;</SimpleData>
                    </SchemaData>
                </ExtendedData>
                <Point>
                    <coordinates>-158.09088,21.62202</coordinates>
                </Point>
            </Placemark>
            <Placemark id="stations_series.fid--2e4a691_19d8297c619_-3c92">
                <ExtendedData>
                    <SchemaData schemaUrl="#stations_series_1">
                        <SimpleData name="collectioncode">PIRAT.PFRL</SimpleData>
                        <SimpleData name="seriescode">PIRAT</SimpleData>
                        <SimpleData name="ocean">MID PACIFIC</SimpleData>
                        <SimpleData name="station_name">FFS TRIG SHALLOW 6</SimpleData>
                        <SimpleData name="station_type">Acoustic</SimpleData>
                        <SimpleData name="latitude">23.87194</SimpleData>
                        <SimpleData name="longitude">-166.24138</SimpleData>
                        <SimpleData name="depth">unknown</SimpleData>
                        <SimpleData name="stationstatus">active</SimpleData>
                        <SimpleData name="stationclass">deployed</SimpleData>
                        <SimpleData name="first_year">2009-07-06</SimpleData>
                        <SimpleData name="last_year">2012-09-01</SimpleData>
                        <SimpleData name="notes">&lt;small&gt;&lt;table border=1&gt;&lt;tr&gt;&lt;th&gt;instrument&lt;/th&gt;&lt;th&gt;type&lt;/th&gt;&lt;th&gt;deploy date&lt;/th&gt;&lt;th&gt;last download&lt;/th&gt;&lt;th&gt;recovery date&lt;/th&gt;&lt;th&gt;downloads&lt;/th&gt;&lt;th&gt;offset&lt;/th&gt;&lt;/tr&gt;&lt;tr&gt;&lt;td&gt;VR2W&lt;/td&gt;&lt;td align=center nowrap&gt;Acoustic&lt;/td&gt;&lt;td align=center nowrap&gt;2009-07-06&lt;/td&gt;&lt;td align=center nowrap&gt;-&lt;/td&gt;&lt;td align=center nowrap&gt;2010-05-13&lt;/td&gt;&lt;td align=center nowrap&gt;-&lt;/td&gt;&lt;td align=center nowrap&gt;0.0 m&lt;/td&gt;&lt;/tr&gt;&lt;tr&gt;&lt;td&gt;VR2W&lt;/td&gt;&lt;td align=center nowrap&gt;Acoustic&lt;/td&gt;&lt;td align=center nowrap&gt;2010-05-13&lt;/td&gt;&lt;td align=center nowrap&gt;2017-03-21&lt;/td&gt;&lt;td align=center nowrap&gt;2011-09-19&lt;/td&gt;&lt;td align=center nowrap&gt;1&lt;/td&gt;&lt;td align=center nowrap&gt;0.0 m&lt;/td&gt;&lt;/tr&gt;&lt;tr&gt;&lt;td&gt;VR2W&lt;/td&gt;&lt;td align=center nowrap&gt;Acoustic&lt;/td&gt;&lt;td align=center nowrap&gt;2011-09-19&lt;/td&gt;&lt;td align=center nowrap&gt;2013-09-01&lt;/td&gt;&lt;td align=center nowrap&gt;2012-09-01&lt;/td&gt;&lt;td align=center nowrap&gt;1&lt;/td&gt;&lt;td align=center nowrap&gt;0.0 m&lt;/td&gt;&lt;/tr&gt;&lt;/table&gt;&lt;/small&gt;</SimpleData>
                    </SchemaData>
                </ExtendedData>
                <Point>
                    <coordinates>-166.24138,23.87194</coordinates>
                </Point>
            </Placemark>
            <Placemark id="stations_series.fid--2e4a691_19d8297c619_-3c91">
                <ExtendedData>
                    <SchemaData schemaUrl="#stations_series_1">
                        <SimpleData name="collectioncode">PIRAT.PFRL</SimpleData>
                        <SimpleData name="seriescode">PIRAT</SimpleData>
                        <SimpleData name="ocean">MID PACIFIC</SimpleData>
                        <SimpleData name="station_name">PUAKO</SimpleData>
                        <SimpleData name="station_type">Acoustic</SimpleData>
                        <SimpleData name="latitude">19.9648</SimpleData>
                        <SimpleData name="longitude">-155.85842</SimpleData>
                        <SimpleData name="depth">unknown</SimpleData>
                        <SimpleData name="stationstatus">active</SimpleData>
                        <SimpleData name="stationclass">deployed</SimpleData>
                        <SimpleData name="first_year">2003-01-31</SimpleData>
                        <SimpleData name="last_year">2012-03-20</SimpleData>
                        <SimpleData name="notes">&lt;small&gt;&lt;table border=1&gt;&lt;tr&gt;&lt;th&gt;instrument&lt;/th&gt;&lt;th&gt;type&lt;/th&gt;&lt;th&gt;deploy date&lt;/th&gt;&lt;th&gt;last download&lt;/th&gt;&lt;th&gt;recovery date&lt;/th&gt;&lt;th&gt;downloads&lt;/th&gt;&lt;th&gt;offset&lt;/th&gt;&lt;/tr&gt;&lt;tr&gt;&lt;td&gt;VR2&lt;/td&gt;&lt;td align=center nowrap&gt;Acoustic&lt;/td&gt;&lt;td align=center nowrap&gt;2003-01-31&lt;/td&gt;&lt;td align=center nowrap&gt;-&lt;/td&gt;&lt;td align=center nowrap&gt;2003-06-16&lt;/td&gt;&lt;td align=center nowrap&gt;-&lt;/td&gt;&lt;td align=center nowrap&gt;0.0 m&lt;/td&gt;&lt;/tr&gt;&lt;tr&gt;&lt;td&gt;VR2&lt;/td&gt;&lt;td align=center nowrap&gt;Acoustic&lt;/td&gt;&lt;td align=center nowrap&gt;2003-06-16&lt;/td&gt;&lt;td align=center nowrap&gt;-&lt;/td&gt;&lt;td align=center nowrap&gt;2004-07-29&lt;/td&gt;&lt;td align=center nowrap&gt;-&lt;/td&gt;&lt;td align=center nowrap&gt;0.0 m&lt;/td&gt;&lt;/tr&gt;&lt;tr&gt;&lt;td&gt;VR2&lt;/td&gt;&lt;td align=center nowrap&gt;Acoustic&lt;/td&gt;&lt;td align=center nowrap&gt;2004-07-29&lt;/td&gt;&lt;td align=center nowrap&gt;-&lt;/td&gt;&lt;td align=center nowrap&gt;2005-08-20&lt;/td&gt;&lt;td align=center nowrap&gt;-&lt;/td&gt;&lt;td align=center nowrap&gt;0.0 m&lt;/td&gt;&lt;/tr&gt;&lt;tr&gt;&lt;td&gt;VR2&lt;/td&gt;&lt;td align=center nowrap&gt;Acoustic&lt;/td&gt;&lt;td align=center nowrap&gt;2005-08-20&lt;/td&gt;&lt;td align=center nowrap&gt;-&lt;/td&gt;&lt;td align=center nowrap&gt;2006-01-04&lt;/td&gt;&lt;td align=center nowrap&gt;-&lt;/td&gt;&lt;td align=center nowrap&gt;0.0 m&lt;/td&gt;&lt;/tr&gt;&lt;tr&gt;&lt;td&gt;VR2&lt;/td&gt;&lt;td align=center nowrap&gt;Acoustic&lt;/td&gt;&lt;td align=center nowrap&gt;2006-01-04&lt;/td&gt;&lt;td align=center nowrap&gt;-&lt;/td&gt;&lt;td align=center nowrap&gt;2006-09-03&lt;/td&gt;&lt;td align=center nowrap&gt;-&lt;/td&gt;&lt;td align=center nowrap&gt;0.0 m&lt;/td&gt;&lt;/tr&gt;&lt;tr&gt;&lt;td&gt;VR2&lt;/td&gt;&lt;td align=center nowrap&gt;Acoustic&lt;/td&gt;&lt;td align=center nowrap&gt;2006-09-04&lt;/td&gt;&lt;td align=center nowrap&gt;-&lt;/td&gt;&lt;td align=center nowrap&gt;2007-06-17&lt;/td&gt;&lt;td align=center nowrap&gt;-&lt;/td&gt;&lt;td align=center nowrap&gt;0.0 m&lt;/td&gt;&lt;/tr&gt;&lt;tr&gt;&lt;td&gt;VR2&lt;/td&gt;&lt;td align=center nowrap&gt;Acoustic&lt;/td&gt;&lt;td align=center nowrap&gt;2007-06-17&lt;/td&gt;&lt;td align=center nowrap&gt;-&lt;/td&gt;&lt;td align=center nowrap&gt;2008-02-15&lt;/td&gt;&lt;td align=center nowrap&gt;-&lt;/td&gt;&lt;td align=center nowrap&gt;0.0 m&lt;/td&gt;&lt;/tr&gt;&lt;tr&gt;&lt;td&gt;VR2&lt;/td&gt;&lt;td align=center nowrap&gt;Acoustic&lt;/td&gt;&lt;td align=center nowrap&gt;2008-02-15&lt;/td&gt;&lt;td align=center nowrap&gt;-&lt;/td&gt;&lt;td align=center nowrap&gt;2008-08-19&lt;/td&gt;&lt;td align=center nowrap&gt;-&lt;/td&gt;&lt;td align=center nowrap&gt;0.0 m&lt;/td&gt;&lt;/tr&gt;&lt;tr&gt;&lt;td&gt;VR2&lt;/td&gt;&lt;td align=center nowrap&gt;Acoustic&lt;/td&gt;&lt;td align=center nowrap&gt;2008-08-19&lt;/td&gt;&lt;td align=center nowrap&gt;-&lt;/td&gt;&lt;td align=center nowrap&gt;2009-09-10&lt;/td&gt;&lt;td align=center nowrap&gt;-&lt;/td&gt;&lt;td align=center nowrap&gt;0.0 m&lt;/td&gt;&lt;/tr&gt;&lt;tr&gt;&lt;td&gt;VR2&lt;/td&gt;&lt;td align=center nowrap&gt;Acoustic&lt;/td&gt;&lt;td align=center nowrap&gt;2009-09-10&lt;/td&gt;&lt;td align=center nowrap&gt;-&lt;/td&gt;&lt;td align=center nowrap&gt;2010-12-18&lt;/td&gt;&lt;td align=center nowrap&gt;-&lt;/td&gt;&lt;td align=center nowrap&gt;0.0 m&lt;/td&gt;&lt;/tr&gt;&lt;tr&gt;&lt;td&gt;VR2W&lt;/td&gt;&lt;td align=center nowrap&gt;Acoustic&lt;/td&gt;&lt;td align=center nowrap&gt;2010-12-18&lt;/td&gt;&lt;td align=center nowrap&gt;-&lt;/td&gt;&lt;td align=center nowrap&gt;2012-03-20&lt;/td&gt;&lt;td align=center nowrap&gt;-&lt;/td&gt;&lt;td align=center nowrap&gt;0.0 m&lt;/td&gt;&lt;/tr&gt;&lt;/table&gt;&lt;/small&gt;</SimpleData>
                    </SchemaData>
                </ExtendedData>
                <Point>
                    <coordinates>-155.85842,19.9648</coordinates>
                </Point>
            </Placemark>
            <Placemark id="stations_series.fid--2e4a691_19d8297c619_-3c90">
                <ExtendedData>
                    <SchemaData schemaUrl="#stations_series_1">
                        <SimpleData name="collectioncode">PIRAT.PFRL</SimpleData>
                        <SimpleData name="seriescode">PIRAT</SimpleData>
                        <SimpleData name="ocean">MID PACIFIC</SimpleData>
                        <SimpleData name="station_name">MOI CAGE MOORING</SimpleData>
                        <SimpleData name="station_type">Acoustic</SimpleData>
                        <SimpleData name="latitude">21.27606</SimpleData>
                        <SimpleData name="longitude">-158.03651</SimpleData>
                        <SimpleData name="depth">unknown</SimpleData>
                        <SimpleData name="stationstatus">active</SimpleData>
                        <SimpleData name="stationclass">deployed</SimpleData>
                        <SimpleData name="first_year">2006-10-19</SimpleData>
                        <SimpleData name="last_year">2009-12-18</SimpleData>
                        <SimpleData name="notes">&lt;small&gt;&lt;table border=1&gt;&lt;tr&gt;&lt;th&gt;instrument&lt;/th&gt;&lt;th&gt;type&lt;/th&gt;&lt;th&gt;deploy date&lt;/th&gt;&lt;th&gt;last download&lt;/th&gt;&lt;th&gt;recovery date&lt;/th&gt;&lt;th&gt;downloads&lt;/th&gt;&lt;th&gt;offset&lt;/th&gt;&lt;/tr&gt;&lt;tr&gt;&lt;td&gt;VR2&lt;/td&gt;&lt;td align=center nowrap&gt;Acoustic&lt;/td&gt;&lt;td align=center nowrap&gt;2006-10-19&lt;/td&gt;&lt;td align=center nowrap&gt;-&lt;/td&gt;&lt;td align=center nowrap&gt;2007-02-02&lt;/td&gt;&lt;td align=center nowrap&gt;-&lt;/td&gt;&lt;td align=center nowrap&gt;0.0 m&lt;/td&gt;&lt;/tr&gt;&lt;tr&gt;&lt;td&gt;VR2&lt;/td&gt;&lt;td align=center nowrap&gt;Acoustic&lt;/td&gt;&lt;td align=center nowrap&gt;2006-10-19&lt;/td&gt;&lt;td align=center nowrap&gt;-&lt;/td&gt;&lt;td align=center nowrap&gt;2007-02-02&lt;/td&gt;&lt;td align=center nowrap&gt;-&lt;/td&gt;&lt;td align=center nowrap&gt;0.0 m&lt;/td&gt;&lt;/tr&gt;&lt;tr&gt;&lt;td&gt;VR2&lt;/td&gt;&lt;td align=center nowrap&gt;Acoustic&lt;/td&gt;&lt;td align=center nowrap&gt;2007-02-02&lt;/td&gt;&lt;td align=center nowrap&gt;2007-09-28&lt;/td&gt;&lt;td align=center nowrap&gt;2007-09-27&lt;/td&gt;&lt;td align=center nowrap&gt;1&lt;/td&gt;&lt;td align=center nowrap&gt;0.0 m&lt;/td&gt;&lt;/tr&gt;&lt;tr&gt;&lt;td&gt;VR2&lt;/td&gt;&lt;td align=center nowrap&gt;Acoustic&lt;/td&gt;&lt;td align=center nowrap&gt;2007-09-27&lt;/td&gt;&lt;td align=center nowrap&gt;-&lt;/td&gt;&lt;td align=center nowrap&gt;2008-02-04&lt;/td&gt;&lt;td align=center nowrap&gt;-&lt;/td&gt;&lt;td align=center nowrap&gt;0.0 m&lt;/td&gt;&lt;/tr&gt;&lt;tr&gt;&lt;td&gt;VR2&lt;/td&gt;&lt;td align=center nowrap&gt;Acoustic&lt;/td&gt;&lt;td align=center nowrap&gt;2007-09-27&lt;/td&gt;&lt;td align=center nowrap&gt;-&lt;/td&gt;&lt;td align=center nowrap&gt;2008-02-04&lt;/td&gt;&lt;td align=center nowrap&gt;-&lt;/td&gt;&lt;td align=center nowrap&gt;0.0 m&lt;/td&gt;&lt;/tr&gt;&lt;tr&gt;&lt;td&gt;VR2&lt;/td&gt;&lt;td align=center nowrap&gt;Acoustic&lt;/td&gt;&lt;td align=center nowrap&gt;2008-02-04&lt;/td&gt;&lt;td align=center nowrap&gt;-&lt;/td&gt;&lt;td align=center nowrap&gt;2008-04-15&lt;/td&gt;&lt;td align=center nowrap&gt;-&lt;/td&gt;&lt;td align=center nowrap&gt;0.0 m&lt;/td&gt;&lt;/tr&gt;&lt;tr&gt;&lt;td&gt;VR2&lt;/td&gt;&lt;td align=center nowrap&gt;Acoustic&lt;/td&gt;&lt;td align=center nowrap&gt;2008-12-04&lt;/td&gt;&lt;td align=center nowrap&gt;-&lt;/td&gt;&lt;td align=center nowrap&gt;2009-03-06&lt;/td&gt;&lt;td align=center nowrap&gt;-&lt;/td&gt;&lt;td align=center nowrap&gt;0.0 m&lt;/td&gt;&lt;/tr&gt;&lt;tr&gt;&lt;td&gt;VR2&lt;/td&gt;&lt;td align=center nowrap&gt;Acoustic&lt;/td&gt;&lt;td align=center nowrap&gt;2009-03-06&lt;/td&gt;&lt;td align=center nowrap&gt;-&lt;/td&gt;&lt;td align=center nowrap&gt;2009-07-02&lt;/td&gt;&lt;td align=center nowrap&gt;-&lt;/td&gt;&lt;td align=center nowrap&gt;0.0 m&lt;/td&gt;&lt;/tr&gt;&lt;tr&gt;&lt;td&gt;VR2&lt;/td&gt;&lt;td align=center nowrap&gt;Acoustic&lt;/td&gt;&lt;td align=center nowrap&gt;2009-07-02&lt;/td&gt;&lt;td align=center nowrap&gt;-&lt;/td&gt;&lt;td align=center nowrap&gt;2009-12-18&lt;/td&gt;&lt;td align=center nowrap&gt;-&lt;/td&gt;&lt;td align=center nowrap&gt;0.0 m&lt;/td&gt;&lt;/tr&gt;&lt;/table&gt;&lt;/small&gt;</SimpleData>
                    </SchemaData>
                </ExtendedData>
                <Point>
                    <coordinates>-158.03651,21.27606</coordinates>
                </Point>
            </Placemark>
            <Placemark id="stations_series.fid--2e4a691_19d8297c619_-3c8f">
                <ExtendedData>
                    <SchemaData schemaUrl="#stations_series_1">
                        <SimpleData name="collectioncode">PIRAT.PFRL</SimpleData>
                        <SimpleData name="seriescode">PIRAT</SimpleData>
                        <SimpleData name="ocean">MID PACIFIC</SimpleData>
                        <SimpleData name="station_name">WAIKIKI WEST DEEP</SimpleData>
                        <SimpleData name="station_type">Acoustic</SimpleData>
                        <SimpleData name="latitude">21.27442</SimpleData>
                        <SimpleData name="longitude">-157.89825</SimpleData>
                        <SimpleData name="depth">183</SimpleData>
                        <SimpleData name="stationstatus">active</SimpleData>
                        <SimpleData name="stationclass">deployed</SimpleData>
                        <SimpleData name="first_year">2012-04-26</SimpleData>
                        <SimpleData name="last_year">2021-12-18</SimpleData>
                        <SimpleData name="notes">&lt;small&gt;&lt;table border=1&gt;&lt;tr&gt;&lt;th&gt;instrument&lt;/th&gt;&lt;th&gt;type&lt;/th&gt;&lt;th&gt;deploy date&lt;/th&gt;&lt;th&gt;last download&lt;/th&gt;&lt;th&gt;recovery date&lt;/th&gt;&lt;th&gt;downloads&lt;/th&gt;&lt;th&gt;offset&lt;/th&gt;&lt;/tr&gt;&lt;tr&gt;&lt;td&gt;VR2W&lt;/td&gt;&lt;td align=center nowrap&gt;Acoustic&lt;/td&gt;&lt;td align=center nowrap&gt;2012-04-26&lt;/td&gt;&lt;td align=center nowrap&gt;2012-11-09&lt;/td&gt;&lt;td align=center nowrap&gt;2012-11-09&lt;/td&gt;&lt;td align=center nowrap&gt;1&lt;/td&gt;&lt;td align=center nowrap&gt;0.0 m&lt;/td&gt;&lt;/tr&gt;&lt;tr&gt;&lt;td&gt;VR2W&lt;/td&gt;&lt;td align=center nowrap&gt;Acoustic&lt;/td&gt;&lt;td align=center nowrap&gt;2013-06-18&lt;/td&gt;&lt;td align=center nowrap&gt;2013-12-13&lt;/td&gt;&lt;td align=center nowrap&gt;2013-12-12&lt;/td&gt;&lt;td align=center nowrap&gt;1&lt;/td&gt;&lt;td align=center nowrap&gt;174.5 m&lt;/td&gt;&lt;/tr&gt;&lt;tr&gt;&lt;td&gt;VR2W&lt;/td&gt;&lt;td align=center nowrap&gt;Acoustic&lt;/td&gt;&lt;td align=center nowrap&gt;2013-12-12&lt;/td&gt;&lt;td align=center nowrap&gt;2014-11-26&lt;/td&gt;&lt;td align=center nowrap&gt;2014-11-25&lt;/td&gt;&lt;td align=center nowrap&gt;1&lt;/td&gt;&lt;td align=center nowrap&gt;56422.7 m&lt;/td&gt;&lt;/tr&gt;&lt;tr&gt;&lt;td&gt;VR2W&lt;/td&gt;&lt;td align=center nowrap&gt;Acoustic&lt;/td&gt;&lt;td align=center nowrap&gt;2014-11-25&lt;/td&gt;&lt;td align=center nowrap&gt;2015-06-20&lt;/td&gt;&lt;td align=center nowrap&gt;2015-06-19&lt;/td&gt;&lt;td align=center nowrap&gt;1&lt;/td&gt;&lt;td align=center nowrap&gt;0.0 m&lt;/td&gt;&lt;/tr&gt;&lt;tr&gt;&lt;td&gt;VR2W&lt;/td&gt;&lt;td align=center nowrap&gt;Acoustic&lt;/td&gt;&lt;td align=center nowrap&gt;2015-06-19&lt;/td&gt;&lt;td align=center nowrap&gt;2016-12-21&lt;/td&gt;&lt;td align=center nowrap&gt;2016-11-18&lt;/td&gt;&lt;td align=center nowrap&gt;1&lt;/td&gt;&lt;td align=center nowrap&gt;0.0 m&lt;/td&gt;&lt;/tr&gt;&lt;tr&gt;&lt;td&gt;VR2W&lt;/td&gt;&lt;td align=center nowrap&gt;Acoustic&lt;/td&gt;&lt;td align=center nowrap&gt;2016-11-18&lt;/td&gt;&lt;td align=center nowrap&gt;2017-08-16&lt;/td&gt;&lt;td align=center nowrap&gt;2017-08-08&lt;/td&gt;&lt;td align=center nowrap&gt;1&lt;/td&gt;&lt;td align=center nowrap&gt;193.4 m&lt;/td&gt;&lt;/tr&gt;&lt;tr&gt;&lt;td&gt;VR2W&lt;/td&gt;&lt;td align=center nowrap&gt;Acoustic&lt;/td&gt;&lt;td align=center nowrap&gt;2018-11-08&lt;/td&gt;&lt;td align=center nowrap&gt;-&lt;/td&gt;&lt;td align=center nowrap&gt;2021-12-18&lt;/td&gt;&lt;td align=center nowrap&gt;-&lt;/td&gt;&lt;td align=center nowrap&gt;155.7 m&lt;/td&gt;&lt;/tr&gt;&lt;/table&gt;&lt;/small&gt;</SimpleData>
                    </SchemaData>
                </ExtendedData>
                <Point>
                    <coordinates>-157.89825,21.27442</coordinates>
                </Point>
            </Placemark>
            <Placemark id="stations_series.fid--2e4a691_19d8297c619_-3c8e">
                <ExtendedData>
                    <SchemaData schemaUrl="#stations_series_1">
                        <SimpleData name="collectioncode">PIRAT.PFRL</SimpleData>
                        <SimpleData name="seriescode">PIRAT</SimpleData>
                        <SimpleData name="ocean">MID PACIFIC</SimpleData>
                        <SimpleData name="station_name">FFS TRIG ISLAND</SimpleData>
                        <SimpleData name="station_type">Acoustic</SimpleData>
                        <SimpleData name="latitude">23.86945</SimpleData>
                        <SimpleData name="longitude">-166.24158</SimpleData>
                        <SimpleData name="depth">unknown</SimpleData>
                        <SimpleData name="stationstatus">active</SimpleData>
                        <SimpleData name="stationclass">deployed</SimpleData>
                        <SimpleData name="first_year">2005-05-19</SimpleData>
                        <SimpleData name="last_year">2019-07-20</SimpleData>
                        <SimpleData name="notes">&lt;small&gt;&lt;table border=1&gt;&lt;tr&gt;&lt;th&gt;instrument&lt;/th&gt;&lt;th&gt;type&lt;/th&gt;&lt;th&gt;deploy date&lt;/th&gt;&lt;th&gt;last download&lt;/th&gt;&lt;th&gt;recovery date&lt;/th&gt;&lt;th&gt;downloads&lt;/th&gt;&lt;th&gt;offset&lt;/th&gt;&lt;/tr&gt;&lt;tr&gt;&lt;td&gt;VR2&lt;/td&gt;&lt;td align=center nowrap&gt;Acoustic&lt;/td&gt;&lt;td align=center nowrap&gt;2005-05-19&lt;/td&gt;&lt;td align=center nowrap&gt;-&lt;/td&gt;&lt;td align=center nowrap&gt;2005-09-17&lt;/td&gt;&lt;td align=center nowrap&gt;-&lt;/td&gt;&lt;td align=center nowrap&gt;0.0 m&lt;/td&gt;&lt;/tr&gt;&lt;tr&gt;&lt;td&gt;VR2&lt;/td&gt;&lt;td align=center nowrap&gt;Acoustic&lt;/td&gt;&lt;td align=center nowrap&gt;2006-05-29&lt;/td&gt;&lt;td align=center nowrap&gt;-&lt;/td&gt;&lt;td align=center nowrap&gt;2006-09-04&lt;/td&gt;&lt;td align=center nowrap&gt;-&lt;/td&gt;&lt;td align=center nowrap&gt;0.0 m&lt;/td&gt;&lt;/tr&gt;&lt;tr&gt;&lt;td&gt;VR2&lt;/td&gt;&lt;td align=center nowrap&gt;Acoustic&lt;/td&gt;&lt;td align=center nowrap&gt;2006-09-05&lt;/td&gt;&lt;td align=center nowrap&gt;-&lt;/td&gt;&lt;td align=center nowrap&gt;2007-09-07&lt;/td&gt;&lt;td align=center nowrap&gt;-&lt;/td&gt;&lt;td align=center nowrap&gt;0.0 m&lt;/td&gt;&lt;/tr&gt;&lt;tr&gt;&lt;td&gt;VR2W&lt;/td&gt;&lt;td align=center nowrap&gt;Acoustic&lt;/td&gt;&lt;td align=center nowrap&gt;2007-09-08&lt;/td&gt;&lt;td align=center nowrap&gt;-&lt;/td&gt;&lt;td align=center nowrap&gt;2008-06-07&lt;/td&gt;&lt;td align=center nowrap&gt;-&lt;/td&gt;&lt;td align=center nowrap&gt;0.0 m&lt;/td&gt;&lt;/tr&gt;&lt;tr&gt;&lt;td&gt;VR2W&lt;/td&gt;&lt;td align=center nowrap&gt;Acoustic&lt;/td&gt;&lt;td align=center nowrap&gt;2008-06-07&lt;/td&gt;&lt;td align=center nowrap&gt;-&lt;/td&gt;&lt;td align=center nowrap&gt;2010-05-13&lt;/td&gt;&lt;td align=center nowrap&gt;-&lt;/td&gt;&lt;td align=center nowrap&gt;0.0 m&lt;/td&gt;&lt;/tr&gt;&lt;tr&gt;&lt;td&gt;VR2W&lt;/td&gt;&lt;td align=center nowrap&gt;Acoustic&lt;/td&gt;&lt;td align=center nowrap&gt;2010-05-13&lt;/td&gt;&lt;td align=center nowrap&gt;-&lt;/td&gt;&lt;td align=center nowrap&gt;2011-09-19&lt;/td&gt;&lt;td align=center nowrap&gt;-&lt;/td&gt;&lt;td align=center nowrap&gt;0.0 m&lt;/td&gt;&lt;/tr&gt;&lt;tr&gt;&lt;td&gt;VR2W&lt;/td&gt;&lt;td align=center nowrap&gt;Acoustic&lt;/td&gt;&lt;td align=center nowrap&gt;2011-09-01&lt;/td&gt;&lt;td align=center nowrap&gt;-&lt;/td&gt;&lt;td align=center nowrap&gt;2012-07-10&lt;/td&gt;&lt;td align=center nowrap&gt;-&lt;/td&gt;&lt;td align=center nowrap&gt;0.0 m&lt;/td&gt;&lt;/tr&gt;&lt;tr&gt;&lt;td&gt;VR2W&lt;/td&gt;&lt;td align=center nowrap&gt;Acoustic&lt;/td&gt;&lt;td align=center nowrap&gt;2012-07-10&lt;/td&gt;&lt;td align=center nowrap&gt;2013-06-13&lt;/td&gt;&lt;td align=center nowrap&gt;2013-05-21&lt;/td&gt;&lt;td align=center nowrap&gt;1&lt;/td&gt;&lt;td align=center nowrap&gt;0.0 m&lt;/td&gt;&lt;/tr&gt;&lt;tr&gt;&lt;td&gt;VR2W&lt;/td&gt;&lt;td align=center nowrap&gt;Acoustic&lt;/td&gt;&lt;td align=center nowrap&gt;2013-05-21&lt;/td&gt;&lt;td align=center nowrap&gt;-&lt;/td&gt;&lt;td align=center nowrap&gt;2014-09-12&lt;/td&gt;&lt;td align=center nowrap&gt;-&lt;/td&gt;&lt;td align=center nowrap&gt;0.0 m&lt;/td&gt;&lt;/tr&gt;&lt;tr&gt;&lt;td&gt;VR2W&lt;/td&gt;&lt;td align=center nowrap&gt;Acoustic&lt;/td&gt;&lt;td align=center nowrap&gt;2014-09-12&lt;/td&gt;&lt;td align=center nowrap&gt;2015-09-09&lt;/td&gt;&lt;td align=center nowrap&gt;2015-09-08&lt;/td&gt;&lt;td align=center nowrap&gt;1&lt;/td&gt;&lt;td align=center nowrap&gt;0.0 m&lt;/td&gt;&lt;/tr&gt;&lt;tr&gt;&lt;td&gt;VR2W&lt;/td&gt;&lt;td align=center nowrap&gt;Acoustic&lt;/td&gt;&lt;td align=center nowrap&gt;2015-09-08&lt;/td&gt;&lt;td align=center nowrap&gt;2016-05-28&lt;/td&gt;&lt;td align=center nowrap&gt;2016-05-26&lt;/td&gt;&lt;td align=center nowrap&gt;1&lt;/td&gt;&lt;td align=center nowrap&gt;0.0 m&lt;/td&gt;&lt;/tr&gt;&lt;tr&gt;&lt;td&gt;VR2W&lt;/td&gt;&lt;td align=center nowrap&gt;Acoustic&lt;/td&gt;&lt;td align=center nowrap&gt;2016-05-26&lt;/td&gt;&lt;td align=center nowrap&gt;2017-10-30&lt;/td&gt;&lt;td align=center nowrap&gt;2017-09-09&lt;/td&gt;&lt;td align=center nowrap&gt;1&lt;/td&gt;&lt;td align=center nowrap&gt;0.0 m&lt;/td&gt;&lt;/tr&gt;&lt;tr&gt;&lt;td&gt;VR2W&lt;/td&gt;&lt;td align=center nowrap&gt;Acoustic&lt;/td&gt;&lt;td align=center nowrap&gt;2017-09-09&lt;/td&gt;&lt;td align=center nowrap&gt;2020-01-23&lt;/td&gt;&lt;td align=center nowrap&gt;2019-07-20&lt;/td&gt;&lt;td align=center nowrap&gt;1&lt;/td&gt;&lt;td align=center nowrap&gt;0.0 m&lt;/td&gt;&lt;/tr&gt;&lt;/table&gt;&lt;/small&gt;</SimpleData>
                    </SchemaData>
                </ExtendedData>
                <Point>
                    <coordinates>-166.24158,23.86945</coordinates>
                </Point>
            </Placemark>
            <Placemark id="stations_series.fid--2e4a691_19d8297c619_-3c8d">
                <ExtendedData>
                    <SchemaData schemaUrl="#stations_series_1">
                        <SimpleData name="collectioncode">PIRAT.PFRL</SimpleData>
                        <SimpleData name="seriescode">PIRAT</SimpleData>
                        <SimpleData name="ocean">MID PACIFIC</SimpleData>
                        <SimpleData name="station_name">North Shore Shark Adventures Buoy</SimpleData>
                        <SimpleData name="station_type">Transceiver</SimpleData>
                        <SimpleData name="latitude">21.62013</SimpleData>
                        <SimpleData name="longitude">-158.15256</SimpleData>
                        <SimpleData name="depth">unknown</SimpleData>
                        <SimpleData name="stationstatus">active</SimpleData>
                        <SimpleData name="stationclass">deployed</SimpleData>
                        <SimpleData name="first_year">2007-05-03</SimpleData>
                        <SimpleData name="last_year">2024-04-29</SimpleData>
                        <SimpleData name="notes">&lt;small&gt;&lt;table border=1&gt;&lt;tr&gt;&lt;th&gt;instrument&lt;/th&gt;&lt;th&gt;type&lt;/th&gt;&lt;th&gt;deploy date&lt;/th&gt;&lt;th&gt;last download&lt;/th&gt;&lt;th&gt;recovery date&lt;/th&gt;&lt;th&gt;downloads&lt;/th&gt;&lt;th&gt;offset&lt;/th&gt;&lt;/tr&gt;&lt;tr&gt;&lt;td&gt;VR2W&lt;/td&gt;&lt;td align=center nowrap&gt;Transceiver&lt;/td&gt;&lt;td align=center nowrap&gt;2007-05-03&lt;/td&gt;&lt;td align=center nowrap&gt;-&lt;/td&gt;&lt;td align=center nowrap&gt;2007-05-31&lt;/td&gt;&lt;td align=center nowrap&gt;-&lt;/td&gt;&lt;td align=center nowrap&gt;3260.6 m&lt;/td&gt;&lt;/tr&gt;&lt;tr&gt;&lt;td&gt;VR2W&lt;/td&gt;&lt;td align=center nowrap&gt;Transceiver&lt;/td&gt;&lt;td align=center nowrap&gt;2007-05-31&lt;/td&gt;&lt;td align=center nowrap&gt;-&lt;/td&gt;&lt;td align=center nowrap&gt;2007-08-08&lt;/td&gt;&lt;td align=center nowrap&gt;-&lt;/td&gt;&lt;td align=center nowrap&gt;3260.6 m&lt;/td&gt;&lt;/tr&gt;&lt;tr&gt;&lt;td&gt;VR2W&lt;/td&gt;&lt;td align=center nowrap&gt;Transceiver&lt;/td&gt;&lt;td align=center nowrap&gt;2007-08-09&lt;/td&gt;&lt;td align=center nowrap&gt;-&lt;/td&gt;&lt;td align=center nowrap&gt;2007-10-17&lt;/td&gt;&lt;td align=center nowrap&gt;-&lt;/td&gt;&lt;td align=center nowrap&gt;540.8 m&lt;/td&gt;&lt;/tr&gt;&lt;tr&gt;&lt;td&gt;VR2W&lt;/td&gt;&lt;td align=center nowrap&gt;Transceiver&lt;/td&gt;&lt;td align=center nowrap&gt;2007-10-17&lt;/td&gt;&lt;td align=center nowrap&gt;-&lt;/td&gt;&lt;td align=center nowrap&gt;2007-12-21&lt;/td&gt;&lt;td align=center nowrap&gt;-&lt;/td&gt;&lt;td align=center nowrap&gt;540.8 m&lt;/td&gt;&lt;/tr&gt;&lt;tr&gt;&lt;td&gt;VR2W&lt;/td&gt;&lt;td align=center nowrap&gt;Transceiver&lt;/td&gt;&lt;td align=center nowrap&gt;2008-02-28&lt;/td&gt;&lt;td align=center nowrap&gt;-&lt;/td&gt;&lt;td align=center nowrap&gt;2008-07-02&lt;/td&gt;&lt;td align=center nowrap&gt;-&lt;/td&gt;&lt;td align=center nowrap&gt;540.8 m&lt;/td&gt;&lt;/tr&gt;&lt;tr&gt;&lt;td&gt;VR2W&lt;/td&gt;&lt;td align=center nowrap&gt;Transceiver&lt;/td&gt;&lt;td align=center nowrap&gt;2008-07-02&lt;/td&gt;&lt;td align=center nowrap&gt;-&lt;/td&gt;&lt;td align=center nowrap&gt;2008-10-27&lt;/td&gt;&lt;td align=center nowrap&gt;-&lt;/td&gt;&lt;td align=center nowrap&gt;540.8 m&lt;/td&gt;&lt;/tr&gt;&lt;tr&gt;&lt;td&gt;VR2W&lt;/td&gt;&lt;td align=center nowrap&gt;Transceiver&lt;/td&gt;&lt;td align=center nowrap&gt;2009-04-18&lt;/td&gt;&lt;td align=center nowrap&gt;-&lt;/td&gt;&lt;td align=center nowrap&gt;2009-09-20&lt;/td&gt;&lt;td align=center nowrap&gt;-&lt;/td&gt;&lt;td align=center nowrap&gt;540.8 m&lt;/td&gt;&lt;/tr&gt;&lt;tr&gt;&lt;td&gt;VR2W&lt;/td&gt;&lt;td align=center nowrap&gt;Transceiver&lt;/td&gt;&lt;td align=center nowrap&gt;2009-09-20&lt;/td&gt;&lt;td align=center nowrap&gt;-&lt;/td&gt;&lt;td align=center nowrap&gt;2010-05-04&lt;/td&gt;&lt;td align=center nowrap&gt;-&lt;/td&gt;&lt;td align=center nowrap&gt;540.8 m&lt;/td&gt;&lt;/tr&gt;&lt;tr&gt;&lt;td&gt;VR2W&lt;/td&gt;&lt;td align=center nowrap&gt;Transceiver&lt;/td&gt;&lt;td align=center nowrap&gt;2014-08-20&lt;/td&gt;&lt;td align=center nowrap&gt;2015-05-22&lt;/td&gt;&lt;td align=center nowrap&gt;2015-05-21&lt;/td&gt;&lt;td align=center nowrap&gt;1&lt;/td&gt;&lt;td align=center nowrap&gt;540.8 m&lt;/td&gt;&lt;/tr&gt;&lt;tr&gt;&lt;td&gt;VR2W&lt;/td&gt;&lt;td align=center nowrap&gt;Transceiver&lt;/td&gt;&lt;td align=center nowrap&gt;2015-05-21&lt;/td&gt;&lt;td align=center nowrap&gt;2016-10-07&lt;/td&gt;&lt;td align=center nowrap&gt;2016-10-05&lt;/td&gt;&lt;td align=center nowrap&gt;1&lt;/td&gt;&lt;td align=center nowrap&gt;0.0 m&lt;/td&gt;&lt;/tr&gt;&lt;tr&gt;&lt;td&gt;VR2W&lt;/td&gt;&lt;td align=center nowrap&gt;Transceiver&lt;/td&gt;&lt;td align=center nowrap&gt;2016-10-05&lt;/td&gt;&lt;td align=center nowrap&gt;2017-08-24&lt;/td&gt;&lt;td align=center nowrap&gt;2017-08-17&lt;/td&gt;&lt;td align=center nowrap&gt;1&lt;/td&gt;&lt;td align=center nowrap&gt;540.8 m&lt;/td&gt;&lt;/tr&gt;&lt;tr&gt;&lt;td&gt;VR2W&lt;/td&gt;&lt;td align=center nowrap&gt;Transceiver&lt;/td&gt;&lt;td align=center nowrap&gt;2021-10-23&lt;/td&gt;&lt;td align=center nowrap&gt;2022-03-05&lt;/td&gt;&lt;td align=center nowrap&gt;2022-02-10&lt;/td&gt;&lt;td align=center nowrap&gt;1&lt;/td&gt;&lt;td align=center nowrap&gt;282.9 m&lt;/td&gt;&lt;/tr&gt;&lt;tr&gt;&lt;td&gt;VR2W&lt;/td&gt;&lt;td align=center nowrap&gt;Transceiver&lt;/td&gt;&lt;td align=center nowrap&gt;2022-06-22&lt;/td&gt;&lt;td align=center nowrap&gt;2022-08-19&lt;/td&gt;&lt;td align=center nowrap&gt;2022-08-15&lt;/td&gt;&lt;td align=center nowrap&gt;1&lt;/td&gt;&lt;td align=center nowrap&gt;296.5 m&lt;/td&gt;&lt;/tr&gt;&lt;tr&gt;&lt;td&gt;VR2AR&lt;/td&gt;&lt;td align=center nowrap&gt;Transceiver&lt;/td&gt;&lt;td align=center nowrap&gt;2022-08-15&lt;/td&gt;&lt;td align=center nowrap&gt;2023-04-04&lt;/td&gt;&lt;td align=center nowrap&gt;2023-03-24&lt;/td&gt;&lt;td align=center nowrap&gt;1&lt;/td&gt;&lt;td align=center nowrap&gt;823.2 m&lt;/td&gt;&lt;/tr&gt;&lt;tr&gt;&lt;td&gt;VR2AR&lt;/td&gt;&lt;td align=center nowrap&gt;Transceiver&lt;/td&gt;&lt;td align=center nowrap&gt;2023-03-24&lt;/td&gt;&lt;td align=center nowrap&gt;2023-10-05&lt;/td&gt;&lt;td align=center nowrap&gt;2023-10-03&lt;/td&gt;&lt;td align=center nowrap&gt;1&lt;/td&gt;&lt;td align=center nowrap&gt;644.7 m&lt;/td&gt;&lt;/tr&gt;&lt;tr&gt;&lt;td&gt;VR2AR&lt;/td&gt;&lt;td align=center nowrap&gt;Transceiver&lt;/td&gt;&lt;td align=center nowrap&gt;2023-10-04&lt;/td&gt;&lt;td align=center nowrap&gt;2024-04-30&lt;/td&gt;&lt;td align=center nowrap&gt;2024-04-29&lt;/td&gt;&lt;td align=center nowrap&gt;1&lt;/td&gt;&lt;td align=center nowrap&gt;637.0 m&lt;/td&gt;&lt;/tr&gt;&lt;/table&gt;&lt;/small&gt;</SimpleData>
                    </SchemaData>
                </ExtendedData>
                <Point>
                    <coordinates>-158.15256,21.62013</coordinates>
                </Point>
            </Placemark>
            <Placemark id="stations_series.fid--2e4a691_19d8297c619_-3c8c">
                <ExtendedData>
                    <SchemaData schemaUrl="#stations_series_1">
                        <SimpleData name="collectioncode">PIRAT.PFRL</SimpleData>
                        <SimpleData name="seriescode">PIRAT</SimpleData>
                        <SimpleData name="ocean">MID PACIFIC</SimpleData>
                        <SimpleData name="station_name">Kalama Shallow</SimpleData>
                        <SimpleData name="station_type">Acoustic</SimpleData>
                        <SimpleData name="latitude">20.72546</SimpleData>
                        <SimpleData name="longitude">-156.45827</SimpleData>
                        <SimpleData name="depth">unknown</SimpleData>
                        <SimpleData name="stationstatus">active</SimpleData>
                        <SimpleData name="stationclass">deployed</SimpleData>
                        <SimpleData name="first_year">2013-10-21</SimpleData>
                        <SimpleData name="last_year">2018-01-26</SimpleData>
                        <SimpleData name="notes">&lt;small&gt;&lt;table border=1&gt;&lt;tr&gt;&lt;th&gt;instrument&lt;/th&gt;&lt;th&gt;type&lt;/th&gt;&lt;th&gt;deploy date&lt;/th&gt;&lt;th&gt;last download&lt;/th&gt;&lt;th&gt;recovery date&lt;/th&gt;&lt;th&gt;downloads&lt;/th&gt;&lt;th&gt;offset&lt;/th&gt;&lt;/tr&gt;&lt;tr&gt;&lt;td&gt;VR2W&lt;/td&gt;&lt;td align=center nowrap&gt;Acoustic&lt;/td&gt;&lt;td align=center nowrap&gt;2013-10-21&lt;/td&gt;&lt;td align=center nowrap&gt;2014-07-26&lt;/td&gt;&lt;td align=center nowrap&gt;2014-07-24&lt;/td&gt;&lt;td align=center nowrap&gt;1&lt;/td&gt;&lt;td align=center nowrap&gt;0.0 m&lt;/td&gt;&lt;/tr&gt;&lt;tr&gt;&lt;td&gt;VR2W&lt;/td&gt;&lt;td align=center nowrap&gt;Acoustic&lt;/td&gt;&lt;td align=center nowrap&gt;2014-07-24&lt;/td&gt;&lt;td align=center nowrap&gt;2015-06-29&lt;/td&gt;&lt;td align=center nowrap&gt;2015-06-28&lt;/td&gt;&lt;td align=center nowrap&gt;1&lt;/td&gt;&lt;td align=center nowrap&gt;0.0 m&lt;/td&gt;&lt;/tr&gt;&lt;tr&gt;&lt;td&gt;VR2W&lt;/td&gt;&lt;td align=center nowrap&gt;Acoustic&lt;/td&gt;&lt;td align=center nowrap&gt;2015-06-28&lt;/td&gt;&lt;td align=center nowrap&gt;2020-01-25&lt;/td&gt;&lt;td align=center nowrap&gt;2017-02-16&lt;/td&gt;&lt;td align=center nowrap&gt;5&lt;/td&gt;&lt;td align=center nowrap&gt;0.0 m&lt;/td&gt;&lt;/tr&gt;&lt;tr&gt;&lt;td&gt;VR2W&lt;/td&gt;&lt;td align=center nowrap&gt;Acoustic&lt;/td&gt;&lt;td align=center nowrap&gt;2017-02-16&lt;/td&gt;&lt;td align=center nowrap&gt;-&lt;/td&gt;&lt;td align=center nowrap&gt;2018-01-26&lt;/td&gt;&lt;td align=center nowrap&gt;-&lt;/td&gt;&lt;td align=center nowrap&gt;0.0 m&lt;/td&gt;&lt;/tr&gt;&lt;/table&gt;&lt;/small&gt;</SimpleData>
                    </SchemaData>
                </ExtendedData>
                <Point>
                    <coordinates>-156.45827,20.72546</coordinates>
                </Point>
            </Placemark>
            <Placemark id="stations_series.fid--2e4a691_19d8297c619_-3c8b">
                <ExtendedData>
                    <SchemaData schemaUrl="#stations_series_1">
                        <SimpleData name="collectioncode">PIRAT.PFRL</SimpleData>
                        <SimpleData name="seriescode">PIRAT</SimpleData>
                        <SimpleData name="ocean">MID PACIFIC</SimpleData>
                        <SimpleData name="station_name">Waimea Bay</SimpleData>
                        <SimpleData name="station_type">Acoustic</SimpleData>
                        <SimpleData name="latitude">21.64316</SimpleData>
                        <SimpleData name="longitude">-158.07024</SimpleData>
                        <SimpleData name="depth">unknown</SimpleData>
                        <SimpleData name="stationstatus">active</SimpleData>
                        <SimpleData name="stationclass">deployed</SimpleData>
                        <SimpleData name="first_year">2008-09-14</SimpleData>
                        <SimpleData name="last_year">2018-09-10</SimpleData>
                        <SimpleData name="notes">&lt;small&gt;&lt;table border=1&gt;&lt;tr&gt;&lt;th&gt;instrument&lt;/th&gt;&lt;th&gt;type&lt;/th&gt;&lt;th&gt;deploy date&lt;/th&gt;&lt;th&gt;last download&lt;/th&gt;&lt;th&gt;recovery date&lt;/th&gt;&lt;th&gt;downloads&lt;/th&gt;&lt;th&gt;offset&lt;/th&gt;&lt;/tr&gt;&lt;tr&gt;&lt;td&gt;VR2W&lt;/td&gt;&lt;td align=center nowrap&gt;Acoustic&lt;/td&gt;&lt;td align=center nowrap&gt;2008-09-14&lt;/td&gt;&lt;td align=center nowrap&gt;-&lt;/td&gt;&lt;td align=center nowrap&gt;2009-05-20&lt;/td&gt;&lt;td align=center nowrap&gt;-&lt;/td&gt;&lt;td align=center nowrap&gt;30.1 m&lt;/td&gt;&lt;/tr&gt;&lt;tr&gt;&lt;td&gt;VR2W&lt;/td&gt;&lt;td align=center nowrap&gt;Acoustic&lt;/td&gt;&lt;td align=center nowrap&gt;2009-05-20&lt;/td&gt;&lt;td align=center nowrap&gt;-&lt;/td&gt;&lt;td align=center nowrap&gt;2010-03-20&lt;/td&gt;&lt;td align=center nowrap&gt;-&lt;/td&gt;&lt;td align=center nowrap&gt;30.1 m&lt;/td&gt;&lt;/tr&gt;&lt;tr&gt;&lt;td&gt;VR2W&lt;/td&gt;&lt;td align=center nowrap&gt;Acoustic&lt;/td&gt;&lt;td align=center nowrap&gt;2014-08-20&lt;/td&gt;&lt;td align=center nowrap&gt;2015-05-22&lt;/td&gt;&lt;td align=center nowrap&gt;2015-05-21&lt;/td&gt;&lt;td align=center nowrap&gt;1&lt;/td&gt;&lt;td align=center nowrap&gt;30.1 m&lt;/td&gt;&lt;/tr&gt;&lt;tr&gt;&lt;td&gt;VR2W&lt;/td&gt;&lt;td align=center nowrap&gt;Acoustic&lt;/td&gt;&lt;td align=center nowrap&gt;2015-05-21&lt;/td&gt;&lt;td align=center nowrap&gt;2016-10-07&lt;/td&gt;&lt;td align=center nowrap&gt;2016-10-05&lt;/td&gt;&lt;td align=center nowrap&gt;1&lt;/td&gt;&lt;td align=center nowrap&gt;30.1 m&lt;/td&gt;&lt;/tr&gt;&lt;tr&gt;&lt;td&gt;VR2W&lt;/td&gt;&lt;td align=center nowrap&gt;Acoustic&lt;/td&gt;&lt;td align=center nowrap&gt;2016-10-05&lt;/td&gt;&lt;td align=center nowrap&gt;2018-11-14&lt;/td&gt;&lt;td align=center nowrap&gt;2017-08-17&lt;/td&gt;&lt;td align=center nowrap&gt;2&lt;/td&gt;&lt;td align=center nowrap&gt;30.1 m&lt;/td&gt;&lt;/tr&gt;&lt;tr&gt;&lt;td&gt;VR2W&lt;/td&gt;&lt;td align=center nowrap&gt;Acoustic&lt;/td&gt;&lt;td align=center nowrap&gt;2017-08-17&lt;/td&gt;&lt;td align=center nowrap&gt;2018-09-11&lt;/td&gt;&lt;td align=center nowrap&gt;2018-09-10&lt;/td&gt;&lt;td align=center nowrap&gt;1&lt;/td&gt;&lt;td align=center nowrap&gt;0.0 m&lt;/td&gt;&lt;/tr&gt;&lt;/table&gt;&lt;/small&gt;</SimpleData>
                    </SchemaData>
                </ExtendedData>
                <Point>
                    <coordinates>-158.07024,21.64316</coordinates>
                </Point>
            </Placemark>
            <Placemark id="stations_series.fid--2e4a691_19d8297c619_-3c8a">
                <ExtendedData>
                    <SchemaData schemaUrl="#stations_series_1">
                        <SimpleData name="collectioncode">PIRAT.PFRL</SimpleData>
                        <SimpleData name="seriescode">PIRAT</SimpleData>
                        <SimpleData name="ocean">MID PACIFIC</SimpleData>
                        <SimpleData name="station_name">SIXGILL 2</SimpleData>
                        <SimpleData name="station_type">Acoustic</SimpleData>
                        <SimpleData name="latitude">21.48795</SimpleData>
                        <SimpleData name="longitude">-157.75591</SimpleData>
                        <SimpleData name="depth">unknown</SimpleData>
                        <SimpleData name="stationstatus">active</SimpleData>
                        <SimpleData name="stationclass">deployed</SimpleData>
                        <SimpleData name="first_year">2019-04-28</SimpleData>
                        <SimpleData name="last_year">2020-01-23</SimpleData>
                        <SimpleData name="notes">&lt;small&gt;&lt;table border=1&gt;&lt;tr&gt;&lt;th&gt;instrument&lt;/th&gt;&lt;th&gt;type&lt;/th&gt;&lt;th&gt;deploy date&lt;/th&gt;&lt;th&gt;last download&lt;/th&gt;&lt;th&gt;recovery date&lt;/th&gt;&lt;th&gt;downloads&lt;/th&gt;&lt;th&gt;offset&lt;/th&gt;&lt;/tr&gt;&lt;tr&gt;&lt;td&gt;VR2W&lt;/td&gt;&lt;td align=center nowrap&gt;Acoustic&lt;/td&gt;&lt;td align=center nowrap&gt;2019-04-28&lt;/td&gt;&lt;td align=center nowrap&gt;-&lt;/td&gt;&lt;td align=center nowrap&gt;2019-06-28&lt;/td&gt;&lt;td align=center nowrap&gt;-&lt;/td&gt;&lt;td align=center nowrap&gt;0.0 m&lt;/td&gt;&lt;/tr&gt;&lt;tr&gt;&lt;td&gt;VR2W&lt;/td&gt;&lt;td align=center nowrap&gt;Acoustic&lt;/td&gt;&lt;td align=center nowrap&gt;2019-06-28&lt;/td&gt;&lt;td align=center nowrap&gt;2020-01-25&lt;/td&gt;&lt;td align=center nowrap&gt;2020-01-23&lt;/td&gt;&lt;td align=center nowrap&gt;2&lt;/td&gt;&lt;td align=center nowrap&gt;0.0 m&lt;/td&gt;&lt;/tr&gt;&lt;/table&gt;&lt;/small&gt;</SimpleData>
                    </SchemaData>
                </ExtendedData>
                <Point>
                    <coordinates>-157.75591,21.48795</coordinates>
                </Point>
            </Placemark>
            <Placemark id="stations_series.fid--2e4a691_19d8297c619_-3c89">
                <ExtendedData>
                    <SchemaData schemaUrl="#stations_series_1">
                        <SimpleData name="collectioncode">PIRAT.PFRL</SimpleData>
                        <SimpleData name="seriescode">PIRAT</SimpleData>
                        <SimpleData name="ocean">MID PACIFIC</SimpleData>
                        <SimpleData name="station_name">BLACK POINT</SimpleData>
                        <SimpleData name="station_type">Acoustic</SimpleData>
                        <SimpleData name="latitude">20.10562</SimpleData>
                        <SimpleData name="longitude">-155.88475</SimpleData>
                        <SimpleData name="depth">unknown</SimpleData>
                        <SimpleData name="stationstatus">active</SimpleData>
                        <SimpleData name="stationclass">deployed</SimpleData>
                        <SimpleData name="first_year">2003-06-13</SimpleData>
                        <SimpleData name="last_year">2012-03-20</SimpleData>
                        <SimpleData name="notes">&lt;small&gt;&lt;table border=1&gt;&lt;tr&gt;&lt;th&gt;instrument&lt;/th&gt;&lt;th&gt;type&lt;/th&gt;&lt;th&gt;deploy date&lt;/th&gt;&lt;th&gt;last download&lt;/th&gt;&lt;th&gt;recovery date&lt;/th&gt;&lt;th&gt;downloads&lt;/th&gt;&lt;th&gt;offset&lt;/th&gt;&lt;/tr&gt;&lt;tr&gt;&lt;td&gt;VR2&lt;/td&gt;&lt;td align=center nowrap&gt;Acoustic&lt;/td&gt;&lt;td align=center nowrap&gt;2003-06-13&lt;/td&gt;&lt;td align=center nowrap&gt;-&lt;/td&gt;&lt;td align=center nowrap&gt;2004-07-28&lt;/td&gt;&lt;td align=center nowrap&gt;-&lt;/td&gt;&lt;td align=center nowrap&gt;0.0 m&lt;/td&gt;&lt;/tr&gt;&lt;tr&gt;&lt;td&gt;VR2&lt;/td&gt;&lt;td align=center nowrap&gt;Acoustic&lt;/td&gt;&lt;td align=center nowrap&gt;2004-07-28&lt;/td&gt;&lt;td align=center nowrap&gt;-&lt;/td&gt;&lt;td align=center nowrap&gt;2006-01-04&lt;/td&gt;&lt;td align=center nowrap&gt;-&lt;/td&gt;&lt;td align=center nowrap&gt;0.0 m&lt;/td&gt;&lt;/tr&gt;&lt;tr&gt;&lt;td&gt;VR2&lt;/td&gt;&lt;td align=center nowrap&gt;Acoustic&lt;/td&gt;&lt;td align=center nowrap&gt;2006-01-04&lt;/td&gt;&lt;td align=center nowrap&gt;-&lt;/td&gt;&lt;td align=center nowrap&gt;2006-09-04&lt;/td&gt;&lt;td align=center nowrap&gt;-&lt;/td&gt;&lt;td align=center nowrap&gt;0.0 m&lt;/td&gt;&lt;/tr&gt;&lt;tr&gt;&lt;td&gt;VR2&lt;/td&gt;&lt;td align=center nowrap&gt;Acoustic&lt;/td&gt;&lt;td align=center nowrap&gt;2006-09-04&lt;/td&gt;&lt;td align=center nowrap&gt;-&lt;/td&gt;&lt;td align=center nowrap&gt;2007-06-17&lt;/td&gt;&lt;td align=center nowrap&gt;-&lt;/td&gt;&lt;td align=center nowrap&gt;0.0 m&lt;/td&gt;&lt;/tr&gt;&lt;tr&gt;&lt;td&gt;VR2&lt;/td&gt;&lt;td align=center nowrap&gt;Acoustic&lt;/td&gt;&lt;td align=center nowrap&gt;2007-06-17&lt;/td&gt;&lt;td align=center nowrap&gt;-&lt;/td&gt;&lt;td align=center nowrap&gt;2008-02-15&lt;/td&gt;&lt;td align=center nowrap&gt;-&lt;/td&gt;&lt;td align=center nowrap&gt;0.0 m&lt;/td&gt;&lt;/tr&gt;&lt;tr&gt;&lt;td&gt;VR2&lt;/td&gt;&lt;td align=center nowrap&gt;Acoustic&lt;/td&gt;&lt;td align=center nowrap&gt;2008-02-15&lt;/td&gt;&lt;td align=center nowrap&gt;-&lt;/td&gt;&lt;td align=center nowrap&gt;2008-08-19&lt;/td&gt;&lt;td align=center nowrap&gt;-&lt;/td&gt;&lt;td align=center nowrap&gt;0.0 m&lt;/td&gt;&lt;/tr&gt;&lt;tr&gt;&lt;td&gt;VR2&lt;/td&gt;&lt;td align=center nowrap&gt;Acoustic&lt;/td&gt;&lt;td align=center nowrap&gt;2008-08-19&lt;/td&gt;&lt;td align=center nowrap&gt;-&lt;/td&gt;&lt;td align=center nowrap&gt;2009-09-10&lt;/td&gt;&lt;td align=center nowrap&gt;-&lt;/td&gt;&lt;td align=center nowrap&gt;0.0 m&lt;/td&gt;&lt;/tr&gt;&lt;tr&gt;&lt;td&gt;VR2&lt;/td&gt;&lt;td align=center nowrap&gt;Acoustic&lt;/td&gt;&lt;td align=center nowrap&gt;2009-09-10&lt;/td&gt;&lt;td align=center nowrap&gt;-&lt;/td&gt;&lt;td align=center nowrap&gt;2010-12-18&lt;/td&gt;&lt;td align=center nowrap&gt;-&lt;/td&gt;&lt;td align=center nowrap&gt;0.0 m&lt;/td&gt;&lt;/tr&gt;&lt;tr&gt;&lt;td&gt;VR2W&lt;/td&gt;&lt;td align=center nowrap&gt;Acoustic&lt;/td&gt;&lt;td align=center nowrap&gt;2010-12-18&lt;/td&gt;&lt;td align=center nowrap&gt;-&lt;/td&gt;&lt;td align=center nowrap&gt;2012-03-20&lt;/td&gt;&lt;td align=center nowrap&gt;-&lt;/td&gt;&lt;td align=center nowrap&gt;0.0 m&lt;/td&gt;&lt;/tr&gt;&lt;/table&gt;&lt;/small&gt;</SimpleData>
                    </SchemaData>
                </ExtendedData>
                <Point>
                    <coordinates>-155.88475,20.10562</coordinates>
                </Point>
            </Placemark>
            <Placemark id="stations_series.fid--2e4a691_19d8297c619_-3c88">
                <ExtendedData>
                    <SchemaData schemaUrl="#stations_series_1">
                        <SimpleData name="collectioncode">PIRAT.PFRL</SimpleData>
                        <SimpleData name="seriescode">PIRAT</SimpleData>
                        <SimpleData name="ocean">MID PACIFIC</SimpleData>
                        <SimpleData name="station_name">LISIANSKI SOUTH NEVA SHOALS</SimpleData>
                        <SimpleData name="station_type">Acoustic</SimpleData>
                        <SimpleData name="latitude">25.88237</SimpleData>
                        <SimpleData name="longitude">-173.91573</SimpleData>
                        <SimpleData name="depth">unknown</SimpleData>
                        <SimpleData name="stationstatus">active</SimpleData>
                        <SimpleData name="stationclass">deployed</SimpleData>
                        <SimpleData name="first_year">2006-09-26</SimpleData>
                        <SimpleData name="last_year">2011-09-15</SimpleData>
                        <SimpleData name="notes">&lt;small&gt;&lt;table border=1&gt;&lt;tr&gt;&lt;th&gt;instrument&lt;/th&gt;&lt;th&gt;type&lt;/th&gt;&lt;th&gt;deploy date&lt;/th&gt;&lt;th&gt;last download&lt;/th&gt;&lt;th&gt;recovery date&lt;/th&gt;&lt;th&gt;downloads&lt;/th&gt;&lt;th&gt;offset&lt;/th&gt;&lt;/tr&gt;&lt;tr&gt;&lt;td&gt;VR2&lt;/td&gt;&lt;td align=center nowrap&gt;Acoustic&lt;/td&gt;&lt;td align=center nowrap&gt;2006-09-26&lt;/td&gt;&lt;td align=center nowrap&gt;-&lt;/td&gt;&lt;td align=center nowrap&gt;2007-07-15&lt;/td&gt;&lt;td align=center nowrap&gt;-&lt;/td&gt;&lt;td align=center nowrap&gt;0.0 m&lt;/td&gt;&lt;/tr&gt;&lt;tr&gt;&lt;td&gt;VR2&lt;/td&gt;&lt;td align=center nowrap&gt;Acoustic&lt;/td&gt;&lt;td align=center nowrap&gt;2007-07-15&lt;/td&gt;&lt;td align=center nowrap&gt;-&lt;/td&gt;&lt;td align=center nowrap&gt;2010-05-17&lt;/td&gt;&lt;td align=center nowrap&gt;-&lt;/td&gt;&lt;td align=center nowrap&gt;0.0 m&lt;/td&gt;&lt;/tr&gt;&lt;tr&gt;&lt;td&gt;VR2W&lt;/td&gt;&lt;td align=center nowrap&gt;Acoustic&lt;/td&gt;&lt;td align=center nowrap&gt;2010-05-17&lt;/td&gt;&lt;td align=center nowrap&gt;-&lt;/td&gt;&lt;td align=center nowrap&gt;2011-09-15&lt;/td&gt;&lt;td align=center nowrap&gt;-&lt;/td&gt;&lt;td align=center nowrap&gt;0.0 m&lt;/td&gt;&lt;/tr&gt;&lt;/table&gt;&lt;/small&gt;</SimpleData>
                    </SchemaData>
                </ExtendedData>
                <Point>
                    <coordinates>-173.91573,25.88237</coordinates>
                </Point>
            </Placemark>
            <Placemark id="stations_series.fid--2e4a691_19d8297c619_-3c87">
                <ExtendedData>
                    <SchemaData schemaUrl="#stations_series_1">
                        <SimpleData name="collectioncode">PIRAT.PFRL</SimpleData>
                        <SimpleData name="seriescode">PIRAT</SimpleData>
                        <SimpleData name="ocean">MID PACIFIC</SimpleData>
                        <SimpleData name="station_name">HIMB POACHERS COVE</SimpleData>
                        <SimpleData name="station_type">Acoustic</SimpleData>
                        <SimpleData name="latitude">21.43419</SimpleData>
                        <SimpleData name="longitude">-157.79082</SimpleData>
                        <SimpleData name="depth">unknown</SimpleData>
                        <SimpleData name="stationstatus">active</SimpleData>
                        <SimpleData name="stationclass">deployed</SimpleData>
                        <SimpleData name="first_year">2011-12-14</SimpleData>
                        <SimpleData name="last_year">2014-04-16</SimpleData>
                        <SimpleData name="notes">&lt;small&gt;&lt;table border=1&gt;&lt;tr&gt;&lt;th&gt;instrument&lt;/th&gt;&lt;th&gt;type&lt;/th&gt;&lt;th&gt;deploy date&lt;/th&gt;&lt;th&gt;last download&lt;/th&gt;&lt;th&gt;recovery date&lt;/th&gt;&lt;th&gt;downloads&lt;/th&gt;&lt;th&gt;offset&lt;/th&gt;&lt;/tr&gt;&lt;tr&gt;&lt;td&gt;VR2W&lt;/td&gt;&lt;td align=center nowrap&gt;Acoustic&lt;/td&gt;&lt;td align=center nowrap&gt;2011-12-14&lt;/td&gt;&lt;td align=center nowrap&gt;2012-10-25&lt;/td&gt;&lt;td align=center nowrap&gt;2012-10-24&lt;/td&gt;&lt;td align=center nowrap&gt;1&lt;/td&gt;&lt;td align=center nowrap&gt;0.0 m&lt;/td&gt;&lt;/tr&gt;&lt;tr&gt;&lt;td&gt;VR2W&lt;/td&gt;&lt;td align=center nowrap&gt;Acoustic&lt;/td&gt;&lt;td align=center nowrap&gt;2012-10-25&lt;/td&gt;&lt;td align=center nowrap&gt;2014-04-23&lt;/td&gt;&lt;td align=center nowrap&gt;2014-04-16&lt;/td&gt;&lt;td align=center nowrap&gt;5&lt;/td&gt;&lt;td align=center nowrap&gt;0.0 m&lt;/td&gt;&lt;/tr&gt;&lt;/table&gt;&lt;/small&gt;</SimpleData>
                    </SchemaData>
                </ExtendedData>
                <Point>
                    <coordinates>-157.79082,21.43419</coordinates>
                </Point>
            </Placemark>
            <Placemark id="stations_series.fid--2e4a691_19d8297c619_-3c86">
                <ExtendedData>
                    <SchemaData schemaUrl="#stations_series_1">
                        <SimpleData name="collectioncode">PIRAT.PFRL</SimpleData>
                        <SimpleData name="seriescode">PIRAT</SimpleData>
                        <SimpleData name="ocean">MID PACIFIC</SimpleData>
                        <SimpleData name="station_name">ELECTRIC BEACH</SimpleData>
                        <SimpleData name="station_type">Acoustic</SimpleData>
                        <SimpleData name="latitude">21.35558</SimpleData>
                        <SimpleData name="longitude">-158.141</SimpleData>
                        <SimpleData name="depth">unknown</SimpleData>
                        <SimpleData name="stationstatus">active</SimpleData>
                        <SimpleData name="stationclass">deployed</SimpleData>
                        <SimpleData name="first_year">2007-02-09</SimpleData>
                        <SimpleData name="last_year">2009-07-02</SimpleData>
                        <SimpleData name="notes">&lt;small&gt;&lt;table border=1&gt;&lt;tr&gt;&lt;th&gt;instrument&lt;/th&gt;&lt;th&gt;type&lt;/th&gt;&lt;th&gt;deploy date&lt;/th&gt;&lt;th&gt;last download&lt;/th&gt;&lt;th&gt;recovery date&lt;/th&gt;&lt;th&gt;downloads&lt;/th&gt;&lt;th&gt;offset&lt;/th&gt;&lt;/tr&gt;&lt;tr&gt;&lt;td&gt;VR2&lt;/td&gt;&lt;td align=center nowrap&gt;Acoustic&lt;/td&gt;&lt;td align=center nowrap&gt;2007-02-09&lt;/td&gt;&lt;td align=center nowrap&gt;-&lt;/td&gt;&lt;td align=center nowrap&gt;2007-10-02&lt;/td&gt;&lt;td align=center nowrap&gt;-&lt;/td&gt;&lt;td align=center nowrap&gt;0.0 m&lt;/td&gt;&lt;/tr&gt;&lt;tr&gt;&lt;td&gt;VR2&lt;/td&gt;&lt;td align=center nowrap&gt;Acoustic&lt;/td&gt;&lt;td align=center nowrap&gt;2007-10-01&lt;/td&gt;&lt;td align=center nowrap&gt;-&lt;/td&gt;&lt;td align=center nowrap&gt;2008-02-19&lt;/td&gt;&lt;td align=center nowrap&gt;-&lt;/td&gt;&lt;td align=center nowrap&gt;0.0 m&lt;/td&gt;&lt;/tr&gt;&lt;tr&gt;&lt;td&gt;VR2&lt;/td&gt;&lt;td align=center nowrap&gt;Acoustic&lt;/td&gt;&lt;td align=center nowrap&gt;2008-02-19&lt;/td&gt;&lt;td align=center nowrap&gt;-&lt;/td&gt;&lt;td align=center nowrap&gt;2008-12-04&lt;/td&gt;&lt;td align=center nowrap&gt;-&lt;/td&gt;&lt;td align=center nowrap&gt;0.0 m&lt;/td&gt;&lt;/tr&gt;&lt;tr&gt;&lt;td&gt;VR2&lt;/td&gt;&lt;td align=center nowrap&gt;Acoustic&lt;/td&gt;&lt;td align=center nowrap&gt;2009-03-06&lt;/td&gt;&lt;td align=center nowrap&gt;-&lt;/td&gt;&lt;td align=center nowrap&gt;2009-07-02&lt;/td&gt;&lt;td align=center nowrap&gt;-&lt;/td&gt;&lt;td align=center nowrap&gt;0.0 m&lt;/td&gt;&lt;/tr&gt;&lt;/table&gt;&lt;/small&gt;</SimpleData>
                    </SchemaData>
                </ExtendedData>
                <Point>
                    <coordinates>-158.141,21.35558</coordinates>
                </Point>
            </Placemark>
            <Placemark id="stations_series.fid--2e4a691_19d8297c619_-3c85">
                <ExtendedData>
                    <SchemaData schemaUrl="#stations_series_1">
                        <SimpleData name="collectioncode">PIRAT.PFRL</SimpleData>
                        <SimpleData name="seriescode">PIRAT</SimpleData>
                        <SimpleData name="ocean">MID PACIFIC</SimpleData>
                        <SimpleData name="station_name">HIMB POINT LAB</SimpleData>
                        <SimpleData name="station_type">Acoustic</SimpleData>
                        <SimpleData name="latitude">21.4329</SimpleData>
                        <SimpleData name="longitude">-157.78626</SimpleData>
                        <SimpleData name="depth">unknown</SimpleData>
                        <SimpleData name="stationstatus">active</SimpleData>
                        <SimpleData name="stationclass">deployed</SimpleData>
                        <SimpleData name="first_year">2012-02-01</SimpleData>
                        <SimpleData name="last_year">2014-04-16</SimpleData>
                        <SimpleData name="notes">&lt;small&gt;&lt;table border=1&gt;&lt;tr&gt;&lt;th&gt;instrument&lt;/th&gt;&lt;th&gt;type&lt;/th&gt;&lt;th&gt;deploy date&lt;/th&gt;&lt;th&gt;last download&lt;/th&gt;&lt;th&gt;recovery date&lt;/th&gt;&lt;th&gt;downloads&lt;/th&gt;&lt;th&gt;offset&lt;/th&gt;&lt;/tr&gt;&lt;tr&gt;&lt;td&gt;VR2W&lt;/td&gt;&lt;td align=center nowrap&gt;Acoustic&lt;/td&gt;&lt;td align=center nowrap&gt;2012-02-01&lt;/td&gt;&lt;td align=center nowrap&gt;2012-11-03&lt;/td&gt;&lt;td align=center nowrap&gt;2012-11-02&lt;/td&gt;&lt;td align=center nowrap&gt;1&lt;/td&gt;&lt;td align=center nowrap&gt;0.0 m&lt;/td&gt;&lt;/tr&gt;&lt;tr&gt;&lt;td&gt;VR2W&lt;/td&gt;&lt;td align=center nowrap&gt;Acoustic&lt;/td&gt;&lt;td align=center nowrap&gt;2012-11-02&lt;/td&gt;&lt;td align=center nowrap&gt;2014-04-23&lt;/td&gt;&lt;td align=center nowrap&gt;2014-04-16&lt;/td&gt;&lt;td align=center nowrap&gt;1&lt;/td&gt;&lt;td align=center nowrap&gt;0.0 m&lt;/td&gt;&lt;/tr&gt;&lt;/table&gt;&lt;/small&gt;</SimpleData>
                    </SchemaData>
                </ExtendedData>
                <Point>
                    <coordinates>-157.78626,21.4329</coordinates>
                </Point>
            </Placemark>
            <Placemark id="stations_series.fid--2e4a691_19d8297c619_-3c84">
                <ExtendedData>
                    <SchemaData schemaUrl="#stations_series_1">
                        <SimpleData name="collectioncode">PIRAT.PFRL</SimpleData>
                        <SimpleData name="seriescode">PIRAT</SimpleData>
                        <SimpleData name="ocean">MID PACIFIC</SimpleData>
                        <SimpleData name="station_name">Olowalu Deep</SimpleData>
                        <SimpleData name="station_type">Acoustic</SimpleData>
                        <SimpleData name="latitude">20.76218</SimpleData>
                        <SimpleData name="longitude">-156.62425</SimpleData>
                        <SimpleData name="depth">unknown</SimpleData>
                        <SimpleData name="stationstatus">active</SimpleData>
                        <SimpleData name="stationclass">deployed</SimpleData>
                        <SimpleData name="first_year">2014-01-16</SimpleData>
                        <SimpleData name="notes">&lt;small&gt;&lt;table border=1&gt;&lt;tr&gt;&lt;th&gt;instrument&lt;/th&gt;&lt;th&gt;type&lt;/th&gt;&lt;th&gt;deploy date&lt;/th&gt;&lt;th&gt;last download&lt;/th&gt;&lt;th&gt;recovery date&lt;/th&gt;&lt;th&gt;downloads&lt;/th&gt;&lt;th&gt;offset&lt;/th&gt;&lt;/tr&gt;&lt;tr&gt;&lt;td&gt;VR2W&lt;/td&gt;&lt;td align=center nowrap&gt;Acoustic&lt;/td&gt;&lt;td align=center nowrap&gt;2014-01-16&lt;/td&gt;&lt;td align=center nowrap&gt;2014-07-23&lt;/td&gt;&lt;td align=center nowrap&gt;2014-07-22&lt;/td&gt;&lt;td align=center nowrap&gt;1&lt;/td&gt;&lt;td align=center nowrap&gt;0.0 m&lt;/td&gt;&lt;/tr&gt;&lt;tr&gt;&lt;td&gt;VR2W&lt;/td&gt;&lt;td align=center nowrap&gt;Acoustic&lt;/td&gt;&lt;td align=center nowrap&gt;2014-07-22&lt;/td&gt;&lt;td align=center nowrap&gt;2015-04-28&lt;/td&gt;&lt;td align=center nowrap&gt;2015-04-27&lt;/td&gt;&lt;td align=center nowrap&gt;1&lt;/td&gt;&lt;td align=center nowrap&gt;0.0 m&lt;/td&gt;&lt;/tr&gt;&lt;tr&gt;&lt;td&gt;VR2W&lt;/td&gt;&lt;td align=center nowrap&gt;Acoustic&lt;/td&gt;&lt;td align=center nowrap&gt;2015-04-26&lt;/td&gt;&lt;td align=center nowrap&gt;-&lt;/td&gt;&lt;td align=center nowrap&gt;-&lt;/td&gt;&lt;td align=center nowrap&gt;-&lt;/td&gt;&lt;td align=center nowrap&gt;13.7 m&lt;/td&gt;&lt;/tr&gt;&lt;/table&gt;&lt;/small&gt;</SimpleData>
                    </SchemaData>
                </ExtendedData>
                <Point>
                    <coordinates>-156.62425,20.76218</coordinates>
                </Point>
            </Placemark>
            <Placemark id="stations_series.fid--2e4a691_19d8297c619_-3c83">
                <ExtendedData>
                    <SchemaData schemaUrl="#stations_series_1">
                        <SimpleData name="collectioncode">PIRAT.PFRL</SimpleData>
                        <SimpleData name="seriescode">PIRAT</SimpleData>
                        <SimpleData name="ocean">MID PACIFIC</SimpleData>
                        <SimpleData name="station_name">FFS SW Meso</SimpleData>
                        <SimpleData name="station_type">Acoustic</SimpleData>
                        <SimpleData name="latitude">23.63191</SimpleData>
                        <SimpleData name="longitude">-166.20595</SimpleData>
                        <SimpleData name="depth">unknown</SimpleData>
                        <SimpleData name="stationstatus">active</SimpleData>
                        <SimpleData name="stationclass">deployed</SimpleData>
                        <SimpleData name="first_year">2014-09-11</SimpleData>
                        <SimpleData name="notes">&lt;small&gt;&lt;table border=1&gt;&lt;tr&gt;&lt;th&gt;instrument&lt;/th&gt;&lt;th&gt;type&lt;/th&gt;&lt;th&gt;deploy date&lt;/th&gt;&lt;th&gt;last download&lt;/th&gt;&lt;th&gt;recovery date&lt;/th&gt;&lt;th&gt;downloads&lt;/th&gt;&lt;th&gt;offset&lt;/th&gt;&lt;/tr&gt;&lt;tr&gt;&lt;td&gt;VR2W&lt;/td&gt;&lt;td align=center nowrap&gt;Acoustic&lt;/td&gt;&lt;td align=center nowrap&gt;2014-09-11&lt;/td&gt;&lt;td align=center nowrap&gt;-&lt;/td&gt;&lt;td align=center nowrap&gt;-&lt;/td&gt;&lt;td align=center nowrap&gt;-&lt;/td&gt;&lt;td align=center nowrap&gt;0.0 m&lt;/td&gt;&lt;/tr&gt;&lt;/table&gt;&lt;/small&gt;</SimpleData>
                    </SchemaData>
                </ExtendedData>
                <Point>
                    <coordinates>-166.20595,23.63191</coordinates>
                </Point>
            </Placemark>
            <Placemark id="stations_series.fid--2e4a691_19d8297c619_-3c82">
                <ExtendedData>
                    <SchemaData schemaUrl="#stations_series_1">
                        <SimpleData name="collectioncode">PIRAT.PFRL</SimpleData>
                        <SimpleData name="seriescode">PIRAT</SimpleData>
                        <SimpleData name="ocean">MID PACIFIC</SimpleData>
                        <SimpleData name="station_name">FFS NORTHERN BARRIER REEF</SimpleData>
                        <SimpleData name="station_type">Acoustic</SimpleData>
                        <SimpleData name="latitude">23.88183</SimpleData>
                        <SimpleData name="longitude">-166.29223</SimpleData>
                        <SimpleData name="depth">unknown</SimpleData>
                        <SimpleData name="stationstatus">active</SimpleData>
                        <SimpleData name="stationclass">deployed</SimpleData>
                        <SimpleData name="first_year">2008-08-03</SimpleData>
                        <SimpleData name="last_year">2011-09-19</SimpleData>
                        <SimpleData name="notes">&lt;small&gt;&lt;table border=1&gt;&lt;tr&gt;&lt;th&gt;instrument&lt;/th&gt;&lt;th&gt;type&lt;/th&gt;&lt;th&gt;deploy date&lt;/th&gt;&lt;th&gt;last download&lt;/th&gt;&lt;th&gt;recovery date&lt;/th&gt;&lt;th&gt;downloads&lt;/th&gt;&lt;th&gt;offset&lt;/th&gt;&lt;/tr&gt;&lt;tr&gt;&lt;td&gt;VR2W&lt;/td&gt;&lt;td align=center nowrap&gt;Acoustic&lt;/td&gt;&lt;td align=center nowrap&gt;2008-08-03&lt;/td&gt;&lt;td align=center nowrap&gt;-&lt;/td&gt;&lt;td align=center nowrap&gt;2009-06-13&lt;/td&gt;&lt;td align=center nowrap&gt;-&lt;/td&gt;&lt;td align=center nowrap&gt;0.0 m&lt;/td&gt;&lt;/tr&gt;&lt;tr&gt;&lt;td&gt;VR2W&lt;/td&gt;&lt;td align=center nowrap&gt;Acoustic&lt;/td&gt;&lt;td align=center nowrap&gt;2009-06-13&lt;/td&gt;&lt;td align=center nowrap&gt;-&lt;/td&gt;&lt;td align=center nowrap&gt;2010-05-13&lt;/td&gt;&lt;td align=center nowrap&gt;-&lt;/td&gt;&lt;td align=center nowrap&gt;0.0 m&lt;/td&gt;&lt;/tr&gt;&lt;tr&gt;&lt;td&gt;VR2W&lt;/td&gt;&lt;td align=center nowrap&gt;Acoustic&lt;/td&gt;&lt;td align=center nowrap&gt;2010-05-13&lt;/td&gt;&lt;td align=center nowrap&gt;2012-10-26&lt;/td&gt;&lt;td align=center nowrap&gt;2011-09-19&lt;/td&gt;&lt;td align=center nowrap&gt;1&lt;/td&gt;&lt;td align=center nowrap&gt;0.0 m&lt;/td&gt;&lt;/tr&gt;&lt;/table&gt;&lt;/small&gt;</SimpleData>
                    </SchemaData>
                </ExtendedData>
                <Point>
                    <coordinates>-166.29223,23.88183</coordinates>
                </Point>
            </Placemark>
            <Placemark id="stations_series.fid--2e4a691_19d8297c619_-3c81">
                <ExtendedData>
                    <SchemaData schemaUrl="#stations_series_1">
                        <SimpleData name="collectioncode">PIRAT.PFRL</SimpleData>
                        <SimpleData name="seriescode">PIRAT</SimpleData>
                        <SimpleData name="ocean">MID PACIFIC</SimpleData>
                        <SimpleData name="station_name">LEHUA CRATER</SimpleData>
                        <SimpleData name="station_type">Acoustic</SimpleData>
                        <SimpleData name="latitude">22.02951</SimpleData>
                        <SimpleData name="longitude">-160.09802</SimpleData>
                        <SimpleData name="depth">unknown</SimpleData>
                        <SimpleData name="stationstatus">active</SimpleData>
                        <SimpleData name="stationclass">deployed</SimpleData>
                        <SimpleData name="first_year">2007-10-15</SimpleData>
                        <SimpleData name="last_year">2008-03-20</SimpleData>
                        <SimpleData name="notes">&lt;small&gt;&lt;table border=1&gt;&lt;tr&gt;&lt;th&gt;instrument&lt;/th&gt;&lt;th&gt;type&lt;/th&gt;&lt;th&gt;deploy date&lt;/th&gt;&lt;th&gt;last download&lt;/th&gt;&lt;th&gt;recovery date&lt;/th&gt;&lt;th&gt;downloads&lt;/th&gt;&lt;th&gt;offset&lt;/th&gt;&lt;/tr&gt;&lt;tr&gt;&lt;td&gt;VR2&lt;/td&gt;&lt;td align=center nowrap&gt;Acoustic&lt;/td&gt;&lt;td align=center nowrap&gt;2007-10-15&lt;/td&gt;&lt;td align=center nowrap&gt;-&lt;/td&gt;&lt;td align=center nowrap&gt;2008-03-20&lt;/td&gt;&lt;td align=center nowrap&gt;-&lt;/td&gt;&lt;td align=center nowrap&gt;0.0 m&lt;/td&gt;&lt;/tr&gt;&lt;/table&gt;&lt;/small&gt;</SimpleData>
                    </SchemaData>
                </ExtendedData>
                <Point>
                    <coordinates>-160.09802,22.02951</coordinates>
                </Point>
            </Placemark>
            <Placemark id="stations_series.fid--2e4a691_19d8297c619_-3c80">
                <ExtendedData>
                    <SchemaData schemaUrl="#stations_series_1">
                        <SimpleData name="collectioncode">PIRAT.PFRL</SimpleData>
                        <SimpleData name="seriescode">PIRAT</SimpleData>
                        <SimpleData name="ocean">MID PACIFIC</SimpleData>
                        <SimpleData name="station_name">FFS TRIG SHALLOW 1</SimpleData>
                        <SimpleData name="station_type">Acoustic</SimpleData>
                        <SimpleData name="latitude">23.87206</SimpleData>
                        <SimpleData name="longitude">-166.24529</SimpleData>
                        <SimpleData name="depth">unknown</SimpleData>
                        <SimpleData name="stationstatus">active</SimpleData>
                        <SimpleData name="stationclass">deployed</SimpleData>
                        <SimpleData name="first_year">2009-07-31</SimpleData>
                        <SimpleData name="last_year">2012-07-10</SimpleData>
                        <SimpleData name="notes">&lt;small&gt;&lt;table border=1&gt;&lt;tr&gt;&lt;th&gt;instrument&lt;/th&gt;&lt;th&gt;type&lt;/th&gt;&lt;th&gt;deploy date&lt;/th&gt;&lt;th&gt;last download&lt;/th&gt;&lt;th&gt;recovery date&lt;/th&gt;&lt;th&gt;downloads&lt;/th&gt;&lt;th&gt;offset&lt;/th&gt;&lt;/tr&gt;&lt;tr&gt;&lt;td&gt;VR2W&lt;/td&gt;&lt;td align=center nowrap&gt;Acoustic&lt;/td&gt;&lt;td align=center nowrap&gt;2009-07-31&lt;/td&gt;&lt;td align=center nowrap&gt;-&lt;/td&gt;&lt;td align=center nowrap&gt;2010-05-13&lt;/td&gt;&lt;td align=center nowrap&gt;-&lt;/td&gt;&lt;td align=center nowrap&gt;0.0 m&lt;/td&gt;&lt;/tr&gt;&lt;tr&gt;&lt;td&gt;VR2W&lt;/td&gt;&lt;td align=center nowrap&gt;Acoustic&lt;/td&gt;&lt;td align=center nowrap&gt;2010-05-13&lt;/td&gt;&lt;td align=center nowrap&gt;-&lt;/td&gt;&lt;td align=center nowrap&gt;2012-07-10&lt;/td&gt;&lt;td align=center nowrap&gt;-&lt;/td&gt;&lt;td align=center nowrap&gt;0.0 m&lt;/td&gt;&lt;/tr&gt;&lt;/table&gt;&lt;/small&gt;</SimpleData>
                    </SchemaData>
                </ExtendedData>
                <Point>
                    <coordinates>-166.24529,23.87206</coordinates>
                </Point>
            </Placemark>
            <Placemark id="stations_series.fid--2e4a691_19d8297c619_-3c7f">
                <ExtendedData>
                    <SchemaData schemaUrl="#stations_series_1">
                        <SimpleData name="collectioncode">PIRAT.PFRL</SimpleData>
                        <SimpleData name="seriescode">PIRAT</SimpleData>
                        <SimpleData name="ocean">MID PACIFIC</SimpleData>
                        <SimpleData name="station_name">MIDWAY FISH HOLE</SimpleData>
                        <SimpleData name="station_type">Acoustic</SimpleData>
                        <SimpleData name="latitude">28.19742</SimpleData>
                        <SimpleData name="longitude">-177.36272</SimpleData>
                        <SimpleData name="depth">unknown</SimpleData>
                        <SimpleData name="stationstatus">active</SimpleData>
                        <SimpleData name="stationclass">deployed</SimpleData>
                        <SimpleData name="first_year">2005-05-28</SimpleData>
                        <SimpleData name="last_year">2016-06-02</SimpleData>
                        <SimpleData name="notes">&lt;small&gt;&lt;table border=1&gt;&lt;tr&gt;&lt;th&gt;instrument&lt;/th&gt;&lt;th&gt;type&lt;/th&gt;&lt;th&gt;deploy date&lt;/th&gt;&lt;th&gt;last download&lt;/th&gt;&lt;th&gt;recovery date&lt;/th&gt;&lt;th&gt;downloads&lt;/th&gt;&lt;th&gt;offset&lt;/th&gt;&lt;/tr&gt;&lt;tr&gt;&lt;td&gt;VR2&lt;/td&gt;&lt;td align=center nowrap&gt;Acoustic&lt;/td&gt;&lt;td align=center nowrap&gt;2005-05-28&lt;/td&gt;&lt;td align=center nowrap&gt;-&lt;/td&gt;&lt;td align=center nowrap&gt;2005-09-27&lt;/td&gt;&lt;td align=center nowrap&gt;-&lt;/td&gt;&lt;td align=center nowrap&gt;0.0 m&lt;/td&gt;&lt;/tr&gt;&lt;tr&gt;&lt;td&gt;VR2&lt;/td&gt;&lt;td align=center nowrap&gt;Acoustic&lt;/td&gt;&lt;td align=center nowrap&gt;2005-09-28&lt;/td&gt;&lt;td align=center nowrap&gt;-&lt;/td&gt;&lt;td align=center nowrap&gt;2006-09-15&lt;/td&gt;&lt;td align=center nowrap&gt;-&lt;/td&gt;&lt;td align=center nowrap&gt;0.0 m&lt;/td&gt;&lt;/tr&gt;&lt;tr&gt;&lt;td&gt;VR2&lt;/td&gt;&lt;td align=center nowrap&gt;Acoustic&lt;/td&gt;&lt;td align=center nowrap&gt;2006-09-16&lt;/td&gt;&lt;td align=center nowrap&gt;-&lt;/td&gt;&lt;td align=center nowrap&gt;2007-07-21&lt;/td&gt;&lt;td align=center nowrap&gt;-&lt;/td&gt;&lt;td align=center nowrap&gt;0.0 m&lt;/td&gt;&lt;/tr&gt;&lt;tr&gt;&lt;td&gt;VR2&lt;/td&gt;&lt;td align=center nowrap&gt;Acoustic&lt;/td&gt;&lt;td align=center nowrap&gt;2007-07-22&lt;/td&gt;&lt;td align=center nowrap&gt;-&lt;/td&gt;&lt;td align=center nowrap&gt;2008-06-12&lt;/td&gt;&lt;td align=center nowrap&gt;-&lt;/td&gt;&lt;td align=center nowrap&gt;0.0 m&lt;/td&gt;&lt;/tr&gt;&lt;tr&gt;&lt;td&gt;VR2&lt;/td&gt;&lt;td align=center nowrap&gt;Acoustic&lt;/td&gt;&lt;td align=center nowrap&gt;2008-06-13&lt;/td&gt;&lt;td align=center nowrap&gt;-&lt;/td&gt;&lt;td align=center nowrap&gt;2009-06-22&lt;/td&gt;&lt;td align=center nowrap&gt;-&lt;/td&gt;&lt;td align=center nowrap&gt;0.0 m&lt;/td&gt;&lt;/tr&gt;&lt;tr&gt;&lt;td&gt;VR2W&lt;/td&gt;&lt;td align=center nowrap&gt;Acoustic&lt;/td&gt;&lt;td align=center nowrap&gt;2009-06-22&lt;/td&gt;&lt;td align=center nowrap&gt;2013-07-01&lt;/td&gt;&lt;td align=center nowrap&gt;2010-05-23&lt;/td&gt;&lt;td align=center nowrap&gt;1&lt;/td&gt;&lt;td align=center nowrap&gt;0.0 m&lt;/td&gt;&lt;/tr&gt;&lt;tr&gt;&lt;td&gt;VR2W&lt;/td&gt;&lt;td align=center nowrap&gt;Acoustic&lt;/td&gt;&lt;td align=center nowrap&gt;2010-05-31&lt;/td&gt;&lt;td align=center nowrap&gt;2017-03-10&lt;/td&gt;&lt;td align=center nowrap&gt;2012-07-15&lt;/td&gt;&lt;td align=center nowrap&gt;1&lt;/td&gt;&lt;td align=center nowrap&gt;0.0 m&lt;/td&gt;&lt;/tr&gt;&lt;tr&gt;&lt;td&gt;VR2W&lt;/td&gt;&lt;td align=center nowrap&gt;Acoustic&lt;/td&gt;&lt;td align=center nowrap&gt;2012-07-15&lt;/td&gt;&lt;td align=center nowrap&gt;2022-01-01&lt;/td&gt;&lt;td align=center nowrap&gt;2014-08-21&lt;/td&gt;&lt;td align=center nowrap&gt;2&lt;/td&gt;&lt;td align=center nowrap&gt;0.0 m&lt;/td&gt;&lt;/tr&gt;&lt;tr&gt;&lt;td&gt;VR2W&lt;/td&gt;&lt;td align=center nowrap&gt;Acoustic&lt;/td&gt;&lt;td align=center nowrap&gt;2015-09-19&lt;/td&gt;&lt;td align=center nowrap&gt;2016-06-10&lt;/td&gt;&lt;td align=center nowrap&gt;2016-06-02&lt;/td&gt;&lt;td align=center nowrap&gt;1&lt;/td&gt;&lt;td align=center nowrap&gt;0.0 m&lt;/td&gt;&lt;/tr&gt;&lt;/table&gt;&lt;/small&gt;</SimpleData>
                    </SchemaData>
                </ExtendedData>
                <Point>
                    <coordinates>-177.36272,28.19742</coordinates>
                </Point>
            </Placemark>
            <Placemark id="stations_series.fid--2e4a691_19d8297c619_-3c7e">
                <ExtendedData>
                    <SchemaData schemaUrl="#stations_series_1">
                        <SimpleData name="collectioncode">PIRAT.PFRL</SimpleData>
                        <SimpleData name="seriescode">PIRAT</SimpleData>
                        <SimpleData name="ocean">MID PACIFIC</SimpleData>
                        <SimpleData name="station_name">MAKENA PT</SimpleData>
                        <SimpleData name="station_type">Acoustic</SimpleData>
                        <SimpleData name="latitude">20.63496</SimpleData>
                        <SimpleData name="longitude">-156.45558</SimpleData>
                        <SimpleData name="depth">unknown</SimpleData>
                        <SimpleData name="stationstatus">active</SimpleData>
                        <SimpleData name="stationclass">deployed</SimpleData>
                        <SimpleData name="first_year">2014-07-24</SimpleData>
                        <SimpleData name="last_year">2019-04-06</SimpleData>
                        <SimpleData name="notes">&lt;small&gt;&lt;table border=1&gt;&lt;tr&gt;&lt;th&gt;instrument&lt;/th&gt;&lt;th&gt;type&lt;/th&gt;&lt;th&gt;deploy date&lt;/th&gt;&lt;th&gt;last download&lt;/th&gt;&lt;th&gt;recovery date&lt;/th&gt;&lt;th&gt;downloads&lt;/th&gt;&lt;th&gt;offset&lt;/th&gt;&lt;/tr&gt;&lt;tr&gt;&lt;td&gt;VR2W&lt;/td&gt;&lt;td align=center nowrap&gt;Acoustic&lt;/td&gt;&lt;td align=center nowrap&gt;2014-07-24&lt;/td&gt;&lt;td align=center nowrap&gt;2014-12-08&lt;/td&gt;&lt;td align=center nowrap&gt;2014-12-07&lt;/td&gt;&lt;td align=center nowrap&gt;2&lt;/td&gt;&lt;td align=center nowrap&gt;0.0 m&lt;/td&gt;&lt;/tr&gt;&lt;tr&gt;&lt;td&gt;VR2W&lt;/td&gt;&lt;td align=center nowrap&gt;Acoustic&lt;/td&gt;&lt;td align=center nowrap&gt;2014-12-07&lt;/td&gt;&lt;td align=center nowrap&gt;2015-06-29&lt;/td&gt;&lt;td align=center nowrap&gt;2015-06-28&lt;/td&gt;&lt;td align=center nowrap&gt;1&lt;/td&gt;&lt;td align=center nowrap&gt;0.0 m&lt;/td&gt;&lt;/tr&gt;&lt;tr&gt;&lt;td&gt;VR2W&lt;/td&gt;&lt;td align=center nowrap&gt;Acoustic&lt;/td&gt;&lt;td align=center nowrap&gt;2015-06-28&lt;/td&gt;&lt;td align=center nowrap&gt;2018-09-11&lt;/td&gt;&lt;td align=center nowrap&gt;2017-02-16&lt;/td&gt;&lt;td align=center nowrap&gt;1&lt;/td&gt;&lt;td align=center nowrap&gt;0.0 m&lt;/td&gt;&lt;/tr&gt;&lt;tr&gt;&lt;td&gt;VR2W&lt;/td&gt;&lt;td align=center nowrap&gt;Acoustic&lt;/td&gt;&lt;td align=center nowrap&gt;2017-02-16&lt;/td&gt;&lt;td align=center nowrap&gt;-&lt;/td&gt;&lt;td align=center nowrap&gt;2018-01-26&lt;/td&gt;&lt;td align=center nowrap&gt;-&lt;/td&gt;&lt;td align=center nowrap&gt;0.0 m&lt;/td&gt;&lt;/tr&gt;&lt;tr&gt;&lt;td&gt;VR2W&lt;/td&gt;&lt;td align=center nowrap&gt;Acoustic&lt;/td&gt;&lt;td align=center nowrap&gt;2018-01-26&lt;/td&gt;&lt;td align=center nowrap&gt;2019-05-13&lt;/td&gt;&lt;td align=center nowrap&gt;2019-04-06&lt;/td&gt;&lt;td align=center nowrap&gt;1&lt;/td&gt;&lt;td align=center nowrap&gt;0.0 m&lt;/td&gt;&lt;/tr&gt;&lt;/table&gt;&lt;/small&gt;</SimpleData>
                    </SchemaData>
                </ExtendedData>
                <Point>
                    <coordinates>-156.45558,20.63496</coordinates>
                </Point>
            </Placemark>
            <Placemark id="stations_series.fid--2e4a691_19d8297c619_-3c7d">
                <ExtendedData>
                    <SchemaData schemaUrl="#stations_series_1">
                        <SimpleData name="collectioncode">PIRAT.PFRL</SimpleData>
                        <SimpleData name="seriescode">PIRAT</SimpleData>
                        <SimpleData name="ocean">MID PACIFIC</SimpleData>
                        <SimpleData name="station_name">PHR SE Channel</SimpleData>
                        <SimpleData name="station_type">Acoustic</SimpleData>
                        <SimpleData name="latitude">27.78702</SimpleData>
                        <SimpleData name="longitude">-175.83623</SimpleData>
                        <SimpleData name="depth">unknown</SimpleData>
                        <SimpleData name="stationstatus">active</SimpleData>
                        <SimpleData name="stationclass">deployed</SimpleData>
                        <SimpleData name="first_year">2005-05-24</SimpleData>
                        <SimpleData name="last_year">2017-09-16</SimpleData>
                        <SimpleData name="notes">&lt;small&gt;&lt;table border=1&gt;&lt;tr&gt;&lt;th&gt;instrument&lt;/th&gt;&lt;th&gt;type&lt;/th&gt;&lt;th&gt;deploy date&lt;/th&gt;&lt;th&gt;last download&lt;/th&gt;&lt;th&gt;recovery date&lt;/th&gt;&lt;th&gt;downloads&lt;/th&gt;&lt;th&gt;offset&lt;/th&gt;&lt;/tr&gt;&lt;tr&gt;&lt;td&gt;VR2&lt;/td&gt;&lt;td align=center nowrap&gt;Acoustic&lt;/td&gt;&lt;td align=center nowrap&gt;2005-05-24&lt;/td&gt;&lt;td align=center nowrap&gt;-&lt;/td&gt;&lt;td align=center nowrap&gt;2005-09-24&lt;/td&gt;&lt;td align=center nowrap&gt;-&lt;/td&gt;&lt;td align=center nowrap&gt;0.0 m&lt;/td&gt;&lt;/tr&gt;&lt;tr&gt;&lt;td&gt;VR2&lt;/td&gt;&lt;td align=center nowrap&gt;Acoustic&lt;/td&gt;&lt;td align=center nowrap&gt;2005-09-25&lt;/td&gt;&lt;td align=center nowrap&gt;-&lt;/td&gt;&lt;td align=center nowrap&gt;2006-09-12&lt;/td&gt;&lt;td align=center nowrap&gt;-&lt;/td&gt;&lt;td align=center nowrap&gt;0.0 m&lt;/td&gt;&lt;/tr&gt;&lt;tr&gt;&lt;td&gt;VR2&lt;/td&gt;&lt;td align=center nowrap&gt;Acoustic&lt;/td&gt;&lt;td align=center nowrap&gt;2006-09-13&lt;/td&gt;&lt;td align=center nowrap&gt;-&lt;/td&gt;&lt;td align=center nowrap&gt;2007-07-17&lt;/td&gt;&lt;td align=center nowrap&gt;-&lt;/td&gt;&lt;td align=center nowrap&gt;0.0 m&lt;/td&gt;&lt;/tr&gt;&lt;tr&gt;&lt;td&gt;VR2&lt;/td&gt;&lt;td align=center nowrap&gt;Acoustic&lt;/td&gt;&lt;td align=center nowrap&gt;2007-07-18&lt;/td&gt;&lt;td align=center nowrap&gt;-&lt;/td&gt;&lt;td align=center nowrap&gt;2008-06-19&lt;/td&gt;&lt;td align=center nowrap&gt;-&lt;/td&gt;&lt;td align=center nowrap&gt;0.0 m&lt;/td&gt;&lt;/tr&gt;&lt;tr&gt;&lt;td&gt;VR2W&lt;/td&gt;&lt;td align=center nowrap&gt;Acoustic&lt;/td&gt;&lt;td align=center nowrap&gt;2008-06-19&lt;/td&gt;&lt;td align=center nowrap&gt;-&lt;/td&gt;&lt;td align=center nowrap&gt;2009-06-20&lt;/td&gt;&lt;td align=center nowrap&gt;-&lt;/td&gt;&lt;td align=center nowrap&gt;0.0 m&lt;/td&gt;&lt;/tr&gt;&lt;tr&gt;&lt;td&gt;VR2W&lt;/td&gt;&lt;td align=center nowrap&gt;Acoustic&lt;/td&gt;&lt;td align=center nowrap&gt;2009-06-20&lt;/td&gt;&lt;td align=center nowrap&gt;-&lt;/td&gt;&lt;td align=center nowrap&gt;2010-05-19&lt;/td&gt;&lt;td align=center nowrap&gt;-&lt;/td&gt;&lt;td align=center nowrap&gt;0.0 m&lt;/td&gt;&lt;/tr&gt;&lt;tr&gt;&lt;td&gt;VR2W&lt;/td&gt;&lt;td align=center nowrap&gt;Acoustic&lt;/td&gt;&lt;td align=center nowrap&gt;2010-05-19&lt;/td&gt;&lt;td align=center nowrap&gt;2017-03-21&lt;/td&gt;&lt;td align=center nowrap&gt;2011-09-14&lt;/td&gt;&lt;td align=center nowrap&gt;1&lt;/td&gt;&lt;td align=center nowrap&gt;0.0 m&lt;/td&gt;&lt;/tr&gt;&lt;tr&gt;&lt;td&gt;VR2W&lt;/td&gt;&lt;td align=center nowrap&gt;Acoustic&lt;/td&gt;&lt;td align=center nowrap&gt;2011-09-14&lt;/td&gt;&lt;td align=center nowrap&gt;2014-04-23&lt;/td&gt;&lt;td align=center nowrap&gt;2012-07-13&lt;/td&gt;&lt;td align=center nowrap&gt;1&lt;/td&gt;&lt;td align=center nowrap&gt;0.0 m&lt;/td&gt;&lt;/tr&gt;&lt;tr&gt;&lt;td&gt;VR2W&lt;/td&gt;&lt;td align=center nowrap&gt;Acoustic&lt;/td&gt;&lt;td align=center nowrap&gt;2012-07-13&lt;/td&gt;&lt;td align=center nowrap&gt;-&lt;/td&gt;&lt;td align=center nowrap&gt;2014-09-17&lt;/td&gt;&lt;td align=center nowrap&gt;-&lt;/td&gt;&lt;td align=center nowrap&gt;0.0 m&lt;/td&gt;&lt;/tr&gt;&lt;tr&gt;&lt;td&gt;VR2W&lt;/td&gt;&lt;td align=center nowrap&gt;Acoustic&lt;/td&gt;&lt;td align=center nowrap&gt;2014-09-17&lt;/td&gt;&lt;td align=center nowrap&gt;2015-09-16&lt;/td&gt;&lt;td align=center nowrap&gt;2015-09-14&lt;/td&gt;&lt;td align=center nowrap&gt;1&lt;/td&gt;&lt;td align=center nowrap&gt;0.0 m&lt;/td&gt;&lt;/tr&gt;&lt;tr&gt;&lt;td&gt;VR2W&lt;/td&gt;&lt;td align=center nowrap&gt;Acoustic&lt;/td&gt;&lt;td align=center nowrap&gt;2015-09-14&lt;/td&gt;&lt;td align=center nowrap&gt;2016-06-10&lt;/td&gt;&lt;td align=center nowrap&gt;2016-06-01&lt;/td&gt;&lt;td align=center nowrap&gt;1&lt;/td&gt;&lt;td align=center nowrap&gt;0.0 m&lt;/td&gt;&lt;/tr&gt;&lt;tr&gt;&lt;td&gt;VR2W&lt;/td&gt;&lt;td align=center nowrap&gt;Acoustic&lt;/td&gt;&lt;td align=center nowrap&gt;2016-06-01&lt;/td&gt;&lt;td align=center nowrap&gt;2020-01-25&lt;/td&gt;&lt;td align=center nowrap&gt;2017-09-16&lt;/td&gt;&lt;td align=center nowrap&gt;3&lt;/td&gt;&lt;td align=center nowrap&gt;0.0 m&lt;/td&gt;&lt;/tr&gt;&lt;/table&gt;&lt;/small&gt;</SimpleData>
                    </SchemaData>
                </ExtendedData>
                <Point>
                    <coordinates>-175.83623,27.78702</coordinates>
                </Point>
            </Placemark>
            <Placemark id="stations_series.fid--2e4a691_19d8297c619_-3c7c">
                <ExtendedData>
                    <SchemaData schemaUrl="#stations_series_1">
                        <SimpleData name="collectioncode">PIRAT.PFRL</SimpleData>
                        <SimpleData name="seriescode">PIRAT</SimpleData>
                        <SimpleData name="ocean">MID PACIFIC</SimpleData>
                        <SimpleData name="station_name">Ulua Barge</SimpleData>
                        <SimpleData name="station_type">Acoustic</SimpleData>
                        <SimpleData name="latitude">21.52571</SimpleData>
                        <SimpleData name="longitude">-157.81158</SimpleData>
                        <SimpleData name="depth">unknown</SimpleData>
                        <SimpleData name="stationstatus">active</SimpleData>
                        <SimpleData name="stationclass">deployed</SimpleData>
                        <SimpleData name="first_year">2012-09-20</SimpleData>
                        <SimpleData name="notes">&lt;small&gt;&lt;table border=1&gt;&lt;tr&gt;&lt;th&gt;instrument&lt;/th&gt;&lt;th&gt;type&lt;/th&gt;&lt;th&gt;deploy date&lt;/th&gt;&lt;th&gt;last download&lt;/th&gt;&lt;th&gt;recovery date&lt;/th&gt;&lt;th&gt;downloads&lt;/th&gt;&lt;th&gt;offset&lt;/th&gt;&lt;/tr&gt;&lt;tr&gt;&lt;td&gt;VR2W&lt;/td&gt;&lt;td align=center nowrap&gt;Acoustic&lt;/td&gt;&lt;td align=center nowrap&gt;2012-09-20&lt;/td&gt;&lt;td align=center nowrap&gt;-&lt;/td&gt;&lt;td align=center nowrap&gt;-&lt;/td&gt;&lt;td align=center nowrap&gt;-&lt;/td&gt;&lt;td align=center nowrap&gt;0.0 m&lt;/td&gt;&lt;/tr&gt;&lt;/table&gt;&lt;/small&gt;</SimpleData>
                    </SchemaData>
                </ExtendedData>
                <Point>
                    <coordinates>-157.81158,21.52571</coordinates>
                </Point>
            </Placemark>
            <Placemark id="stations_series.fid--2e4a691_19d8297c619_-3c7b">
                <ExtendedData>
                    <SchemaData schemaUrl="#stations_series_1">
                        <SimpleData name="collectioncode">PIRAT.PFRL</SimpleData>
                        <SimpleData name="seriescode">PIRAT</SimpleData>
                        <SimpleData name="ocean">MID PACIFIC</SimpleData>
                        <SimpleData name="station_name">Kipapa Shallow</SimpleData>
                        <SimpleData name="station_type">Acoustic</SimpleData>
                        <SimpleData name="latitude">21.49008</SimpleData>
                        <SimpleData name="longitude">-157.7788</SimpleData>
                        <SimpleData name="depth">unknown</SimpleData>
                        <SimpleData name="stationstatus">active</SimpleData>
                        <SimpleData name="stationclass">deployed</SimpleData>
                        <SimpleData name="first_year">2012-12-07</SimpleData>
                        <SimpleData name="last_year">2019-11-27</SimpleData>
                        <SimpleData name="notes">&lt;small&gt;&lt;table border=1&gt;&lt;tr&gt;&lt;th&gt;instrument&lt;/th&gt;&lt;th&gt;type&lt;/th&gt;&lt;th&gt;deploy date&lt;/th&gt;&lt;th&gt;last download&lt;/th&gt;&lt;th&gt;recovery date&lt;/th&gt;&lt;th&gt;downloads&lt;/th&gt;&lt;th&gt;offset&lt;/th&gt;&lt;/tr&gt;&lt;tr&gt;&lt;td&gt;VR2W&lt;/td&gt;&lt;td align=center nowrap&gt;Acoustic&lt;/td&gt;&lt;td align=center nowrap&gt;2012-12-07&lt;/td&gt;&lt;td align=center nowrap&gt;2013-11-20&lt;/td&gt;&lt;td align=center nowrap&gt;2013-11-19&lt;/td&gt;&lt;td align=center nowrap&gt;1&lt;/td&gt;&lt;td align=center nowrap&gt;0.0 m&lt;/td&gt;&lt;/tr&gt;&lt;tr&gt;&lt;td&gt;VR2W&lt;/td&gt;&lt;td align=center nowrap&gt;Acoustic&lt;/td&gt;&lt;td align=center nowrap&gt;2013-11-20&lt;/td&gt;&lt;td align=center nowrap&gt;2014-11-25&lt;/td&gt;&lt;td align=center nowrap&gt;2014-11-24&lt;/td&gt;&lt;td align=center nowrap&gt;1&lt;/td&gt;&lt;td align=center nowrap&gt;54.2 m&lt;/td&gt;&lt;/tr&gt;&lt;tr&gt;&lt;td&gt;VR2W&lt;/td&gt;&lt;td align=center nowrap&gt;Acoustic&lt;/td&gt;&lt;td align=center nowrap&gt;2014-11-26&lt;/td&gt;&lt;td align=center nowrap&gt;2015-06-01&lt;/td&gt;&lt;td align=center nowrap&gt;2015-05-29&lt;/td&gt;&lt;td align=center nowrap&gt;1&lt;/td&gt;&lt;td align=center nowrap&gt;54.2 m&lt;/td&gt;&lt;/tr&gt;&lt;tr&gt;&lt;td&gt;VR2W&lt;/td&gt;&lt;td align=center nowrap&gt;Acoustic&lt;/td&gt;&lt;td align=center nowrap&gt;2015-05-29&lt;/td&gt;&lt;td align=center nowrap&gt;2016-10-04&lt;/td&gt;&lt;td align=center nowrap&gt;2016-10-04&lt;/td&gt;&lt;td align=center nowrap&gt;1&lt;/td&gt;&lt;td align=center nowrap&gt;54.2 m&lt;/td&gt;&lt;/tr&gt;&lt;tr&gt;&lt;td&gt;VR2W&lt;/td&gt;&lt;td align=center nowrap&gt;Acoustic&lt;/td&gt;&lt;td align=center nowrap&gt;2016-09-16&lt;/td&gt;&lt;td align=center nowrap&gt;2017-10-30&lt;/td&gt;&lt;td align=center nowrap&gt;2017-08-30&lt;/td&gt;&lt;td align=center nowrap&gt;1&lt;/td&gt;&lt;td align=center nowrap&gt;54.2 m&lt;/td&gt;&lt;/tr&gt;&lt;tr&gt;&lt;td&gt;VR2W&lt;/td&gt;&lt;td align=center nowrap&gt;Acoustic&lt;/td&gt;&lt;td align=center nowrap&gt;2017-08-30&lt;/td&gt;&lt;td align=center nowrap&gt;2018-10-11&lt;/td&gt;&lt;td align=center nowrap&gt;2018-10-04&lt;/td&gt;&lt;td align=center nowrap&gt;1&lt;/td&gt;&lt;td align=center nowrap&gt;54.2 m&lt;/td&gt;&lt;/tr&gt;&lt;tr&gt;&lt;td&gt;VR2W&lt;/td&gt;&lt;td align=center nowrap&gt;Acoustic&lt;/td&gt;&lt;td align=center nowrap&gt;2018-10-04&lt;/td&gt;&lt;td align=center nowrap&gt;2019-11-28&lt;/td&gt;&lt;td align=center nowrap&gt;2019-11-27&lt;/td&gt;&lt;td align=center nowrap&gt;1&lt;/td&gt;&lt;td align=center nowrap&gt;54.2 m&lt;/td&gt;&lt;/tr&gt;&lt;/table&gt;&lt;/small&gt;</SimpleData>
                    </SchemaData>
                </ExtendedData>
                <Point>
                    <coordinates>-157.7788,21.49008</coordinates>
                </Point>
            </Placemark>
            <Placemark id="stations_series.fid--2e4a691_19d8297c619_-3c7a">
                <ExtendedData>
                    <SchemaData schemaUrl="#stations_series_1">
                        <SimpleData name="collectioncode">PIRAT.PFRL</SimpleData>
                        <SimpleData name="seriescode">PIRAT</SimpleData>
                        <SimpleData name="ocean">MID PACIFIC</SimpleData>
                        <SimpleData name="station_name">FFS Rapture Reef</SimpleData>
                        <SimpleData name="station_type">Acoustic</SimpleData>
                        <SimpleData name="latitude">23.63509</SimpleData>
                        <SimpleData name="longitude">-166.1857</SimpleData>
                        <SimpleData name="depth">unknown</SimpleData>
                        <SimpleData name="stationstatus">active</SimpleData>
                        <SimpleData name="stationclass">deployed</SimpleData>
                        <SimpleData name="first_year">2005-05-17</SimpleData>
                        <SimpleData name="last_year">2019-08-29</SimpleData>
                        <SimpleData name="notes">&lt;small&gt;&lt;table border=1&gt;&lt;tr&gt;&lt;th&gt;instrument&lt;/th&gt;&lt;th&gt;type&lt;/th&gt;&lt;th&gt;deploy date&lt;/th&gt;&lt;th&gt;last download&lt;/th&gt;&lt;th&gt;recovery date&lt;/th&gt;&lt;th&gt;downloads&lt;/th&gt;&lt;th&gt;offset&lt;/th&gt;&lt;/tr&gt;&lt;tr&gt;&lt;td&gt;VR2&lt;/td&gt;&lt;td align=center nowrap&gt;Acoustic&lt;/td&gt;&lt;td align=center nowrap&gt;2005-05-17&lt;/td&gt;&lt;td align=center nowrap&gt;-&lt;/td&gt;&lt;td align=center nowrap&gt;2005-09-19&lt;/td&gt;&lt;td align=center nowrap&gt;-&lt;/td&gt;&lt;td align=center nowrap&gt;0.0 m&lt;/td&gt;&lt;/tr&gt;&lt;tr&gt;&lt;td&gt;VR2&lt;/td&gt;&lt;td align=center nowrap&gt;Acoustic&lt;/td&gt;&lt;td align=center nowrap&gt;2005-09-19&lt;/td&gt;&lt;td align=center nowrap&gt;-&lt;/td&gt;&lt;td align=center nowrap&gt;2006-05-23&lt;/td&gt;&lt;td align=center nowrap&gt;-&lt;/td&gt;&lt;td align=center nowrap&gt;0.0 m&lt;/td&gt;&lt;/tr&gt;&lt;tr&gt;&lt;td&gt;VR2&lt;/td&gt;&lt;td align=center nowrap&gt;Acoustic&lt;/td&gt;&lt;td align=center nowrap&gt;2006-05-24&lt;/td&gt;&lt;td align=center nowrap&gt;-&lt;/td&gt;&lt;td align=center nowrap&gt;2006-09-05&lt;/td&gt;&lt;td align=center nowrap&gt;-&lt;/td&gt;&lt;td align=center nowrap&gt;0.0 m&lt;/td&gt;&lt;/tr&gt;&lt;tr&gt;&lt;td&gt;VR2&lt;/td&gt;&lt;td align=center nowrap&gt;Acoustic&lt;/td&gt;&lt;td align=center nowrap&gt;2006-09-05&lt;/td&gt;&lt;td align=center nowrap&gt;-&lt;/td&gt;&lt;td align=center nowrap&gt;2007-09-06&lt;/td&gt;&lt;td align=center nowrap&gt;-&lt;/td&gt;&lt;td align=center nowrap&gt;0.0 m&lt;/td&gt;&lt;/tr&gt;&lt;tr&gt;&lt;td&gt;VR2W&lt;/td&gt;&lt;td align=center nowrap&gt;Acoustic&lt;/td&gt;&lt;td align=center nowrap&gt;2007-09-06&lt;/td&gt;&lt;td align=center nowrap&gt;-&lt;/td&gt;&lt;td align=center nowrap&gt;2008-06-07&lt;/td&gt;&lt;td align=center nowrap&gt;-&lt;/td&gt;&lt;td align=center nowrap&gt;0.0 m&lt;/td&gt;&lt;/tr&gt;&lt;tr&gt;&lt;td&gt;VR2W&lt;/td&gt;&lt;td align=center nowrap&gt;Acoustic&lt;/td&gt;&lt;td align=center nowrap&gt;2008-06-07&lt;/td&gt;&lt;td align=center nowrap&gt;-&lt;/td&gt;&lt;td align=center nowrap&gt;2009-06-14&lt;/td&gt;&lt;td align=center nowrap&gt;-&lt;/td&gt;&lt;td align=center nowrap&gt;0.0 m&lt;/td&gt;&lt;/tr&gt;&lt;tr&gt;&lt;td&gt;VR2W&lt;/td&gt;&lt;td align=center nowrap&gt;Acoustic&lt;/td&gt;&lt;td align=center nowrap&gt;2009-06-14&lt;/td&gt;&lt;td align=center nowrap&gt;-&lt;/td&gt;&lt;td align=center nowrap&gt;2010-05-14&lt;/td&gt;&lt;td align=center nowrap&gt;-&lt;/td&gt;&lt;td align=center nowrap&gt;0.0 m&lt;/td&gt;&lt;/tr&gt;&lt;tr&gt;&lt;td&gt;VR2W&lt;/td&gt;&lt;td align=center nowrap&gt;Acoustic&lt;/td&gt;&lt;td align=center nowrap&gt;2010-05-14&lt;/td&gt;&lt;td align=center nowrap&gt;-&lt;/td&gt;&lt;td align=center nowrap&gt;2011-09-09&lt;/td&gt;&lt;td align=center nowrap&gt;-&lt;/td&gt;&lt;td align=center nowrap&gt;0.0 m&lt;/td&gt;&lt;/tr&gt;&lt;tr&gt;&lt;td&gt;VR2W&lt;/td&gt;&lt;td align=center nowrap&gt;Acoustic&lt;/td&gt;&lt;td align=center nowrap&gt;2011-09-09&lt;/td&gt;&lt;td align=center nowrap&gt;-&lt;/td&gt;&lt;td align=center nowrap&gt;2012-07-07&lt;/td&gt;&lt;td align=center nowrap&gt;-&lt;/td&gt;&lt;td align=center nowrap&gt;0.0 m&lt;/td&gt;&lt;/tr&gt;&lt;tr&gt;&lt;td&gt;VR2W&lt;/td&gt;&lt;td align=center nowrap&gt;Acoustic&lt;/td&gt;&lt;td align=center nowrap&gt;2012-07-07&lt;/td&gt;&lt;td align=center nowrap&gt;2017-05-02&lt;/td&gt;&lt;td align=center nowrap&gt;2013-05-20&lt;/td&gt;&lt;td align=center nowrap&gt;1&lt;/td&gt;&lt;td align=center nowrap&gt;0.0 m&lt;/td&gt;&lt;/tr&gt;&lt;tr&gt;&lt;td&gt;VR2W&lt;/td&gt;&lt;td align=center nowrap&gt;Acoustic&lt;/td&gt;&lt;td align=center nowrap&gt;2013-05-20&lt;/td&gt;&lt;td align=center nowrap&gt;-&lt;/td&gt;&lt;td align=center nowrap&gt;2014-09-11&lt;/td&gt;&lt;td align=center nowrap&gt;-&lt;/td&gt;&lt;td align=center nowrap&gt;0.0 m&lt;/td&gt;&lt;/tr&gt;&lt;tr&gt;&lt;td&gt;VR2W&lt;/td&gt;&lt;td align=center nowrap&gt;Acoustic&lt;/td&gt;&lt;td align=center nowrap&gt;2014-09-11&lt;/td&gt;&lt;td align=center nowrap&gt;2015-09-10&lt;/td&gt;&lt;td align=center nowrap&gt;2015-09-09&lt;/td&gt;&lt;td align=center nowrap&gt;1&lt;/td&gt;&lt;td align=center nowrap&gt;0.0 m&lt;/td&gt;&lt;/tr&gt;&lt;tr&gt;&lt;td&gt;VR2W&lt;/td&gt;&lt;td align=center nowrap&gt;Acoustic&lt;/td&gt;&lt;td align=center nowrap&gt;2015-09-07&lt;/td&gt;&lt;td align=center nowrap&gt;2016-05-28&lt;/td&gt;&lt;td align=center nowrap&gt;2016-05-25&lt;/td&gt;&lt;td align=center nowrap&gt;1&lt;/td&gt;&lt;td align=center nowrap&gt;0.0 m&lt;/td&gt;&lt;/tr&gt;&lt;tr&gt;&lt;td&gt;VR2W&lt;/td&gt;&lt;td align=center nowrap&gt;Acoustic&lt;/td&gt;&lt;td align=center nowrap&gt;2016-05-25&lt;/td&gt;&lt;td align=center nowrap&gt;2017-10-30&lt;/td&gt;&lt;td align=center nowrap&gt;2017-09-10&lt;/td&gt;&lt;td align=center nowrap&gt;2&lt;/td&gt;&lt;td align=center nowrap&gt;0.0 m&lt;/td&gt;&lt;/tr&gt;&lt;tr&gt;&lt;td&gt;VR2W&lt;/td&gt;&lt;td align=center nowrap&gt;Acoustic&lt;/td&gt;&lt;td align=center nowrap&gt;2017-09-10&lt;/td&gt;&lt;td align=center nowrap&gt;-&lt;/td&gt;&lt;td align=center nowrap&gt;2019-08-29&lt;/td&gt;&lt;td align=center nowrap&gt;-&lt;/td&gt;&lt;td align=center nowrap&gt;0.0 m&lt;/td&gt;&lt;/tr&gt;&lt;/table&gt;&lt;/small&gt;</SimpleData>
                    </SchemaData>
                </ExtendedData>
                <Point>
                    <coordinates>-166.1857,23.63509</coordinates>
                </Point>
            </Placemark>
            <Placemark id="stations_series.fid--2e4a691_19d8297c619_-3c79">
                <ExtendedData>
                    <SchemaData schemaUrl="#stations_series_1">
                        <SimpleData name="collectioncode">PIRAT.PFRL</SimpleData>
                        <SimpleData name="seriescode">PIRAT</SimpleData>
                        <SimpleData name="ocean">MID PACIFIC</SimpleData>
                        <SimpleData name="station_name">KEAUHOU</SimpleData>
                        <SimpleData name="station_type">Acoustic</SimpleData>
                        <SimpleData name="latitude">19.55848</SimpleData>
                        <SimpleData name="longitude">-155.96797</SimpleData>
                        <SimpleData name="depth">unknown</SimpleData>
                        <SimpleData name="stationstatus">active</SimpleData>
                        <SimpleData name="stationclass">deployed</SimpleData>
                        <SimpleData name="first_year">2003-01-12</SimpleData>
                        <SimpleData name="notes">&lt;small&gt;&lt;table border=1&gt;&lt;tr&gt;&lt;th&gt;instrument&lt;/th&gt;&lt;th&gt;type&lt;/th&gt;&lt;th&gt;deploy date&lt;/th&gt;&lt;th&gt;last download&lt;/th&gt;&lt;th&gt;recovery date&lt;/th&gt;&lt;th&gt;downloads&lt;/th&gt;&lt;th&gt;offset&lt;/th&gt;&lt;/tr&gt;&lt;tr&gt;&lt;td&gt;VR2&lt;/td&gt;&lt;td align=center nowrap&gt;Acoustic&lt;/td&gt;&lt;td align=center nowrap&gt;2003-01-12&lt;/td&gt;&lt;td align=center nowrap&gt;-&lt;/td&gt;&lt;td align=center nowrap&gt;2003-01-13&lt;/td&gt;&lt;td align=center nowrap&gt;-&lt;/td&gt;&lt;td align=center nowrap&gt;0.0 m&lt;/td&gt;&lt;/tr&gt;&lt;tr&gt;&lt;td&gt;VR2&lt;/td&gt;&lt;td align=center nowrap&gt;Acoustic&lt;/td&gt;&lt;td align=center nowrap&gt;2003-01-13&lt;/td&gt;&lt;td align=center nowrap&gt;-&lt;/td&gt;&lt;td align=center nowrap&gt;2003-05-23&lt;/td&gt;&lt;td align=center nowrap&gt;-&lt;/td&gt;&lt;td align=center nowrap&gt;0.0 m&lt;/td&gt;&lt;/tr&gt;&lt;tr&gt;&lt;td&gt;VR2&lt;/td&gt;&lt;td align=center nowrap&gt;Acoustic&lt;/td&gt;&lt;td align=center nowrap&gt;2003-05-23&lt;/td&gt;&lt;td align=center nowrap&gt;-&lt;/td&gt;&lt;td align=center nowrap&gt;2003-12-14&lt;/td&gt;&lt;td align=center nowrap&gt;-&lt;/td&gt;&lt;td align=center nowrap&gt;0.0 m&lt;/td&gt;&lt;/tr&gt;&lt;tr&gt;&lt;td&gt;VR2&lt;/td&gt;&lt;td align=center nowrap&gt;Acoustic&lt;/td&gt;&lt;td align=center nowrap&gt;2003-12-14&lt;/td&gt;&lt;td align=center nowrap&gt;-&lt;/td&gt;&lt;td align=center nowrap&gt;2004-05-29&lt;/td&gt;&lt;td align=center nowrap&gt;-&lt;/td&gt;&lt;td align=center nowrap&gt;0.0 m&lt;/td&gt;&lt;/tr&gt;&lt;tr&gt;&lt;td&gt;VR2&lt;/td&gt;&lt;td align=center nowrap&gt;Acoustic&lt;/td&gt;&lt;td align=center nowrap&gt;2004-05-29&lt;/td&gt;&lt;td align=center nowrap&gt;-&lt;/td&gt;&lt;td align=center nowrap&gt;2004-12-30&lt;/td&gt;&lt;td align=center nowrap&gt;-&lt;/td&gt;&lt;td align=center nowrap&gt;0.0 m&lt;/td&gt;&lt;/tr&gt;&lt;tr&gt;&lt;td&gt;VR2&lt;/td&gt;&lt;td align=center nowrap&gt;Acoustic&lt;/td&gt;&lt;td align=center nowrap&gt;2004-12-30&lt;/td&gt;&lt;td align=center nowrap&gt;-&lt;/td&gt;&lt;td align=center nowrap&gt;2005-07-24&lt;/td&gt;&lt;td align=center nowrap&gt;-&lt;/td&gt;&lt;td align=center nowrap&gt;0.0 m&lt;/td&gt;&lt;/tr&gt;&lt;tr&gt;&lt;td&gt;VR2&lt;/td&gt;&lt;td align=center nowrap&gt;Acoustic&lt;/td&gt;&lt;td align=center nowrap&gt;2005-07-25&lt;/td&gt;&lt;td align=center nowrap&gt;-&lt;/td&gt;&lt;td align=center nowrap&gt;2005-12-12&lt;/td&gt;&lt;td align=center nowrap&gt;-&lt;/td&gt;&lt;td align=center nowrap&gt;0.0 m&lt;/td&gt;&lt;/tr&gt;&lt;tr&gt;&lt;td&gt;VR2&lt;/td&gt;&lt;td align=center nowrap&gt;Acoustic&lt;/td&gt;&lt;td align=center nowrap&gt;2005-12-12&lt;/td&gt;&lt;td align=center nowrap&gt;-&lt;/td&gt;&lt;td align=center nowrap&gt;2006-08-27&lt;/td&gt;&lt;td align=center nowrap&gt;-&lt;/td&gt;&lt;td align=center nowrap&gt;0.0 m&lt;/td&gt;&lt;/tr&gt;&lt;tr&gt;&lt;td&gt;VR2&lt;/td&gt;&lt;td align=center nowrap&gt;Acoustic&lt;/td&gt;&lt;td align=center nowrap&gt;2006-08-27&lt;/td&gt;&lt;td align=center nowrap&gt;-&lt;/td&gt;&lt;td align=center nowrap&gt;2007-05-15&lt;/td&gt;&lt;td align=center nowrap&gt;-&lt;/td&gt;&lt;td align=center nowrap&gt;0.0 m&lt;/td&gt;&lt;/tr&gt;&lt;tr&gt;&lt;td&gt;VR2&lt;/td&gt;&lt;td align=center nowrap&gt;Acoustic&lt;/td&gt;&lt;td align=center nowrap&gt;2007-05-15&lt;/td&gt;&lt;td align=center nowrap&gt;-&lt;/td&gt;&lt;td align=center nowrap&gt;-&lt;/td&gt;&lt;td align=center nowrap&gt;-&lt;/td&gt;&lt;td align=center nowrap&gt;0.0 m&lt;/td&gt;&lt;/tr&gt;&lt;/table&gt;&lt;/small&gt;</SimpleData>
                    </SchemaData>
                </ExtendedData>
                <Point>
                    <coordinates>-155.96797,19.55848</coordinates>
                </Point>
            </Placemark>
            <Placemark id="stations_series.fid--2e4a691_19d8297c619_-3c78">
                <ExtendedData>
                    <SchemaData schemaUrl="#stations_series_1">
                        <SimpleData name="collectioncode">PIRAT.PFRL</SimpleData>
                        <SimpleData name="seriescode">PIRAT</SimpleData>
                        <SimpleData name="ocean">MID PACIFIC</SimpleData>
                        <SimpleData name="station_name">HIMB LIGHTHOUSE CHANNEL</SimpleData>
                        <SimpleData name="station_type">Acoustic</SimpleData>
                        <SimpleData name="latitude">21.43229</SimpleData>
                        <SimpleData name="longitude">-157.79027</SimpleData>
                        <SimpleData name="depth">unknown</SimpleData>
                        <SimpleData name="stationstatus">active</SimpleData>
                        <SimpleData name="stationclass">deployed</SimpleData>
                        <SimpleData name="first_year">2011-12-14</SimpleData>
                        <SimpleData name="last_year">2014-04-16</SimpleData>
                        <SimpleData name="notes">&lt;small&gt;&lt;table border=1&gt;&lt;tr&gt;&lt;th&gt;instrument&lt;/th&gt;&lt;th&gt;type&lt;/th&gt;&lt;th&gt;deploy date&lt;/th&gt;&lt;th&gt;last download&lt;/th&gt;&lt;th&gt;recovery date&lt;/th&gt;&lt;th&gt;downloads&lt;/th&gt;&lt;th&gt;offset&lt;/th&gt;&lt;/tr&gt;&lt;tr&gt;&lt;td&gt;VR2W&lt;/td&gt;&lt;td align=center nowrap&gt;Acoustic&lt;/td&gt;&lt;td align=center nowrap&gt;2011-12-14&lt;/td&gt;&lt;td align=center nowrap&gt;2012-10-26&lt;/td&gt;&lt;td align=center nowrap&gt;2012-10-24&lt;/td&gt;&lt;td align=center nowrap&gt;1&lt;/td&gt;&lt;td align=center nowrap&gt;0.0 m&lt;/td&gt;&lt;/tr&gt;&lt;tr&gt;&lt;td&gt;VR2W&lt;/td&gt;&lt;td align=center nowrap&gt;Acoustic&lt;/td&gt;&lt;td align=center nowrap&gt;2012-10-24&lt;/td&gt;&lt;td align=center nowrap&gt;2014-04-23&lt;/td&gt;&lt;td align=center nowrap&gt;2014-04-16&lt;/td&gt;&lt;td align=center nowrap&gt;1&lt;/td&gt;&lt;td align=center nowrap&gt;0.0 m&lt;/td&gt;&lt;/tr&gt;&lt;/table&gt;&lt;/small&gt;</SimpleData>
                    </SchemaData>
                </ExtendedData>
                <Point>
                    <coordinates>-157.79027,21.43229</coordinates>
                </Point>
            </Placemark>
            <Placemark id="stations_series.fid--2e4a691_19d8297c619_-3c77">
                <ExtendedData>
                    <SchemaData schemaUrl="#stations_series_1">
                        <SimpleData name="collectioncode">PIRAT.PFRL</SimpleData>
                        <SimpleData name="seriescode">PIRAT</SimpleData>
                        <SimpleData name="ocean">MID PACIFIC</SimpleData>
                        <SimpleData name="station_name">KAIWI PT SOUTH</SimpleData>
                        <SimpleData name="station_type">Acoustic</SimpleData>
                        <SimpleData name="latitude">19.64628</SimpleData>
                        <SimpleData name="longitude">-156.02585</SimpleData>
                        <SimpleData name="depth">unknown</SimpleData>
                        <SimpleData name="stationstatus">active</SimpleData>
                        <SimpleData name="stationclass">deployed</SimpleData>
                        <SimpleData name="first_year">2003-06-30</SimpleData>
                        <SimpleData name="last_year">2008-08-20</SimpleData>
                        <SimpleData name="notes">&lt;small&gt;&lt;table border=1&gt;&lt;tr&gt;&lt;th&gt;instrument&lt;/th&gt;&lt;th&gt;type&lt;/th&gt;&lt;th&gt;deploy date&lt;/th&gt;&lt;th&gt;last download&lt;/th&gt;&lt;th&gt;recovery date&lt;/th&gt;&lt;th&gt;downloads&lt;/th&gt;&lt;th&gt;offset&lt;/th&gt;&lt;/tr&gt;&lt;tr&gt;&lt;td&gt;VR2&lt;/td&gt;&lt;td align=center nowrap&gt;Acoustic&lt;/td&gt;&lt;td align=center nowrap&gt;2003-06-30&lt;/td&gt;&lt;td align=center nowrap&gt;-&lt;/td&gt;&lt;td align=center nowrap&gt;2003-08-03&lt;/td&gt;&lt;td align=center nowrap&gt;-&lt;/td&gt;&lt;td align=center nowrap&gt;0.0 m&lt;/td&gt;&lt;/tr&gt;&lt;tr&gt;&lt;td&gt;VR2&lt;/td&gt;&lt;td align=center nowrap&gt;Acoustic&lt;/td&gt;&lt;td align=center nowrap&gt;2003-08-19&lt;/td&gt;&lt;td align=center nowrap&gt;-&lt;/td&gt;&lt;td align=center nowrap&gt;2003-11-03&lt;/td&gt;&lt;td align=center nowrap&gt;-&lt;/td&gt;&lt;td align=center nowrap&gt;0.0 m&lt;/td&gt;&lt;/tr&gt;&lt;tr&gt;&lt;td&gt;VR2&lt;/td&gt;&lt;td align=center nowrap&gt;Acoustic&lt;/td&gt;&lt;td align=center nowrap&gt;2003-11-03&lt;/td&gt;&lt;td align=center nowrap&gt;-&lt;/td&gt;&lt;td align=center nowrap&gt;2003-12-28&lt;/td&gt;&lt;td align=center nowrap&gt;-&lt;/td&gt;&lt;td align=center nowrap&gt;0.0 m&lt;/td&gt;&lt;/tr&gt;&lt;tr&gt;&lt;td&gt;VR2&lt;/td&gt;&lt;td align=center nowrap&gt;Acoustic&lt;/td&gt;&lt;td align=center nowrap&gt;2003-12-28&lt;/td&gt;&lt;td align=center nowrap&gt;-&lt;/td&gt;&lt;td align=center nowrap&gt;2004-05-28&lt;/td&gt;&lt;td align=center nowrap&gt;-&lt;/td&gt;&lt;td align=center nowrap&gt;0.0 m&lt;/td&gt;&lt;/tr&gt;&lt;tr&gt;&lt;td&gt;VR2&lt;/td&gt;&lt;td align=center nowrap&gt;Acoustic&lt;/td&gt;&lt;td align=center nowrap&gt;2004-05-31&lt;/td&gt;&lt;td align=center nowrap&gt;-&lt;/td&gt;&lt;td align=center nowrap&gt;2004-09-17&lt;/td&gt;&lt;td align=center nowrap&gt;-&lt;/td&gt;&lt;td align=center nowrap&gt;0.0 m&lt;/td&gt;&lt;/tr&gt;&lt;tr&gt;&lt;td&gt;VR2&lt;/td&gt;&lt;td align=center nowrap&gt;Acoustic&lt;/td&gt;&lt;td align=center nowrap&gt;2004-09-17&lt;/td&gt;&lt;td align=center nowrap&gt;-&lt;/td&gt;&lt;td align=center nowrap&gt;2004-12-30&lt;/td&gt;&lt;td align=center nowrap&gt;-&lt;/td&gt;&lt;td align=center nowrap&gt;0.0 m&lt;/td&gt;&lt;/tr&gt;&lt;tr&gt;&lt;td&gt;VR2&lt;/td&gt;&lt;td align=center nowrap&gt;Acoustic&lt;/td&gt;&lt;td align=center nowrap&gt;2004-12-30&lt;/td&gt;&lt;td align=center nowrap&gt;-&lt;/td&gt;&lt;td align=center nowrap&gt;2005-07-22&lt;/td&gt;&lt;td align=center nowrap&gt;-&lt;/td&gt;&lt;td align=center nowrap&gt;0.0 m&lt;/td&gt;&lt;/tr&gt;&lt;tr&gt;&lt;td&gt;VR2&lt;/td&gt;&lt;td align=center nowrap&gt;Acoustic&lt;/td&gt;&lt;td align=center nowrap&gt;2005-07-23&lt;/td&gt;&lt;td align=center nowrap&gt;-&lt;/td&gt;&lt;td align=center nowrap&gt;2006-01-09&lt;/td&gt;&lt;td align=center nowrap&gt;-&lt;/td&gt;&lt;td align=center nowrap&gt;0.0 m&lt;/td&gt;&lt;/tr&gt;&lt;tr&gt;&lt;td&gt;VR2&lt;/td&gt;&lt;td align=center nowrap&gt;Acoustic&lt;/td&gt;&lt;td align=center nowrap&gt;2006-01-09&lt;/td&gt;&lt;td align=center nowrap&gt;-&lt;/td&gt;&lt;td align=center nowrap&gt;2006-08-21&lt;/td&gt;&lt;td align=center nowrap&gt;-&lt;/td&gt;&lt;td align=center nowrap&gt;0.0 m&lt;/td&gt;&lt;/tr&gt;&lt;tr&gt;&lt;td&gt;VR2&lt;/td&gt;&lt;td align=center nowrap&gt;Acoustic&lt;/td&gt;&lt;td align=center nowrap&gt;2006-08-21&lt;/td&gt;&lt;td align=center nowrap&gt;-&lt;/td&gt;&lt;td align=center nowrap&gt;2007-04-29&lt;/td&gt;&lt;td align=center nowrap&gt;-&lt;/td&gt;&lt;td align=center nowrap&gt;0.0 m&lt;/td&gt;&lt;/tr&gt;&lt;tr&gt;&lt;td&gt;VR2&lt;/td&gt;&lt;td align=center nowrap&gt;Acoustic&lt;/td&gt;&lt;td align=center nowrap&gt;2007-04-29&lt;/td&gt;&lt;td align=center nowrap&gt;-&lt;/td&gt;&lt;td align=center nowrap&gt;2008-02-13&lt;/td&gt;&lt;td align=center nowrap&gt;-&lt;/td&gt;&lt;td align=center nowrap&gt;0.0 m&lt;/td&gt;&lt;/tr&gt;&lt;tr&gt;&lt;td&gt;VR2&lt;/td&gt;&lt;td align=center nowrap&gt;Acoustic&lt;/td&gt;&lt;td align=center nowrap&gt;2008-02-13&lt;/td&gt;&lt;td align=center nowrap&gt;-&lt;/td&gt;&lt;td align=center nowrap&gt;2008-08-20&lt;/td&gt;&lt;td align=center nowrap&gt;-&lt;/td&gt;&lt;td align=center nowrap&gt;0.0 m&lt;/td&gt;&lt;/tr&gt;&lt;/table&gt;&lt;/small&gt;</SimpleData>
                    </SchemaData>
                </ExtendedData>
                <Point>
                    <coordinates>-156.02585,19.64628</coordinates>
                </Point>
            </Placemark>
            <Placemark id="stations_series.fid--2e4a691_19d8297c619_-3c76">
                <ExtendedData>
                    <SchemaData schemaUrl="#stations_series_1">
                        <SimpleData name="collectioncode">PIRAT.PFRL</SimpleData>
                        <SimpleData name="seriescode">PIRAT</SimpleData>
                        <SimpleData name="ocean">MID PACIFIC</SimpleData>
                        <SimpleData name="station_name">PHR WEST SPUR AND GROOVE</SimpleData>
                        <SimpleData name="station_type">Acoustic</SimpleData>
                        <SimpleData name="latitude">27.80215</SimpleData>
                        <SimpleData name="longitude">-176.01095</SimpleData>
                        <SimpleData name="depth">unknown</SimpleData>
                        <SimpleData name="stationstatus">active</SimpleData>
                        <SimpleData name="stationclass">deployed</SimpleData>
                        <SimpleData name="first_year">2007-08-30</SimpleData>
                        <SimpleData name="last_year">2017-09-15</SimpleData>
                        <SimpleData name="notes">&lt;small&gt;&lt;table border=1&gt;&lt;tr&gt;&lt;th&gt;instrument&lt;/th&gt;&lt;th&gt;type&lt;/th&gt;&lt;th&gt;deploy date&lt;/th&gt;&lt;th&gt;last download&lt;/th&gt;&lt;th&gt;recovery date&lt;/th&gt;&lt;th&gt;downloads&lt;/th&gt;&lt;th&gt;offset&lt;/th&gt;&lt;/tr&gt;&lt;tr&gt;&lt;td&gt;VR2&lt;/td&gt;&lt;td align=center nowrap&gt;Acoustic&lt;/td&gt;&lt;td align=center nowrap&gt;2007-08-30&lt;/td&gt;&lt;td align=center nowrap&gt;-&lt;/td&gt;&lt;td align=center nowrap&gt;2008-06-19&lt;/td&gt;&lt;td align=center nowrap&gt;-&lt;/td&gt;&lt;td align=center nowrap&gt;0.0 m&lt;/td&gt;&lt;/tr&gt;&lt;tr&gt;&lt;td&gt;VR2&lt;/td&gt;&lt;td align=center nowrap&gt;Acoustic&lt;/td&gt;&lt;td align=center nowrap&gt;2008-06-19&lt;/td&gt;&lt;td align=center nowrap&gt;-&lt;/td&gt;&lt;td align=center nowrap&gt;2009-06-20&lt;/td&gt;&lt;td align=center nowrap&gt;-&lt;/td&gt;&lt;td align=center nowrap&gt;0.0 m&lt;/td&gt;&lt;/tr&gt;&lt;tr&gt;&lt;td&gt;VR2W&lt;/td&gt;&lt;td align=center nowrap&gt;Acoustic&lt;/td&gt;&lt;td align=center nowrap&gt;2009-06-20&lt;/td&gt;&lt;td align=center nowrap&gt;-&lt;/td&gt;&lt;td align=center nowrap&gt;2010-05-19&lt;/td&gt;&lt;td align=center nowrap&gt;-&lt;/td&gt;&lt;td align=center nowrap&gt;0.0 m&lt;/td&gt;&lt;/tr&gt;&lt;tr&gt;&lt;td&gt;VR2W&lt;/td&gt;&lt;td align=center nowrap&gt;Acoustic&lt;/td&gt;&lt;td align=center nowrap&gt;2010-05-19&lt;/td&gt;&lt;td align=center nowrap&gt;-&lt;/td&gt;&lt;td align=center nowrap&gt;2011-09-13&lt;/td&gt;&lt;td align=center nowrap&gt;-&lt;/td&gt;&lt;td align=center nowrap&gt;0.0 m&lt;/td&gt;&lt;/tr&gt;&lt;tr&gt;&lt;td&gt;VR2W&lt;/td&gt;&lt;td align=center nowrap&gt;Acoustic&lt;/td&gt;&lt;td align=center nowrap&gt;2011-09-13&lt;/td&gt;&lt;td align=center nowrap&gt;-&lt;/td&gt;&lt;td align=center nowrap&gt;2012-07-13&lt;/td&gt;&lt;td align=center nowrap&gt;-&lt;/td&gt;&lt;td align=center nowrap&gt;0.0 m&lt;/td&gt;&lt;/tr&gt;&lt;tr&gt;&lt;td&gt;VR2W&lt;/td&gt;&lt;td align=center nowrap&gt;Acoustic&lt;/td&gt;&lt;td align=center nowrap&gt;2012-07-13&lt;/td&gt;&lt;td align=center nowrap&gt;-&lt;/td&gt;&lt;td align=center nowrap&gt;2014-09-21&lt;/td&gt;&lt;td align=center nowrap&gt;-&lt;/td&gt;&lt;td align=center nowrap&gt;0.0 m&lt;/td&gt;&lt;/tr&gt;&lt;tr&gt;&lt;td&gt;VR2W&lt;/td&gt;&lt;td align=center nowrap&gt;Acoustic&lt;/td&gt;&lt;td align=center nowrap&gt;2014-09-21&lt;/td&gt;&lt;td align=center nowrap&gt;2015-09-16&lt;/td&gt;&lt;td align=center nowrap&gt;2015-09-13&lt;/td&gt;&lt;td align=center nowrap&gt;1&lt;/td&gt;&lt;td align=center nowrap&gt;0.0 m&lt;/td&gt;&lt;/tr&gt;&lt;tr&gt;&lt;td&gt;VR2W&lt;/td&gt;&lt;td align=center nowrap&gt;Acoustic&lt;/td&gt;&lt;td align=center nowrap&gt;2015-09-13&lt;/td&gt;&lt;td align=center nowrap&gt;2016-06-10&lt;/td&gt;&lt;td align=center nowrap&gt;2016-06-06&lt;/td&gt;&lt;td align=center nowrap&gt;1&lt;/td&gt;&lt;td align=center nowrap&gt;0.0 m&lt;/td&gt;&lt;/tr&gt;&lt;tr&gt;&lt;td&gt;VR2W&lt;/td&gt;&lt;td align=center nowrap&gt;Acoustic&lt;/td&gt;&lt;td align=center nowrap&gt;2016-06-06&lt;/td&gt;&lt;td align=center nowrap&gt;2017-10-30&lt;/td&gt;&lt;td align=center nowrap&gt;2017-09-15&lt;/td&gt;&lt;td align=center nowrap&gt;1&lt;/td&gt;&lt;td align=center nowrap&gt;0.0 m&lt;/td&gt;&lt;/tr&gt;&lt;/table&gt;&lt;/small&gt;</SimpleData>
                    </SchemaData>
                </ExtendedData>
                <Point>
                    <coordinates>-176.01095,27.80215</coordinates>
                </Point>
            </Placemark>
            <Placemark id="stations_series.fid--2e4a691_19d8297c619_-3c75">
                <ExtendedData>
                    <SchemaData schemaUrl="#stations_series_1">
                        <SimpleData name="collectioncode">PIRAT.PFRL</SimpleData>
                        <SimpleData name="seriescode">PIRAT</SimpleData>
                        <SimpleData name="ocean">MID PACIFIC</SimpleData>
                        <SimpleData name="station_name">Palauea Shallow</SimpleData>
                        <SimpleData name="station_type">Acoustic</SimpleData>
                        <SimpleData name="latitude">20.66983</SimpleData>
                        <SimpleData name="longitude">-156.44591</SimpleData>
                        <SimpleData name="depth">unknown</SimpleData>
                        <SimpleData name="stationstatus">active</SimpleData>
                        <SimpleData name="stationclass">deployed</SimpleData>
                        <SimpleData name="first_year">2013-10-21</SimpleData>
                        <SimpleData name="last_year">2019-04-06</SimpleData>
                        <SimpleData name="notes">&lt;small&gt;&lt;table border=1&gt;&lt;tr&gt;&lt;th&gt;instrument&lt;/th&gt;&lt;th&gt;type&lt;/th&gt;&lt;th&gt;deploy date&lt;/th&gt;&lt;th&gt;last download&lt;/th&gt;&lt;th&gt;recovery date&lt;/th&gt;&lt;th&gt;downloads&lt;/th&gt;&lt;th&gt;offset&lt;/th&gt;&lt;/tr&gt;&lt;tr&gt;&lt;td&gt;VR2W&lt;/td&gt;&lt;td align=center nowrap&gt;Acoustic&lt;/td&gt;&lt;td align=center nowrap&gt;2013-10-21&lt;/td&gt;&lt;td align=center nowrap&gt;2014-07-26&lt;/td&gt;&lt;td align=center nowrap&gt;2014-07-23&lt;/td&gt;&lt;td align=center nowrap&gt;2&lt;/td&gt;&lt;td align=center nowrap&gt;0.0 m&lt;/td&gt;&lt;/tr&gt;&lt;tr&gt;&lt;td&gt;VR2W&lt;/td&gt;&lt;td align=center nowrap&gt;Acoustic&lt;/td&gt;&lt;td align=center nowrap&gt;2014-07-24&lt;/td&gt;&lt;td align=center nowrap&gt;2014-12-08&lt;/td&gt;&lt;td align=center nowrap&gt;2014-12-07&lt;/td&gt;&lt;td align=center nowrap&gt;1&lt;/td&gt;&lt;td align=center nowrap&gt;0.0 m&lt;/td&gt;&lt;/tr&gt;&lt;tr&gt;&lt;td&gt;VR2W&lt;/td&gt;&lt;td align=center nowrap&gt;Acoustic&lt;/td&gt;&lt;td align=center nowrap&gt;2014-12-07&lt;/td&gt;&lt;td align=center nowrap&gt;2015-06-29&lt;/td&gt;&lt;td align=center nowrap&gt;2015-06-28&lt;/td&gt;&lt;td align=center nowrap&gt;1&lt;/td&gt;&lt;td align=center nowrap&gt;0.0 m&lt;/td&gt;&lt;/tr&gt;&lt;tr&gt;&lt;td&gt;VR2W&lt;/td&gt;&lt;td align=center nowrap&gt;Acoustic&lt;/td&gt;&lt;td align=center nowrap&gt;2015-06-28&lt;/td&gt;&lt;td align=center nowrap&gt;2017-02-17&lt;/td&gt;&lt;td align=center nowrap&gt;2017-02-16&lt;/td&gt;&lt;td align=center nowrap&gt;1&lt;/td&gt;&lt;td align=center nowrap&gt;0.0 m&lt;/td&gt;&lt;/tr&gt;&lt;tr&gt;&lt;td&gt;VR2W&lt;/td&gt;&lt;td align=center nowrap&gt;Acoustic&lt;/td&gt;&lt;td align=center nowrap&gt;2017-02-16&lt;/td&gt;&lt;td align=center nowrap&gt;-&lt;/td&gt;&lt;td align=center nowrap&gt;2018-01-26&lt;/td&gt;&lt;td align=center nowrap&gt;-&lt;/td&gt;&lt;td align=center nowrap&gt;0.0 m&lt;/td&gt;&lt;/tr&gt;&lt;tr&gt;&lt;td&gt;VR2W&lt;/td&gt;&lt;td align=center nowrap&gt;Acoustic&lt;/td&gt;&lt;td align=center nowrap&gt;2018-01-26&lt;/td&gt;&lt;td align=center nowrap&gt;2019-05-13&lt;/td&gt;&lt;td align=center nowrap&gt;2019-04-06&lt;/td&gt;&lt;td align=center nowrap&gt;1&lt;/td&gt;&lt;td align=center nowrap&gt;0.0 m&lt;/td&gt;&lt;/tr&gt;&lt;/table&gt;&lt;/small&gt;</SimpleData>
                    </SchemaData>
                </ExtendedData>
                <Point>
                    <coordinates>-156.44591,20.66983</coordinates>
                </Point>
            </Placemark>
            <Placemark id="stations_series.fid--2e4a691_19d8297c619_-3c74">
                <ExtendedData>
                    <SchemaData schemaUrl="#stations_series_1">
                        <SimpleData name="collectioncode">PIRAT.PFRL</SimpleData>
                        <SimpleData name="seriescode">PIRAT</SimpleData>
                        <SimpleData name="ocean">MID PACIFIC</SimpleData>
                        <SimpleData name="station_name">Waikiki West Shallow</SimpleData>
                        <SimpleData name="station_type">Acoustic</SimpleData>
                        <SimpleData name="latitude">21.28347</SimpleData>
                        <SimpleData name="longitude">-157.8932</SimpleData>
                        <SimpleData name="depth">37</SimpleData>
                        <SimpleData name="stationstatus">active</SimpleData>
                        <SimpleData name="stationclass">deployed</SimpleData>
                        <SimpleData name="first_year">2012-04-26</SimpleData>
                        <SimpleData name="last_year">2018-11-09</SimpleData>
                        <SimpleData name="notes">&lt;small&gt;&lt;table border=1&gt;&lt;tr&gt;&lt;th&gt;instrument&lt;/th&gt;&lt;th&gt;type&lt;/th&gt;&lt;th&gt;deploy date&lt;/th&gt;&lt;th&gt;last download&lt;/th&gt;&lt;th&gt;recovery date&lt;/th&gt;&lt;th&gt;downloads&lt;/th&gt;&lt;th&gt;offset&lt;/th&gt;&lt;/tr&gt;&lt;tr&gt;&lt;td&gt;VR2W&lt;/td&gt;&lt;td align=center nowrap&gt;Acoustic&lt;/td&gt;&lt;td align=center nowrap&gt;2012-04-26&lt;/td&gt;&lt;td align=center nowrap&gt;2012-11-14&lt;/td&gt;&lt;td align=center nowrap&gt;2012-11-11&lt;/td&gt;&lt;td align=center nowrap&gt;1&lt;/td&gt;&lt;td align=center nowrap&gt;0.0 m&lt;/td&gt;&lt;/tr&gt;&lt;tr&gt;&lt;td&gt;VR2W&lt;/td&gt;&lt;td align=center nowrap&gt;Acoustic&lt;/td&gt;&lt;td align=center nowrap&gt;2012-11-28&lt;/td&gt;&lt;td align=center nowrap&gt;2013-06-17&lt;/td&gt;&lt;td align=center nowrap&gt;2013-06-17&lt;/td&gt;&lt;td align=center nowrap&gt;1&lt;/td&gt;&lt;td align=center nowrap&gt;0.0 m&lt;/td&gt;&lt;/tr&gt;&lt;tr&gt;&lt;td&gt;VR2W&lt;/td&gt;&lt;td align=center nowrap&gt;Acoustic&lt;/td&gt;&lt;td align=center nowrap&gt;2013-06-18&lt;/td&gt;&lt;td align=center nowrap&gt;2013-12-13&lt;/td&gt;&lt;td align=center nowrap&gt;2013-12-12&lt;/td&gt;&lt;td align=center nowrap&gt;1&lt;/td&gt;&lt;td align=center nowrap&gt;22.6 m&lt;/td&gt;&lt;/tr&gt;&lt;tr&gt;&lt;td&gt;VR2W&lt;/td&gt;&lt;td align=center nowrap&gt;Acoustic&lt;/td&gt;&lt;td align=center nowrap&gt;2013-12-12&lt;/td&gt;&lt;td align=center nowrap&gt;2014-11-26&lt;/td&gt;&lt;td align=center nowrap&gt;2014-11-26&lt;/td&gt;&lt;td align=center nowrap&gt;1&lt;/td&gt;&lt;td align=center nowrap&gt;0.0 m&lt;/td&gt;&lt;/tr&gt;&lt;tr&gt;&lt;td&gt;VR2W&lt;/td&gt;&lt;td align=center nowrap&gt;Acoustic&lt;/td&gt;&lt;td align=center nowrap&gt;2015-06-19&lt;/td&gt;&lt;td align=center nowrap&gt;2016-12-21&lt;/td&gt;&lt;td align=center nowrap&gt;2016-11-20&lt;/td&gt;&lt;td align=center nowrap&gt;1&lt;/td&gt;&lt;td align=center nowrap&gt;0.0 m&lt;/td&gt;&lt;/tr&gt;&lt;tr&gt;&lt;td&gt;VR2W&lt;/td&gt;&lt;td align=center nowrap&gt;Acoustic&lt;/td&gt;&lt;td align=center nowrap&gt;2015-06-19&lt;/td&gt;&lt;td align=center nowrap&gt;2016-12-21&lt;/td&gt;&lt;td align=center nowrap&gt;2016-09-15&lt;/td&gt;&lt;td align=center nowrap&gt;1&lt;/td&gt;&lt;td align=center nowrap&gt;0.0 m&lt;/td&gt;&lt;/tr&gt;&lt;tr&gt;&lt;td&gt;VR2W&lt;/td&gt;&lt;td align=center nowrap&gt;Acoustic&lt;/td&gt;&lt;td align=center nowrap&gt;2016-11-19&lt;/td&gt;&lt;td align=center nowrap&gt;2017-08-16&lt;/td&gt;&lt;td align=center nowrap&gt;2017-08-08&lt;/td&gt;&lt;td align=center nowrap&gt;1&lt;/td&gt;&lt;td align=center nowrap&gt;0.0 m&lt;/td&gt;&lt;/tr&gt;&lt;tr&gt;&lt;td&gt;VR2W&lt;/td&gt;&lt;td align=center nowrap&gt;Acoustic&lt;/td&gt;&lt;td align=center nowrap&gt;2017-08-08&lt;/td&gt;&lt;td align=center nowrap&gt;2018-11-20&lt;/td&gt;&lt;td align=center nowrap&gt;2018-11-09&lt;/td&gt;&lt;td align=center nowrap&gt;1&lt;/td&gt;&lt;td align=center nowrap&gt;0.0 m&lt;/td&gt;&lt;/tr&gt;&lt;/table&gt;&lt;/small&gt;</SimpleData>
                    </SchemaData>
                </ExtendedData>
                <Point>
                    <coordinates>-157.8932,21.28347</coordinates>
                </Point>
            </Placemark>
            <Placemark id="stations_series.fid--2e4a691_19d8297c619_-3c73">
                <ExtendedData>
                    <SchemaData schemaUrl="#stations_series_1">
                        <SimpleData name="collectioncode">PIRAT.PFRL</SimpleData>
                        <SimpleData name="seriescode">PIRAT</SimpleData>
                        <SimpleData name="ocean">MID PACIFIC</SimpleData>
                        <SimpleData name="station_name">Turtle Cave</SimpleData>
                        <SimpleData name="station_type">Acoustic</SimpleData>
                        <SimpleData name="latitude">21.47389</SimpleData>
                        <SimpleData name="longitude">-157.77861</SimpleData>
                        <SimpleData name="depth">unknown</SimpleData>
                        <SimpleData name="stationstatus">active</SimpleData>
                        <SimpleData name="stationclass">deployed</SimpleData>
                        <SimpleData name="first_year">2011-08-02</SimpleData>
                        <SimpleData name="last_year">2021-10-03</SimpleData>
                        <SimpleData name="notes">&lt;small&gt;&lt;table border=1&gt;&lt;tr&gt;&lt;th&gt;instrument&lt;/th&gt;&lt;th&gt;type&lt;/th&gt;&lt;th&gt;deploy date&lt;/th&gt;&lt;th&gt;last download&lt;/th&gt;&lt;th&gt;recovery date&lt;/th&gt;&lt;th&gt;downloads&lt;/th&gt;&lt;th&gt;offset&lt;/th&gt;&lt;/tr&gt;&lt;tr&gt;&lt;td&gt;VR2W&lt;/td&gt;&lt;td align=center nowrap&gt;Acoustic&lt;/td&gt;&lt;td align=center nowrap&gt;2011-08-02&lt;/td&gt;&lt;td align=center nowrap&gt;2012-09-22&lt;/td&gt;&lt;td align=center nowrap&gt;2012-11-11&lt;/td&gt;&lt;td align=center nowrap&gt;1&lt;/td&gt;&lt;td align=center nowrap&gt;489.1 m&lt;/td&gt;&lt;/tr&gt;&lt;tr&gt;&lt;td&gt;VR2W&lt;/td&gt;&lt;td align=center nowrap&gt;Acoustic&lt;/td&gt;&lt;td align=center nowrap&gt;2012-01-11&lt;/td&gt;&lt;td align=center nowrap&gt;2012-09-22&lt;/td&gt;&lt;td align=center nowrap&gt;2012-09-20&lt;/td&gt;&lt;td align=center nowrap&gt;1&lt;/td&gt;&lt;td align=center nowrap&gt;489.1 m&lt;/td&gt;&lt;/tr&gt;&lt;tr&gt;&lt;td&gt;VR2W&lt;/td&gt;&lt;td align=center nowrap&gt;Acoustic&lt;/td&gt;&lt;td align=center nowrap&gt;2012-09-20&lt;/td&gt;&lt;td align=center nowrap&gt;2013-07-06&lt;/td&gt;&lt;td align=center nowrap&gt;2013-07-05&lt;/td&gt;&lt;td align=center nowrap&gt;2&lt;/td&gt;&lt;td align=center nowrap&gt;489.1 m&lt;/td&gt;&lt;/tr&gt;&lt;tr&gt;&lt;td&gt;VR2W&lt;/td&gt;&lt;td align=center nowrap&gt;Acoustic&lt;/td&gt;&lt;td align=center nowrap&gt;2013-07-05&lt;/td&gt;&lt;td align=center nowrap&gt;2014-05-21&lt;/td&gt;&lt;td align=center nowrap&gt;2014-05-20&lt;/td&gt;&lt;td align=center nowrap&gt;2&lt;/td&gt;&lt;td align=center nowrap&gt;0.0 m&lt;/td&gt;&lt;/tr&gt;&lt;tr&gt;&lt;td&gt;VR2W&lt;/td&gt;&lt;td align=center nowrap&gt;Acoustic&lt;/td&gt;&lt;td align=center nowrap&gt;2015-06-19&lt;/td&gt;&lt;td align=center nowrap&gt;2017-03-22&lt;/td&gt;&lt;td align=center nowrap&gt;2016-09-13&lt;/td&gt;&lt;td align=center nowrap&gt;1&lt;/td&gt;&lt;td align=center nowrap&gt;489.1 m&lt;/td&gt;&lt;/tr&gt;&lt;tr&gt;&lt;td&gt;VR2W&lt;/td&gt;&lt;td align=center nowrap&gt;Acoustic&lt;/td&gt;&lt;td align=center nowrap&gt;2016-09-12&lt;/td&gt;&lt;td align=center nowrap&gt;2017-10-05&lt;/td&gt;&lt;td align=center nowrap&gt;2017-09-26&lt;/td&gt;&lt;td align=center nowrap&gt;1&lt;/td&gt;&lt;td align=center nowrap&gt;489.1 m&lt;/td&gt;&lt;/tr&gt;&lt;tr&gt;&lt;td&gt;VR2W&lt;/td&gt;&lt;td align=center nowrap&gt;Acoustic&lt;/td&gt;&lt;td align=center nowrap&gt;2017-09-26&lt;/td&gt;&lt;td align=center nowrap&gt;2018-09-20&lt;/td&gt;&lt;td align=center nowrap&gt;2018-09-19&lt;/td&gt;&lt;td align=center nowrap&gt;2&lt;/td&gt;&lt;td align=center nowrap&gt;489.1 m&lt;/td&gt;&lt;/tr&gt;&lt;tr&gt;&lt;td&gt;VR2W&lt;/td&gt;&lt;td align=center nowrap&gt;Acoustic&lt;/td&gt;&lt;td align=center nowrap&gt;2018-09-19&lt;/td&gt;&lt;td align=center nowrap&gt;2020-01-23&lt;/td&gt;&lt;td align=center nowrap&gt;2019-11-27&lt;/td&gt;&lt;td align=center nowrap&gt;1&lt;/td&gt;&lt;td align=center nowrap&gt;489.1 m&lt;/td&gt;&lt;/tr&gt;&lt;tr&gt;&lt;td&gt;VR2W&lt;/td&gt;&lt;td align=center nowrap&gt;Acoustic&lt;/td&gt;&lt;td align=center nowrap&gt;2019-11-27&lt;/td&gt;&lt;td align=center nowrap&gt;-&lt;/td&gt;&lt;td align=center nowrap&gt;2020-09-01&lt;/td&gt;&lt;td align=center nowrap&gt;-&lt;/td&gt;&lt;td align=center nowrap&gt;489.1 m&lt;/td&gt;&lt;/tr&gt;&lt;tr&gt;&lt;td&gt;VR2W&lt;/td&gt;&lt;td align=center nowrap&gt;Acoustic&lt;/td&gt;&lt;td align=center nowrap&gt;2019-11-27&lt;/td&gt;&lt;td align=center nowrap&gt;2020-09-02&lt;/td&gt;&lt;td align=center nowrap&gt;2020-09-01&lt;/td&gt;&lt;td align=center nowrap&gt;1&lt;/td&gt;&lt;td align=center nowrap&gt;0.0 m&lt;/td&gt;&lt;/tr&gt;&lt;tr&gt;&lt;td&gt;VR2W&lt;/td&gt;&lt;td align=center nowrap&gt;Acoustic&lt;/td&gt;&lt;td align=center nowrap&gt;2020-09-02&lt;/td&gt;&lt;td align=center nowrap&gt;2021-10-05&lt;/td&gt;&lt;td align=center nowrap&gt;2021-10-03&lt;/td&gt;&lt;td align=center nowrap&gt;1&lt;/td&gt;&lt;td align=center nowrap&gt;489.1 m&lt;/td&gt;&lt;/tr&gt;&lt;/table&gt;&lt;/small&gt;</SimpleData>
                    </SchemaData>
                </ExtendedData>
                <Point>
                    <coordinates>-157.77861,21.47389</coordinates>
                </Point>
            </Placemark>
            <Placemark id="stations_series.fid--2e4a691_19d8297c619_-3c72">
                <ExtendedData>
                    <SchemaData schemaUrl="#stations_series_1">
                        <SimpleData name="collectioncode">PIRAT.PFRL</SimpleData>
                        <SimpleData name="seriescode">PIRAT</SimpleData>
                        <SimpleData name="ocean">MID PACIFIC</SimpleData>
                        <SimpleData name="station_name">Kahului Deep</SimpleData>
                        <SimpleData name="station_type">Acoustic</SimpleData>
                        <SimpleData name="latitude">20.94742</SimpleData>
                        <SimpleData name="longitude">-156.45448</SimpleData>
                        <SimpleData name="depth">unknown</SimpleData>
                        <SimpleData name="stationstatus">active</SimpleData>
                        <SimpleData name="stationclass">deployed</SimpleData>
                        <SimpleData name="first_year">2014-01-15</SimpleData>
                        <SimpleData name="last_year">2019-04-08</SimpleData>
                        <SimpleData name="notes">&lt;small&gt;&lt;table border=1&gt;&lt;tr&gt;&lt;th&gt;instrument&lt;/th&gt;&lt;th&gt;type&lt;/th&gt;&lt;th&gt;deploy date&lt;/th&gt;&lt;th&gt;last download&lt;/th&gt;&lt;th&gt;recovery date&lt;/th&gt;&lt;th&gt;downloads&lt;/th&gt;&lt;th&gt;offset&lt;/th&gt;&lt;/tr&gt;&lt;tr&gt;&lt;td&gt;VR2W&lt;/td&gt;&lt;td align=center nowrap&gt;Acoustic&lt;/td&gt;&lt;td align=center nowrap&gt;2014-01-15&lt;/td&gt;&lt;td align=center nowrap&gt;2015-04-27&lt;/td&gt;&lt;td align=center nowrap&gt;2015-04-26&lt;/td&gt;&lt;td align=center nowrap&gt;1&lt;/td&gt;&lt;td align=center nowrap&gt;0.0 m&lt;/td&gt;&lt;/tr&gt;&lt;tr&gt;&lt;td&gt;VR2W&lt;/td&gt;&lt;td align=center nowrap&gt;Acoustic&lt;/td&gt;&lt;td align=center nowrap&gt;2015-04-25&lt;/td&gt;&lt;td align=center nowrap&gt;-&lt;/td&gt;&lt;td align=center nowrap&gt;-&lt;/td&gt;&lt;td align=center nowrap&gt;-&lt;/td&gt;&lt;td align=center nowrap&gt;54.8 m&lt;/td&gt;&lt;/tr&gt;&lt;tr&gt;&lt;td&gt;VR2W&lt;/td&gt;&lt;td align=center nowrap&gt;Acoustic&lt;/td&gt;&lt;td align=center nowrap&gt;2018-01-25&lt;/td&gt;&lt;td align=center nowrap&gt;-&lt;/td&gt;&lt;td align=center nowrap&gt;2019-04-08&lt;/td&gt;&lt;td align=center nowrap&gt;-&lt;/td&gt;&lt;td align=center nowrap&gt;100.2 m&lt;/td&gt;&lt;/tr&gt;&lt;/table&gt;&lt;/small&gt;</SimpleData>
                    </SchemaData>
                </ExtendedData>
                <Point>
                    <coordinates>-156.45448,20.94742</coordinates>
                </Point>
            </Placemark>
            <Placemark id="stations_series.fid--2e4a691_19d8297c619_-3c71">
                <ExtendedData>
                    <SchemaData schemaUrl="#stations_series_1">
                        <SimpleData name="collectioncode">PIRAT.PFRL</SimpleData>
                        <SimpleData name="seriescode">PIRAT</SimpleData>
                        <SimpleData name="ocean">MID PACIFIC</SimpleData>
                        <SimpleData name="station_name">SURFER POINT</SimpleData>
                        <SimpleData name="station_type">Acoustic</SimpleData>
                        <SimpleData name="latitude">19.4633</SimpleData>
                        <SimpleData name="longitude">-155.92659</SimpleData>
                        <SimpleData name="depth">unknown</SimpleData>
                        <SimpleData name="stationstatus">active</SimpleData>
                        <SimpleData name="stationclass">deployed</SimpleData>
                        <SimpleData name="first_year">2005-12-10</SimpleData>
                        <SimpleData name="last_year">2012-03-21</SimpleData>
                        <SimpleData name="notes">&lt;small&gt;&lt;table border=1&gt;&lt;tr&gt;&lt;th&gt;instrument&lt;/th&gt;&lt;th&gt;type&lt;/th&gt;&lt;th&gt;deploy date&lt;/th&gt;&lt;th&gt;last download&lt;/th&gt;&lt;th&gt;recovery date&lt;/th&gt;&lt;th&gt;downloads&lt;/th&gt;&lt;th&gt;offset&lt;/th&gt;&lt;/tr&gt;&lt;tr&gt;&lt;td&gt;VR2&lt;/td&gt;&lt;td align=center nowrap&gt;Acoustic&lt;/td&gt;&lt;td align=center nowrap&gt;2005-12-10&lt;/td&gt;&lt;td align=center nowrap&gt;-&lt;/td&gt;&lt;td align=center nowrap&gt;2006-02-17&lt;/td&gt;&lt;td align=center nowrap&gt;-&lt;/td&gt;&lt;td align=center nowrap&gt;0.0 m&lt;/td&gt;&lt;/tr&gt;&lt;tr&gt;&lt;td&gt;VR2&lt;/td&gt;&lt;td align=center nowrap&gt;Acoustic&lt;/td&gt;&lt;td align=center nowrap&gt;2006-02-17&lt;/td&gt;&lt;td align=center nowrap&gt;-&lt;/td&gt;&lt;td align=center nowrap&gt;2006-06-26&lt;/td&gt;&lt;td align=center nowrap&gt;-&lt;/td&gt;&lt;td align=center nowrap&gt;0.0 m&lt;/td&gt;&lt;/tr&gt;&lt;tr&gt;&lt;td&gt;VR2&lt;/td&gt;&lt;td align=center nowrap&gt;Acoustic&lt;/td&gt;&lt;td align=center nowrap&gt;2006-06-27&lt;/td&gt;&lt;td align=center nowrap&gt;-&lt;/td&gt;&lt;td align=center nowrap&gt;2007-05-13&lt;/td&gt;&lt;td align=center nowrap&gt;-&lt;/td&gt;&lt;td align=center nowrap&gt;0.0 m&lt;/td&gt;&lt;/tr&gt;&lt;tr&gt;&lt;td&gt;VR2&lt;/td&gt;&lt;td align=center nowrap&gt;Acoustic&lt;/td&gt;&lt;td align=center nowrap&gt;2007-05-15&lt;/td&gt;&lt;td align=center nowrap&gt;-&lt;/td&gt;&lt;td align=center nowrap&gt;2008-03-04&lt;/td&gt;&lt;td align=center nowrap&gt;-&lt;/td&gt;&lt;td align=center nowrap&gt;782.4 m&lt;/td&gt;&lt;/tr&gt;&lt;tr&gt;&lt;td&gt;VR2&lt;/td&gt;&lt;td align=center nowrap&gt;Acoustic&lt;/td&gt;&lt;td align=center nowrap&gt;2008-03-04&lt;/td&gt;&lt;td align=center nowrap&gt;-&lt;/td&gt;&lt;td align=center nowrap&gt;2008-08-21&lt;/td&gt;&lt;td align=center nowrap&gt;-&lt;/td&gt;&lt;td align=center nowrap&gt;0.0 m&lt;/td&gt;&lt;/tr&gt;&lt;tr&gt;&lt;td&gt;VR2&lt;/td&gt;&lt;td align=center nowrap&gt;Acoustic&lt;/td&gt;&lt;td align=center nowrap&gt;2008-08-21&lt;/td&gt;&lt;td align=center nowrap&gt;-&lt;/td&gt;&lt;td align=center nowrap&gt;2009-09-09&lt;/td&gt;&lt;td align=center nowrap&gt;-&lt;/td&gt;&lt;td align=center nowrap&gt;0.0 m&lt;/td&gt;&lt;/tr&gt;&lt;tr&gt;&lt;td&gt;VR2W&lt;/td&gt;&lt;td align=center nowrap&gt;Acoustic&lt;/td&gt;&lt;td align=center nowrap&gt;2009-09-09&lt;/td&gt;&lt;td align=center nowrap&gt;-&lt;/td&gt;&lt;td align=center nowrap&gt;2010-12-20&lt;/td&gt;&lt;td align=center nowrap&gt;-&lt;/td&gt;&lt;td align=center nowrap&gt;0.0 m&lt;/td&gt;&lt;/tr&gt;&lt;tr&gt;&lt;td&gt;VR2W&lt;/td&gt;&lt;td align=center nowrap&gt;Acoustic&lt;/td&gt;&lt;td align=center nowrap&gt;2010-12-20&lt;/td&gt;&lt;td align=center nowrap&gt;-&lt;/td&gt;&lt;td align=center nowrap&gt;2012-03-21&lt;/td&gt;&lt;td align=center nowrap&gt;-&lt;/td&gt;&lt;td align=center nowrap&gt;0.0 m&lt;/td&gt;&lt;/tr&gt;&lt;/table&gt;&lt;/small&gt;</SimpleData>
                    </SchemaData>
                </ExtendedData>
                <Point>
                    <coordinates>-155.92659,19.4633</coordinates>
                </Point>
            </Placemark>
            <Placemark id="stations_series.fid--2e4a691_19d8297c619_-3c70">
                <ExtendedData>
                    <SchemaData schemaUrl="#stations_series_1">
                        <SimpleData name="collectioncode">PIRAT.PFRL</SimpleData>
                        <SimpleData name="seriescode">PIRAT</SimpleData>
                        <SimpleData name="ocean">MID PACIFIC</SimpleData>
                        <SimpleData name="station_name">KUA BAY</SimpleData>
                        <SimpleData name="station_type">Acoustic</SimpleData>
                        <SimpleData name="latitude">19.82067</SimpleData>
                        <SimpleData name="longitude">-156.00353</SimpleData>
                        <SimpleData name="depth">unknown</SimpleData>
                        <SimpleData name="stationstatus">active</SimpleData>
                        <SimpleData name="stationclass">deployed</SimpleData>
                        <SimpleData name="first_year">2003-05-14</SimpleData>
                        <SimpleData name="last_year">2008-08-18</SimpleData>
                        <SimpleData name="notes">&lt;small&gt;&lt;table border=1&gt;&lt;tr&gt;&lt;th&gt;instrument&lt;/th&gt;&lt;th&gt;type&lt;/th&gt;&lt;th&gt;deploy date&lt;/th&gt;&lt;th&gt;last download&lt;/th&gt;&lt;th&gt;recovery date&lt;/th&gt;&lt;th&gt;downloads&lt;/th&gt;&lt;th&gt;offset&lt;/th&gt;&lt;/tr&gt;&lt;tr&gt;&lt;td&gt;VR2&lt;/td&gt;&lt;td align=center nowrap&gt;Acoustic&lt;/td&gt;&lt;td align=center nowrap&gt;2003-05-14&lt;/td&gt;&lt;td align=center nowrap&gt;-&lt;/td&gt;&lt;td align=center nowrap&gt;2003-06-01&lt;/td&gt;&lt;td align=center nowrap&gt;-&lt;/td&gt;&lt;td align=center nowrap&gt;0.0 m&lt;/td&gt;&lt;/tr&gt;&lt;tr&gt;&lt;td&gt;VR2&lt;/td&gt;&lt;td align=center nowrap&gt;Acoustic&lt;/td&gt;&lt;td align=center nowrap&gt;2003-06-01&lt;/td&gt;&lt;td align=center nowrap&gt;-&lt;/td&gt;&lt;td align=center nowrap&gt;2003-06-04&lt;/td&gt;&lt;td align=center nowrap&gt;-&lt;/td&gt;&lt;td align=center nowrap&gt;0.0 m&lt;/td&gt;&lt;/tr&gt;&lt;tr&gt;&lt;td&gt;VR2&lt;/td&gt;&lt;td align=center nowrap&gt;Acoustic&lt;/td&gt;&lt;td align=center nowrap&gt;2003-06-04&lt;/td&gt;&lt;td align=center nowrap&gt;-&lt;/td&gt;&lt;td align=center nowrap&gt;2003-06-15&lt;/td&gt;&lt;td align=center nowrap&gt;-&lt;/td&gt;&lt;td align=center nowrap&gt;0.0 m&lt;/td&gt;&lt;/tr&gt;&lt;tr&gt;&lt;td&gt;VR2&lt;/td&gt;&lt;td align=center nowrap&gt;Acoustic&lt;/td&gt;&lt;td align=center nowrap&gt;2003-06-15&lt;/td&gt;&lt;td align=center nowrap&gt;-&lt;/td&gt;&lt;td align=center nowrap&gt;2003-12-06&lt;/td&gt;&lt;td align=center nowrap&gt;-&lt;/td&gt;&lt;td align=center nowrap&gt;0.0 m&lt;/td&gt;&lt;/tr&gt;&lt;tr&gt;&lt;td&gt;VR2&lt;/td&gt;&lt;td align=center nowrap&gt;Acoustic&lt;/td&gt;&lt;td align=center nowrap&gt;2003-12-06&lt;/td&gt;&lt;td align=center nowrap&gt;-&lt;/td&gt;&lt;td align=center nowrap&gt;2004-05-31&lt;/td&gt;&lt;td align=center nowrap&gt;-&lt;/td&gt;&lt;td align=center nowrap&gt;0.0 m&lt;/td&gt;&lt;/tr&gt;&lt;tr&gt;&lt;td&gt;VR2&lt;/td&gt;&lt;td align=center nowrap&gt;Acoustic&lt;/td&gt;&lt;td align=center nowrap&gt;2004-05-31&lt;/td&gt;&lt;td align=center nowrap&gt;-&lt;/td&gt;&lt;td align=center nowrap&gt;2005-01-04&lt;/td&gt;&lt;td align=center nowrap&gt;-&lt;/td&gt;&lt;td align=center nowrap&gt;0.0 m&lt;/td&gt;&lt;/tr&gt;&lt;tr&gt;&lt;td&gt;VR2&lt;/td&gt;&lt;td align=center nowrap&gt;Acoustic&lt;/td&gt;&lt;td align=center nowrap&gt;2005-01-04&lt;/td&gt;&lt;td align=center nowrap&gt;-&lt;/td&gt;&lt;td align=center nowrap&gt;2005-07-27&lt;/td&gt;&lt;td align=center nowrap&gt;-&lt;/td&gt;&lt;td align=center nowrap&gt;0.0 m&lt;/td&gt;&lt;/tr&gt;&lt;tr&gt;&lt;td&gt;VR2&lt;/td&gt;&lt;td align=center nowrap&gt;Acoustic&lt;/td&gt;&lt;td align=center nowrap&gt;2005-07-27&lt;/td&gt;&lt;td align=center nowrap&gt;-&lt;/td&gt;&lt;td align=center nowrap&gt;2006-01-05&lt;/td&gt;&lt;td align=center nowrap&gt;-&lt;/td&gt;&lt;td align=center nowrap&gt;0.0 m&lt;/td&gt;&lt;/tr&gt;&lt;tr&gt;&lt;td&gt;VR2&lt;/td&gt;&lt;td align=center nowrap&gt;Acoustic&lt;/td&gt;&lt;td align=center nowrap&gt;2006-01-05&lt;/td&gt;&lt;td align=center nowrap&gt;-&lt;/td&gt;&lt;td align=center nowrap&gt;2006-09-05&lt;/td&gt;&lt;td align=center nowrap&gt;-&lt;/td&gt;&lt;td align=center nowrap&gt;0.0 m&lt;/td&gt;&lt;/tr&gt;&lt;tr&gt;&lt;td&gt;VR2&lt;/td&gt;&lt;td align=center nowrap&gt;Acoustic&lt;/td&gt;&lt;td align=center nowrap&gt;2006-09-06&lt;/td&gt;&lt;td align=center nowrap&gt;-&lt;/td&gt;&lt;td align=center nowrap&gt;2007-06-17&lt;/td&gt;&lt;td align=center nowrap&gt;-&lt;/td&gt;&lt;td align=center nowrap&gt;0.0 m&lt;/td&gt;&lt;/tr&gt;&lt;tr&gt;&lt;td&gt;VR2&lt;/td&gt;&lt;td align=center nowrap&gt;Acoustic&lt;/td&gt;&lt;td align=center nowrap&gt;2007-06-17&lt;/td&gt;&lt;td align=center nowrap&gt;-&lt;/td&gt;&lt;td align=center nowrap&gt;2008-02-15&lt;/td&gt;&lt;td align=center nowrap&gt;-&lt;/td&gt;&lt;td align=center nowrap&gt;0.0 m&lt;/td&gt;&lt;/tr&gt;&lt;tr&gt;&lt;td&gt;VR2&lt;/td&gt;&lt;td align=center nowrap&gt;Acoustic&lt;/td&gt;&lt;td align=center nowrap&gt;2008-02-15&lt;/td&gt;&lt;td align=center nowrap&gt;-&lt;/td&gt;&lt;td align=center nowrap&gt;2008-08-18&lt;/td&gt;&lt;td align=center nowrap&gt;-&lt;/td&gt;&lt;td align=center nowrap&gt;0.0 m&lt;/td&gt;&lt;/tr&gt;&lt;/table&gt;&lt;/small&gt;</SimpleData>
                    </SchemaData>
                </ExtendedData>
                <Point>
                    <coordinates>-156.00353,19.82067</coordinates>
                </Point>
            </Placemark>
            <Placemark id="stations_series.fid--2e4a691_19d8297c619_-3c6f">
                <ExtendedData>
                    <SchemaData schemaUrl="#stations_series_1">
                        <SimpleData name="collectioncode">PIRAT.PFRL</SimpleData>
                        <SimpleData name="seriescode">PIRAT</SimpleData>
                        <SimpleData name="ocean">MID PACIFIC</SimpleData>
                        <SimpleData name="station_name">KURE SE CHANNEL</SimpleData>
                        <SimpleData name="station_type">Acoustic</SimpleData>
                        <SimpleData name="latitude">28.38183</SimpleData>
                        <SimpleData name="longitude">-178.3086</SimpleData>
                        <SimpleData name="depth">unknown</SimpleData>
                        <SimpleData name="stationstatus">active</SimpleData>
                        <SimpleData name="stationclass">deployed</SimpleData>
                        <SimpleData name="first_year">2006-09-18</SimpleData>
                        <SimpleData name="last_year">2012-07-17</SimpleData>
                        <SimpleData name="notes">&lt;small&gt;&lt;table border=1&gt;&lt;tr&gt;&lt;th&gt;instrument&lt;/th&gt;&lt;th&gt;type&lt;/th&gt;&lt;th&gt;deploy date&lt;/th&gt;&lt;th&gt;last download&lt;/th&gt;&lt;th&gt;recovery date&lt;/th&gt;&lt;th&gt;downloads&lt;/th&gt;&lt;th&gt;offset&lt;/th&gt;&lt;/tr&gt;&lt;tr&gt;&lt;td&gt;VR2&lt;/td&gt;&lt;td align=center nowrap&gt;Acoustic&lt;/td&gt;&lt;td align=center nowrap&gt;2006-09-18&lt;/td&gt;&lt;td align=center nowrap&gt;-&lt;/td&gt;&lt;td align=center nowrap&gt;2007-07-19&lt;/td&gt;&lt;td align=center nowrap&gt;-&lt;/td&gt;&lt;td align=center nowrap&gt;0.0 m&lt;/td&gt;&lt;/tr&gt;&lt;tr&gt;&lt;td&gt;VR2&lt;/td&gt;&lt;td align=center nowrap&gt;Acoustic&lt;/td&gt;&lt;td align=center nowrap&gt;2007-07-20&lt;/td&gt;&lt;td align=center nowrap&gt;-&lt;/td&gt;&lt;td align=center nowrap&gt;2008-08-12&lt;/td&gt;&lt;td align=center nowrap&gt;-&lt;/td&gt;&lt;td align=center nowrap&gt;0.0 m&lt;/td&gt;&lt;/tr&gt;&lt;tr&gt;&lt;td&gt;VR2&lt;/td&gt;&lt;td align=center nowrap&gt;Acoustic&lt;/td&gt;&lt;td align=center nowrap&gt;2008-08-12&lt;/td&gt;&lt;td align=center nowrap&gt;-&lt;/td&gt;&lt;td align=center nowrap&gt;2009-06-24&lt;/td&gt;&lt;td align=center nowrap&gt;-&lt;/td&gt;&lt;td align=center nowrap&gt;0.0 m&lt;/td&gt;&lt;/tr&gt;&lt;tr&gt;&lt;td&gt;VR2W&lt;/td&gt;&lt;td align=center nowrap&gt;Acoustic&lt;/td&gt;&lt;td align=center nowrap&gt;2009-06-24&lt;/td&gt;&lt;td align=center nowrap&gt;-&lt;/td&gt;&lt;td align=center nowrap&gt;2010-05-21&lt;/td&gt;&lt;td align=center nowrap&gt;-&lt;/td&gt;&lt;td align=center nowrap&gt;0.0 m&lt;/td&gt;&lt;/tr&gt;&lt;tr&gt;&lt;td&gt;VR2W&lt;/td&gt;&lt;td align=center nowrap&gt;Acoustic&lt;/td&gt;&lt;td align=center nowrap&gt;2010-05-21&lt;/td&gt;&lt;td align=center nowrap&gt;-&lt;/td&gt;&lt;td align=center nowrap&gt;2012-07-17&lt;/td&gt;&lt;td align=center nowrap&gt;-&lt;/td&gt;&lt;td align=center nowrap&gt;0.0 m&lt;/td&gt;&lt;/tr&gt;&lt;/table&gt;&lt;/small&gt;</SimpleData>
                    </SchemaData>
                </ExtendedData>
                <Point>
                    <coordinates>-178.3086,28.38183</coordinates>
                </Point>
            </Placemark>
            <Placemark id="stations_series.fid--2e4a691_19d8297c619_-3c6e">
                <ExtendedData>
                    <SchemaData schemaUrl="#stations_series_1">
                        <SimpleData name="collectioncode">PIRAT.PFRL</SimpleData>
                        <SimpleData name="seriescode">PIRAT</SimpleData>
                        <SimpleData name="ocean">MID PACIFIC</SimpleData>
                        <SimpleData name="station_name">OKOE BAY</SimpleData>
                        <SimpleData name="station_type">Acoustic</SimpleData>
                        <SimpleData name="latitude">19.1564</SimpleData>
                        <SimpleData name="longitude">-155.91785</SimpleData>
                        <SimpleData name="depth">unknown</SimpleData>
                        <SimpleData name="stationstatus">active</SimpleData>
                        <SimpleData name="stationclass">deployed</SimpleData>
                        <SimpleData name="first_year">2003-01-14</SimpleData>
                        <SimpleData name="last_year">2003-12-15</SimpleData>
                        <SimpleData name="notes">&lt;small&gt;&lt;table border=1&gt;&lt;tr&gt;&lt;th&gt;instrument&lt;/th&gt;&lt;th&gt;type&lt;/th&gt;&lt;th&gt;deploy date&lt;/th&gt;&lt;th&gt;last download&lt;/th&gt;&lt;th&gt;recovery date&lt;/th&gt;&lt;th&gt;downloads&lt;/th&gt;&lt;th&gt;offset&lt;/th&gt;&lt;/tr&gt;&lt;tr&gt;&lt;td&gt;VR2&lt;/td&gt;&lt;td align=center nowrap&gt;Acoustic&lt;/td&gt;&lt;td align=center nowrap&gt;2003-01-14&lt;/td&gt;&lt;td align=center nowrap&gt;-&lt;/td&gt;&lt;td align=center nowrap&gt;2003-01-14&lt;/td&gt;&lt;td align=center nowrap&gt;-&lt;/td&gt;&lt;td align=center nowrap&gt;0.0 m&lt;/td&gt;&lt;/tr&gt;&lt;tr&gt;&lt;td&gt;VR2&lt;/td&gt;&lt;td align=center nowrap&gt;Acoustic&lt;/td&gt;&lt;td align=center nowrap&gt;2003-01-14&lt;/td&gt;&lt;td align=center nowrap&gt;-&lt;/td&gt;&lt;td align=center nowrap&gt;2003-01-14&lt;/td&gt;&lt;td align=center nowrap&gt;-&lt;/td&gt;&lt;td align=center nowrap&gt;0.0 m&lt;/td&gt;&lt;/tr&gt;&lt;tr&gt;&lt;td&gt;VR2&lt;/td&gt;&lt;td align=center nowrap&gt;Acoustic&lt;/td&gt;&lt;td align=center nowrap&gt;2003-01-14&lt;/td&gt;&lt;td align=center nowrap&gt;-&lt;/td&gt;&lt;td align=center nowrap&gt;2003-05-24&lt;/td&gt;&lt;td align=center nowrap&gt;-&lt;/td&gt;&lt;td align=center nowrap&gt;0.0 m&lt;/td&gt;&lt;/tr&gt;&lt;tr&gt;&lt;td&gt;VR2&lt;/td&gt;&lt;td align=center nowrap&gt;Acoustic&lt;/td&gt;&lt;td align=center nowrap&gt;2003-05-24&lt;/td&gt;&lt;td align=center nowrap&gt;-&lt;/td&gt;&lt;td align=center nowrap&gt;2003-12-15&lt;/td&gt;&lt;td align=center nowrap&gt;-&lt;/td&gt;&lt;td align=center nowrap&gt;0.0 m&lt;/td&gt;&lt;/tr&gt;&lt;/table&gt;&lt;/small&gt;</SimpleData>
                    </SchemaData>
                </ExtendedData>
                <Point>
                    <coordinates>-155.91785,19.1564</coordinates>
                </Point>
            </Placemark>
            <Placemark id="stations_series.fid--2e4a691_19d8297c619_-3c6d">
                <ExtendedData>
                    <SchemaData schemaUrl="#stations_series_1">
                        <SimpleData name="collectioncode">PIRAT.PFRL</SimpleData>
                        <SimpleData name="seriescode">PIRAT</SimpleData>
                        <SimpleData name="ocean">MID PACIFIC</SimpleData>
                        <SimpleData name="station_name">HSE</SimpleData>
                        <SimpleData name="station_type">Transceiver</SimpleData>
                        <SimpleData name="latitude">21.64377</SimpleData>
                        <SimpleData name="longitude">-158.11914</SimpleData>
                        <SimpleData name="depth">100</SimpleData>
                        <SimpleData name="stationstatus">active</SimpleData>
                        <SimpleData name="stationclass">deployed</SimpleData>
                        <SimpleData name="first_year">2024-04-16</SimpleData>
                        <SimpleData name="notes">&lt;small&gt;&lt;table border=1&gt;&lt;tr&gt;&lt;th&gt;instrument&lt;/th&gt;&lt;th&gt;type&lt;/th&gt;&lt;th&gt;deploy date&lt;/th&gt;&lt;th&gt;last download&lt;/th&gt;&lt;th&gt;recovery date&lt;/th&gt;&lt;th&gt;downloads&lt;/th&gt;&lt;th&gt;offset&lt;/th&gt;&lt;/tr&gt;&lt;tr&gt;&lt;td&gt;VR2AR&lt;/td&gt;&lt;td align=center nowrap&gt;Transceiver&lt;/td&gt;&lt;td align=center nowrap&gt;2024-04-16&lt;/td&gt;&lt;td align=center nowrap&gt;2025-01-02&lt;/td&gt;&lt;td align=center nowrap&gt;2024-11-23&lt;/td&gt;&lt;td align=center nowrap&gt;1&lt;/td&gt;&lt;td align=center nowrap&gt;0.0 m&lt;/td&gt;&lt;/tr&gt;&lt;tr&gt;&lt;td&gt;VR2AR&lt;/td&gt;&lt;td align=center nowrap&gt;Transceiver&lt;/td&gt;&lt;td align=center nowrap&gt;2024-11-23&lt;/td&gt;&lt;td align=center nowrap&gt;2025-08-18&lt;/td&gt;&lt;td align=center nowrap&gt;2025-08-10&lt;/td&gt;&lt;td align=center nowrap&gt;1&lt;/td&gt;&lt;td align=center nowrap&gt;56.6 m&lt;/td&gt;&lt;/tr&gt;&lt;tr&gt;&lt;td&gt;VR2AR&lt;/td&gt;&lt;td align=center nowrap&gt;Transceiver&lt;/td&gt;&lt;td align=center nowrap&gt;2025-08-10&lt;/td&gt;&lt;td align=center nowrap&gt;-&lt;/td&gt;&lt;td align=center nowrap&gt;-&lt;/td&gt;&lt;td align=center nowrap&gt;-&lt;/td&gt;&lt;td align=center nowrap&gt;108.9 m&lt;/td&gt;&lt;/tr&gt;&lt;/table&gt;&lt;/small&gt;</SimpleData>
                    </SchemaData>
                </ExtendedData>
                <Point>
                    <coordinates>-158.11914,21.64377</coordinates>
                </Point>
            </Placemark>
            <Placemark id="stations_series.fid--2e4a691_19d8297c619_-3c6c">
                <ExtendedData>
                    <SchemaData schemaUrl="#stations_series_1">
                        <SimpleData name="collectioncode">PIRAT.PFRL</SimpleData>
                        <SimpleData name="seriescode">PIRAT</SimpleData>
                        <SimpleData name="ocean">MID PACIFIC</SimpleData>
                        <SimpleData name="station_name">HIMB REEF 8 WEST</SimpleData>
                        <SimpleData name="station_type">Acoustic</SimpleData>
                        <SimpleData name="latitude">21.44196</SimpleData>
                        <SimpleData name="longitude">-157.79625</SimpleData>
                        <SimpleData name="depth">unknown</SimpleData>
                        <SimpleData name="stationstatus">active</SimpleData>
                        <SimpleData name="stationclass">deployed</SimpleData>
                        <SimpleData name="first_year">2012-10-24</SimpleData>
                        <SimpleData name="last_year">2014-04-16</SimpleData>
                        <SimpleData name="notes">&lt;small&gt;&lt;table border=1&gt;&lt;tr&gt;&lt;th&gt;instrument&lt;/th&gt;&lt;th&gt;type&lt;/th&gt;&lt;th&gt;deploy date&lt;/th&gt;&lt;th&gt;last download&lt;/th&gt;&lt;th&gt;recovery date&lt;/th&gt;&lt;th&gt;downloads&lt;/th&gt;&lt;th&gt;offset&lt;/th&gt;&lt;/tr&gt;&lt;tr&gt;&lt;td&gt;VR2W&lt;/td&gt;&lt;td align=center nowrap&gt;Acoustic&lt;/td&gt;&lt;td align=center nowrap&gt;2012-10-24&lt;/td&gt;&lt;td align=center nowrap&gt;2014-08-18&lt;/td&gt;&lt;td align=center nowrap&gt;2014-04-16&lt;/td&gt;&lt;td align=center nowrap&gt;3&lt;/td&gt;&lt;td align=center nowrap&gt;0.0 m&lt;/td&gt;&lt;/tr&gt;&lt;/table&gt;&lt;/small&gt;</SimpleData>
                    </SchemaData>
                </ExtendedData>
                <Point>
                    <coordinates>-157.79625,21.44196</coordinates>
                </Point>
            </Placemark>
            <Placemark id="stations_series.fid--2e4a691_19d8297c619_-3c6b">
                <ExtendedData>
                    <SchemaData schemaUrl="#stations_series_1">
                        <SimpleData name="collectioncode">PIRAT.PFRL</SimpleData>
                        <SimpleData name="seriescode">PIRAT</SimpleData>
                        <SimpleData name="ocean">MID PACIFIC</SimpleData>
                        <SimpleData name="station_name">FRANK PARRISH MAUI SHALLOW</SimpleData>
                        <SimpleData name="station_type">Acoustic</SimpleData>
                        <SimpleData name="latitude">20.80713</SimpleData>
                        <SimpleData name="longitude">-156.68453</SimpleData>
                        <SimpleData name="depth">unknown</SimpleData>
                        <SimpleData name="stationstatus">active</SimpleData>
                        <SimpleData name="stationclass">deployed</SimpleData>
                        <SimpleData name="first_year">2008-08-06</SimpleData>
                        <SimpleData name="last_year">2009-07-25</SimpleData>
                        <SimpleData name="notes">&lt;small&gt;&lt;table border=1&gt;&lt;tr&gt;&lt;th&gt;instrument&lt;/th&gt;&lt;th&gt;type&lt;/th&gt;&lt;th&gt;deploy date&lt;/th&gt;&lt;th&gt;last download&lt;/th&gt;&lt;th&gt;recovery date&lt;/th&gt;&lt;th&gt;downloads&lt;/th&gt;&lt;th&gt;offset&lt;/th&gt;&lt;/tr&gt;&lt;tr&gt;&lt;td&gt;VR2&lt;/td&gt;&lt;td align=center nowrap&gt;Acoustic&lt;/td&gt;&lt;td align=center nowrap&gt;2008-08-06&lt;/td&gt;&lt;td align=center nowrap&gt;-&lt;/td&gt;&lt;td align=center nowrap&gt;2009-07-25&lt;/td&gt;&lt;td align=center nowrap&gt;-&lt;/td&gt;&lt;td align=center nowrap&gt;0.0 m&lt;/td&gt;&lt;/tr&gt;&lt;/table&gt;&lt;/small&gt;</SimpleData>
                    </SchemaData>
                </ExtendedData>
                <Point>
                    <coordinates>-156.68453,20.80713</coordinates>
                </Point>
            </Placemark>
            <Placemark id="stations_series.fid--2e4a691_19d8297c619_-3c6a">
                <ExtendedData>
                    <SchemaData schemaUrl="#stations_series_1">
                        <SimpleData name="collectioncode">PIRAT.PFRL</SimpleData>
                        <SimpleData name="seriescode">PIRAT</SimpleData>
                        <SimpleData name="ocean">MID PACIFIC</SimpleData>
                        <SimpleData name="station_name">HALEIWA TRENCH</SimpleData>
                        <SimpleData name="station_type">Acoustic</SimpleData>
                        <SimpleData name="latitude">21.59482</SimpleData>
                        <SimpleData name="longitude">-158.11079</SimpleData>
                        <SimpleData name="depth">unknown</SimpleData>
                        <SimpleData name="stationstatus">active</SimpleData>
                        <SimpleData name="stationclass">deployed</SimpleData>
                        <SimpleData name="first_year">2007-05-09</SimpleData>
                        <SimpleData name="last_year">2008-09-12</SimpleData>
                        <SimpleData name="notes">&lt;small&gt;&lt;table border=1&gt;&lt;tr&gt;&lt;th&gt;instrument&lt;/th&gt;&lt;th&gt;type&lt;/th&gt;&lt;th&gt;deploy date&lt;/th&gt;&lt;th&gt;last download&lt;/th&gt;&lt;th&gt;recovery date&lt;/th&gt;&lt;th&gt;downloads&lt;/th&gt;&lt;th&gt;offset&lt;/th&gt;&lt;/tr&gt;&lt;tr&gt;&lt;td&gt;VR2W&lt;/td&gt;&lt;td align=center nowrap&gt;Acoustic&lt;/td&gt;&lt;td align=center nowrap&gt;2007-05-09&lt;/td&gt;&lt;td align=center nowrap&gt;-&lt;/td&gt;&lt;td align=center nowrap&gt;2008-09-12&lt;/td&gt;&lt;td align=center nowrap&gt;-&lt;/td&gt;&lt;td align=center nowrap&gt;0.0 m&lt;/td&gt;&lt;/tr&gt;&lt;/table&gt;&lt;/small&gt;</SimpleData>
                    </SchemaData>
                </ExtendedData>
                <Point>
                    <coordinates>-158.11079,21.59482</coordinates>
                </Point>
            </Placemark>
            <Placemark id="stations_series.fid--2e4a691_19d8297c619_-3c69">
                <ExtendedData>
                    <SchemaData schemaUrl="#stations_series_1">
                        <SimpleData name="collectioncode">PIRAT.PFRL</SimpleData>
                        <SimpleData name="seriescode">PIRAT</SimpleData>
                        <SimpleData name="ocean">MID PACIFIC</SimpleData>
                        <SimpleData name="station_name">FFS TERN ISLAND</SimpleData>
                        <SimpleData name="station_type">Acoustic</SimpleData>
                        <SimpleData name="latitude">23.86664</SimpleData>
                        <SimpleData name="longitude">-166.2882</SimpleData>
                        <SimpleData name="depth">unknown</SimpleData>
                        <SimpleData name="stationstatus">active</SimpleData>
                        <SimpleData name="stationclass">deployed</SimpleData>
                        <SimpleData name="first_year">2005-05-18</SimpleData>
                        <SimpleData name="last_year">2017-09-09</SimpleData>
                        <SimpleData name="notes">&lt;small&gt;&lt;table border=1&gt;&lt;tr&gt;&lt;th&gt;instrument&lt;/th&gt;&lt;th&gt;type&lt;/th&gt;&lt;th&gt;deploy date&lt;/th&gt;&lt;th&gt;last download&lt;/th&gt;&lt;th&gt;recovery date&lt;/th&gt;&lt;th&gt;downloads&lt;/th&gt;&lt;th&gt;offset&lt;/th&gt;&lt;/tr&gt;&lt;tr&gt;&lt;td&gt;VR2&lt;/td&gt;&lt;td align=center nowrap&gt;Acoustic&lt;/td&gt;&lt;td align=center nowrap&gt;2005-05-18&lt;/td&gt;&lt;td align=center nowrap&gt;-&lt;/td&gt;&lt;td align=center nowrap&gt;2005-09-17&lt;/td&gt;&lt;td align=center nowrap&gt;-&lt;/td&gt;&lt;td align=center nowrap&gt;0.0 m&lt;/td&gt;&lt;/tr&gt;&lt;tr&gt;&lt;td&gt;VR2&lt;/td&gt;&lt;td align=center nowrap&gt;Acoustic&lt;/td&gt;&lt;td align=center nowrap&gt;2005-09-18&lt;/td&gt;&lt;td align=center nowrap&gt;-&lt;/td&gt;&lt;td align=center nowrap&gt;2006-05-23&lt;/td&gt;&lt;td align=center nowrap&gt;-&lt;/td&gt;&lt;td align=center nowrap&gt;0.0 m&lt;/td&gt;&lt;/tr&gt;&lt;tr&gt;&lt;td&gt;VR2&lt;/td&gt;&lt;td align=center nowrap&gt;Acoustic&lt;/td&gt;&lt;td align=center nowrap&gt;2006-05-25&lt;/td&gt;&lt;td align=center nowrap&gt;-&lt;/td&gt;&lt;td align=center nowrap&gt;2006-09-04&lt;/td&gt;&lt;td align=center nowrap&gt;-&lt;/td&gt;&lt;td align=center nowrap&gt;0.0 m&lt;/td&gt;&lt;/tr&gt;&lt;tr&gt;&lt;td&gt;VR2&lt;/td&gt;&lt;td align=center nowrap&gt;Acoustic&lt;/td&gt;&lt;td align=center nowrap&gt;2006-09-05&lt;/td&gt;&lt;td align=center nowrap&gt;-&lt;/td&gt;&lt;td align=center nowrap&gt;2007-09-07&lt;/td&gt;&lt;td align=center nowrap&gt;-&lt;/td&gt;&lt;td align=center nowrap&gt;0.0 m&lt;/td&gt;&lt;/tr&gt;&lt;tr&gt;&lt;td&gt;VR2&lt;/td&gt;&lt;td align=center nowrap&gt;Acoustic&lt;/td&gt;&lt;td align=center nowrap&gt;2007-09-08&lt;/td&gt;&lt;td align=center nowrap&gt;-&lt;/td&gt;&lt;td align=center nowrap&gt;2008-06-07&lt;/td&gt;&lt;td align=center nowrap&gt;-&lt;/td&gt;&lt;td align=center nowrap&gt;0.0 m&lt;/td&gt;&lt;/tr&gt;&lt;tr&gt;&lt;td&gt;VR2W&lt;/td&gt;&lt;td align=center nowrap&gt;Acoustic&lt;/td&gt;&lt;td align=center nowrap&gt;2008-06-07&lt;/td&gt;&lt;td align=center nowrap&gt;-&lt;/td&gt;&lt;td align=center nowrap&gt;2010-05-13&lt;/td&gt;&lt;td align=center nowrap&gt;-&lt;/td&gt;&lt;td align=center nowrap&gt;0.0 m&lt;/td&gt;&lt;/tr&gt;&lt;tr&gt;&lt;td&gt;VR2W&lt;/td&gt;&lt;td align=center nowrap&gt;Acoustic&lt;/td&gt;&lt;td align=center nowrap&gt;2010-05-13&lt;/td&gt;&lt;td align=center nowrap&gt;-&lt;/td&gt;&lt;td align=center nowrap&gt;2011-09-19&lt;/td&gt;&lt;td align=center nowrap&gt;-&lt;/td&gt;&lt;td align=center nowrap&gt;0.0 m&lt;/td&gt;&lt;/tr&gt;&lt;tr&gt;&lt;td&gt;VR2W&lt;/td&gt;&lt;td align=center nowrap&gt;Acoustic&lt;/td&gt;&lt;td align=center nowrap&gt;2011-09-19&lt;/td&gt;&lt;td align=center nowrap&gt;-&lt;/td&gt;&lt;td align=center nowrap&gt;2012-07-10&lt;/td&gt;&lt;td align=center nowrap&gt;-&lt;/td&gt;&lt;td align=center nowrap&gt;0.0 m&lt;/td&gt;&lt;/tr&gt;&lt;tr&gt;&lt;td&gt;VR2W&lt;/td&gt;&lt;td align=center nowrap&gt;Acoustic&lt;/td&gt;&lt;td align=center nowrap&gt;2012-07-10&lt;/td&gt;&lt;td align=center nowrap&gt;2013-06-13&lt;/td&gt;&lt;td align=center nowrap&gt;2013-05-21&lt;/td&gt;&lt;td align=center nowrap&gt;1&lt;/td&gt;&lt;td align=center nowrap&gt;0.0 m&lt;/td&gt;&lt;/tr&gt;&lt;tr&gt;&lt;td&gt;VR2W&lt;/td&gt;&lt;td align=center nowrap&gt;Acoustic&lt;/td&gt;&lt;td align=center nowrap&gt;2013-05-21&lt;/td&gt;&lt;td align=center nowrap&gt;-&lt;/td&gt;&lt;td align=center nowrap&gt;2014-09-12&lt;/td&gt;&lt;td align=center nowrap&gt;-&lt;/td&gt;&lt;td align=center nowrap&gt;0.0 m&lt;/td&gt;&lt;/tr&gt;&lt;tr&gt;&lt;td&gt;VR2W&lt;/td&gt;&lt;td align=center nowrap&gt;Acoustic&lt;/td&gt;&lt;td align=center nowrap&gt;2014-09-12&lt;/td&gt;&lt;td align=center nowrap&gt;2015-09-10&lt;/td&gt;&lt;td align=center nowrap&gt;2015-09-08&lt;/td&gt;&lt;td align=center nowrap&gt;1&lt;/td&gt;&lt;td align=center nowrap&gt;0.0 m&lt;/td&gt;&lt;/tr&gt;&lt;tr&gt;&lt;td&gt;VR2W&lt;/td&gt;&lt;td align=center nowrap&gt;Acoustic&lt;/td&gt;&lt;td align=center nowrap&gt;2015-09-08&lt;/td&gt;&lt;td align=center nowrap&gt;2016-05-28&lt;/td&gt;&lt;td align=center nowrap&gt;2016-05-26&lt;/td&gt;&lt;td align=center nowrap&gt;1&lt;/td&gt;&lt;td align=center nowrap&gt;0.0 m&lt;/td&gt;&lt;/tr&gt;&lt;tr&gt;&lt;td&gt;VR2W&lt;/td&gt;&lt;td align=center nowrap&gt;Acoustic&lt;/td&gt;&lt;td align=center nowrap&gt;2016-05-26&lt;/td&gt;&lt;td align=center nowrap&gt;2017-10-30&lt;/td&gt;&lt;td align=center nowrap&gt;2017-09-09&lt;/td&gt;&lt;td align=center nowrap&gt;2&lt;/td&gt;&lt;td align=center nowrap&gt;0.0 m&lt;/td&gt;&lt;/tr&gt;&lt;/table&gt;&lt;/small&gt;</SimpleData>
                    </SchemaData>
                </ExtendedData>
                <Point>
                    <coordinates>-166.2882,23.86664</coordinates>
                </Point>
            </Placemark>
            <Placemark id="stations_series.fid--2e4a691_19d8297c619_-3c68">
                <ExtendedData>
                    <SchemaData schemaUrl="#stations_series_1">
                        <SimpleData name="collectioncode">PIRAT.PFRL</SimpleData>
                        <SimpleData name="seriescode">PIRAT</SimpleData>
                        <SimpleData name="ocean">MID PACIFIC</SimpleData>
                        <SimpleData name="station_name">NENUE POINT</SimpleData>
                        <SimpleData name="station_type">Acoustic</SimpleData>
                        <SimpleData name="latitude">19.51361</SimpleData>
                        <SimpleData name="longitude">-155.96136</SimpleData>
                        <SimpleData name="depth">unknown</SimpleData>
                        <SimpleData name="stationstatus">active</SimpleData>
                        <SimpleData name="stationclass">deployed</SimpleData>
                        <SimpleData name="first_year">2008-01-16</SimpleData>
                        <SimpleData name="last_year">2012-03-22</SimpleData>
                        <SimpleData name="notes">&lt;small&gt;&lt;table border=1&gt;&lt;tr&gt;&lt;th&gt;instrument&lt;/th&gt;&lt;th&gt;type&lt;/th&gt;&lt;th&gt;deploy date&lt;/th&gt;&lt;th&gt;last download&lt;/th&gt;&lt;th&gt;recovery date&lt;/th&gt;&lt;th&gt;downloads&lt;/th&gt;&lt;th&gt;offset&lt;/th&gt;&lt;/tr&gt;&lt;tr&gt;&lt;td&gt;VR2&lt;/td&gt;&lt;td align=center nowrap&gt;Acoustic&lt;/td&gt;&lt;td align=center nowrap&gt;2008-01-16&lt;/td&gt;&lt;td align=center nowrap&gt;-&lt;/td&gt;&lt;td align=center nowrap&gt;2008-08-17&lt;/td&gt;&lt;td align=center nowrap&gt;-&lt;/td&gt;&lt;td align=center nowrap&gt;0.0 m&lt;/td&gt;&lt;/tr&gt;&lt;tr&gt;&lt;td&gt;VR2&lt;/td&gt;&lt;td align=center nowrap&gt;Acoustic&lt;/td&gt;&lt;td align=center nowrap&gt;2008-08-18&lt;/td&gt;&lt;td align=center nowrap&gt;-&lt;/td&gt;&lt;td align=center nowrap&gt;2008-08-22&lt;/td&gt;&lt;td align=center nowrap&gt;-&lt;/td&gt;&lt;td align=center nowrap&gt;0.0 m&lt;/td&gt;&lt;/tr&gt;&lt;tr&gt;&lt;td&gt;VR2&lt;/td&gt;&lt;td align=center nowrap&gt;Acoustic&lt;/td&gt;&lt;td align=center nowrap&gt;2008-08-22&lt;/td&gt;&lt;td align=center nowrap&gt;-&lt;/td&gt;&lt;td align=center nowrap&gt;2009-09-09&lt;/td&gt;&lt;td align=center nowrap&gt;-&lt;/td&gt;&lt;td align=center nowrap&gt;0.0 m&lt;/td&gt;&lt;/tr&gt;&lt;tr&gt;&lt;td&gt;VR2W&lt;/td&gt;&lt;td align=center nowrap&gt;Acoustic&lt;/td&gt;&lt;td align=center nowrap&gt;2009-09-08&lt;/td&gt;&lt;td align=center nowrap&gt;-&lt;/td&gt;&lt;td align=center nowrap&gt;2010-12-19&lt;/td&gt;&lt;td align=center nowrap&gt;-&lt;/td&gt;&lt;td align=center nowrap&gt;0.0 m&lt;/td&gt;&lt;/tr&gt;&lt;tr&gt;&lt;td&gt;VR2W&lt;/td&gt;&lt;td align=center nowrap&gt;Acoustic&lt;/td&gt;&lt;td align=center nowrap&gt;2010-12-19&lt;/td&gt;&lt;td align=center nowrap&gt;-&lt;/td&gt;&lt;td align=center nowrap&gt;2012-03-22&lt;/td&gt;&lt;td align=center nowrap&gt;-&lt;/td&gt;&lt;td align=center nowrap&gt;0.0 m&lt;/td&gt;&lt;/tr&gt;&lt;/table&gt;&lt;/small&gt;</SimpleData>
                    </SchemaData>
                </ExtendedData>
                <Point>
                    <coordinates>-155.96136,19.51361</coordinates>
                </Point>
            </Placemark>
            <Placemark id="stations_series.fid--2e4a691_19d8297c619_-3c67">
                <ExtendedData>
                    <SchemaData schemaUrl="#stations_series_1">
                        <SimpleData name="collectioncode">PIRAT.PFRL</SimpleData>
                        <SimpleData name="seriescode">PIRAT</SimpleData>
                        <SimpleData name="ocean">MID PACIFIC</SimpleData>
                        <SimpleData name="station_name">ROBS REEF/THREE ROOM CAVE</SimpleData>
                        <SimpleData name="station_type">Acoustic</SimpleData>
                        <SimpleData name="latitude">19.33052</SimpleData>
                        <SimpleData name="longitude">-155.88675</SimpleData>
                        <SimpleData name="depth">unknown</SimpleData>
                        <SimpleData name="stationstatus">active</SimpleData>
                        <SimpleData name="stationclass">deployed</SimpleData>
                        <SimpleData name="first_year">2003-01-13</SimpleData>
                        <SimpleData name="last_year">2012-03-21</SimpleData>
                        <SimpleData name="notes">&lt;small&gt;&lt;table border=1&gt;&lt;tr&gt;&lt;th&gt;instrument&lt;/th&gt;&lt;th&gt;type&lt;/th&gt;&lt;th&gt;deploy date&lt;/th&gt;&lt;th&gt;last download&lt;/th&gt;&lt;th&gt;recovery date&lt;/th&gt;&lt;th&gt;downloads&lt;/th&gt;&lt;th&gt;offset&lt;/th&gt;&lt;/tr&gt;&lt;tr&gt;&lt;td&gt;VR2&lt;/td&gt;&lt;td align=center nowrap&gt;Acoustic&lt;/td&gt;&lt;td align=center nowrap&gt;2003-01-13&lt;/td&gt;&lt;td align=center nowrap&gt;-&lt;/td&gt;&lt;td align=center nowrap&gt;2003-01-13&lt;/td&gt;&lt;td align=center nowrap&gt;-&lt;/td&gt;&lt;td align=center nowrap&gt;0.0 m&lt;/td&gt;&lt;/tr&gt;&lt;tr&gt;&lt;td&gt;VR2&lt;/td&gt;&lt;td align=center nowrap&gt;Acoustic&lt;/td&gt;&lt;td align=center nowrap&gt;2003-01-13&lt;/td&gt;&lt;td align=center nowrap&gt;-&lt;/td&gt;&lt;td align=center nowrap&gt;2003-05-23&lt;/td&gt;&lt;td align=center nowrap&gt;-&lt;/td&gt;&lt;td align=center nowrap&gt;0.0 m&lt;/td&gt;&lt;/tr&gt;&lt;tr&gt;&lt;td&gt;VR2&lt;/td&gt;&lt;td align=center nowrap&gt;Acoustic&lt;/td&gt;&lt;td align=center nowrap&gt;2003-05-23&lt;/td&gt;&lt;td align=center nowrap&gt;-&lt;/td&gt;&lt;td align=center nowrap&gt;2003-05-24&lt;/td&gt;&lt;td align=center nowrap&gt;-&lt;/td&gt;&lt;td align=center nowrap&gt;912.9 m&lt;/td&gt;&lt;/tr&gt;&lt;tr&gt;&lt;td&gt;VR2&lt;/td&gt;&lt;td align=center nowrap&gt;Acoustic&lt;/td&gt;&lt;td align=center nowrap&gt;2003-05-24&lt;/td&gt;&lt;td align=center nowrap&gt;-&lt;/td&gt;&lt;td align=center nowrap&gt;2003-05-25&lt;/td&gt;&lt;td align=center nowrap&gt;-&lt;/td&gt;&lt;td align=center nowrap&gt;0.0 m&lt;/td&gt;&lt;/tr&gt;&lt;tr&gt;&lt;td&gt;VR2&lt;/td&gt;&lt;td align=center nowrap&gt;Acoustic&lt;/td&gt;&lt;td align=center nowrap&gt;2003-05-25&lt;/td&gt;&lt;td align=center nowrap&gt;-&lt;/td&gt;&lt;td align=center nowrap&gt;2003-12-15&lt;/td&gt;&lt;td align=center nowrap&gt;-&lt;/td&gt;&lt;td align=center nowrap&gt;0.0 m&lt;/td&gt;&lt;/tr&gt;&lt;tr&gt;&lt;td&gt;VR2&lt;/td&gt;&lt;td align=center nowrap&gt;Acoustic&lt;/td&gt;&lt;td align=center nowrap&gt;2003-12-15&lt;/td&gt;&lt;td align=center nowrap&gt;-&lt;/td&gt;&lt;td align=center nowrap&gt;2004-05-30&lt;/td&gt;&lt;td align=center nowrap&gt;-&lt;/td&gt;&lt;td align=center nowrap&gt;0.0 m&lt;/td&gt;&lt;/tr&gt;&lt;tr&gt;&lt;td&gt;VR2&lt;/td&gt;&lt;td align=center nowrap&gt;Acoustic&lt;/td&gt;&lt;td align=center nowrap&gt;2004-05-30&lt;/td&gt;&lt;td align=center nowrap&gt;-&lt;/td&gt;&lt;td align=center nowrap&gt;2004-12-31&lt;/td&gt;&lt;td align=center nowrap&gt;-&lt;/td&gt;&lt;td align=center nowrap&gt;0.0 m&lt;/td&gt;&lt;/tr&gt;&lt;tr&gt;&lt;td&gt;VR2&lt;/td&gt;&lt;td align=center nowrap&gt;Acoustic&lt;/td&gt;&lt;td align=center nowrap&gt;2004-12-31&lt;/td&gt;&lt;td align=center nowrap&gt;-&lt;/td&gt;&lt;td align=center nowrap&gt;2005-07-25&lt;/td&gt;&lt;td align=center nowrap&gt;-&lt;/td&gt;&lt;td align=center nowrap&gt;0.0 m&lt;/td&gt;&lt;/tr&gt;&lt;tr&gt;&lt;td&gt;VR2&lt;/td&gt;&lt;td align=center nowrap&gt;Acoustic&lt;/td&gt;&lt;td align=center nowrap&gt;2005-07-25&lt;/td&gt;&lt;td align=center nowrap&gt;-&lt;/td&gt;&lt;td align=center nowrap&gt;2005-12-11&lt;/td&gt;&lt;td align=center nowrap&gt;-&lt;/td&gt;&lt;td align=center nowrap&gt;0.0 m&lt;/td&gt;&lt;/tr&gt;&lt;tr&gt;&lt;td&gt;VR2&lt;/td&gt;&lt;td align=center nowrap&gt;Acoustic&lt;/td&gt;&lt;td align=center nowrap&gt;2005-12-11&lt;/td&gt;&lt;td align=center nowrap&gt;-&lt;/td&gt;&lt;td align=center nowrap&gt;2006-08-29&lt;/td&gt;&lt;td align=center nowrap&gt;-&lt;/td&gt;&lt;td align=center nowrap&gt;0.0 m&lt;/td&gt;&lt;/tr&gt;&lt;tr&gt;&lt;td&gt;VR2&lt;/td&gt;&lt;td align=center nowrap&gt;Acoustic&lt;/td&gt;&lt;td align=center nowrap&gt;2006-08-30&lt;/td&gt;&lt;td align=center nowrap&gt;-&lt;/td&gt;&lt;td align=center nowrap&gt;2007-05-16&lt;/td&gt;&lt;td align=center nowrap&gt;-&lt;/td&gt;&lt;td align=center nowrap&gt;0.0 m&lt;/td&gt;&lt;/tr&gt;&lt;tr&gt;&lt;td&gt;VR2&lt;/td&gt;&lt;td align=center nowrap&gt;Acoustic&lt;/td&gt;&lt;td align=center nowrap&gt;2007-05-16&lt;/td&gt;&lt;td align=center nowrap&gt;-&lt;/td&gt;&lt;td align=center nowrap&gt;2008-02-12&lt;/td&gt;&lt;td align=center nowrap&gt;-&lt;/td&gt;&lt;td align=center nowrap&gt;0.0 m&lt;/td&gt;&lt;/tr&gt;&lt;tr&gt;&lt;td&gt;VR2&lt;/td&gt;&lt;td align=center nowrap&gt;Acoustic&lt;/td&gt;&lt;td align=center nowrap&gt;2008-02-12&lt;/td&gt;&lt;td align=center nowrap&gt;-&lt;/td&gt;&lt;td align=center nowrap&gt;2008-08-18&lt;/td&gt;&lt;td align=center nowrap&gt;-&lt;/td&gt;&lt;td align=center nowrap&gt;0.0 m&lt;/td&gt;&lt;/tr&gt;&lt;tr&gt;&lt;td&gt;VR2&lt;/td&gt;&lt;td align=center nowrap&gt;Acoustic&lt;/td&gt;&lt;td align=center nowrap&gt;2008-08-18&lt;/td&gt;&lt;td align=center nowrap&gt;-&lt;/td&gt;&lt;td align=center nowrap&gt;2009-09-08&lt;/td&gt;&lt;td align=center nowrap&gt;-&lt;/td&gt;&lt;td align=center nowrap&gt;0.0 m&lt;/td&gt;&lt;/tr&gt;&lt;tr&gt;&lt;td&gt;VR2W&lt;/td&gt;&lt;td align=center nowrap&gt;Acoustic&lt;/td&gt;&lt;td align=center nowrap&gt;2009-09-08&lt;/td&gt;&lt;td align=center nowrap&gt;-&lt;/td&gt;&lt;td align=center nowrap&gt;2010-12-19&lt;/td&gt;&lt;td align=center nowrap&gt;-&lt;/td&gt;&lt;td align=center nowrap&gt;0.0 m&lt;/td&gt;&lt;/tr&gt;&lt;tr&gt;&lt;td&gt;VR2W&lt;/td&gt;&lt;td align=center nowrap&gt;Acoustic&lt;/td&gt;&lt;td align=center nowrap&gt;2010-12-19&lt;/td&gt;&lt;td align=center nowrap&gt;-&lt;/td&gt;&lt;td align=center nowrap&gt;2012-03-21&lt;/td&gt;&lt;td align=center nowrap&gt;-&lt;/td&gt;&lt;td align=center nowrap&gt;912.9 m&lt;/td&gt;&lt;/tr&gt;&lt;/table&gt;&lt;/small&gt;</SimpleData>
                    </SchemaData>
                </ExtendedData>
                <Point>
                    <coordinates>-155.88675,19.33052</coordinates>
                </Point>
            </Placemark>
            <Placemark id="stations_series.fid--2e4a691_19d8297c619_-3c66">
                <ExtendedData>
                    <SchemaData schemaUrl="#stations_series_1">
                        <SimpleData name="collectioncode">PIRAT.PFRL</SimpleData>
                        <SimpleData name="seriescode">PIRAT</SimpleData>
                        <SimpleData name="ocean">MID PACIFIC</SimpleData>
                        <SimpleData name="station_name">KURE NORTH BARRIER REEF</SimpleData>
                        <SimpleData name="station_type">Acoustic</SimpleData>
                        <SimpleData name="latitude">28.46045</SimpleData>
                        <SimpleData name="longitude">-178.32629</SimpleData>
                        <SimpleData name="depth">unknown</SimpleData>
                        <SimpleData name="stationstatus">active</SimpleData>
                        <SimpleData name="stationclass">deployed</SimpleData>
                        <SimpleData name="first_year">2008-06-14</SimpleData>
                        <SimpleData name="last_year">2012-07-17</SimpleData>
                        <SimpleData name="notes">&lt;small&gt;&lt;table border=1&gt;&lt;tr&gt;&lt;th&gt;instrument&lt;/th&gt;&lt;th&gt;type&lt;/th&gt;&lt;th&gt;deploy date&lt;/th&gt;&lt;th&gt;last download&lt;/th&gt;&lt;th&gt;recovery date&lt;/th&gt;&lt;th&gt;downloads&lt;/th&gt;&lt;th&gt;offset&lt;/th&gt;&lt;/tr&gt;&lt;tr&gt;&lt;td&gt;VR2&lt;/td&gt;&lt;td align=center nowrap&gt;Acoustic&lt;/td&gt;&lt;td align=center nowrap&gt;2008-06-14&lt;/td&gt;&lt;td align=center nowrap&gt;-&lt;/td&gt;&lt;td align=center nowrap&gt;2009-06-24&lt;/td&gt;&lt;td align=center nowrap&gt;-&lt;/td&gt;&lt;td align=center nowrap&gt;0.0 m&lt;/td&gt;&lt;/tr&gt;&lt;tr&gt;&lt;td&gt;VR2W&lt;/td&gt;&lt;td align=center nowrap&gt;Acoustic&lt;/td&gt;&lt;td align=center nowrap&gt;2009-06-24&lt;/td&gt;&lt;td align=center nowrap&gt;-&lt;/td&gt;&lt;td align=center nowrap&gt;2010-05-21&lt;/td&gt;&lt;td align=center nowrap&gt;-&lt;/td&gt;&lt;td align=center nowrap&gt;0.0 m&lt;/td&gt;&lt;/tr&gt;&lt;tr&gt;&lt;td&gt;VR2W&lt;/td&gt;&lt;td align=center nowrap&gt;Acoustic&lt;/td&gt;&lt;td align=center nowrap&gt;2010-05-21&lt;/td&gt;&lt;td align=center nowrap&gt;2017-03-21&lt;/td&gt;&lt;td align=center nowrap&gt;2012-07-17&lt;/td&gt;&lt;td align=center nowrap&gt;1&lt;/td&gt;&lt;td align=center nowrap&gt;0.0 m&lt;/td&gt;&lt;/tr&gt;&lt;/table&gt;&lt;/small&gt;</SimpleData>
                    </SchemaData>
                </ExtendedData>
                <Point>
                    <coordinates>-178.32629,28.46045</coordinates>
                </Point>
            </Placemark>
            <Placemark id="stations_series.fid--2e4a691_19d8297c619_-3c65">
                <ExtendedData>
                    <SchemaData schemaUrl="#stations_series_1">
                        <SimpleData name="collectioncode">PIRAT.PFRL</SimpleData>
                        <SimpleData name="seriescode">PIRAT</SimpleData>
                        <SimpleData name="ocean">MID PACIFIC</SimpleData>
                        <SimpleData name="station_name">KURE WEST CHANNEL</SimpleData>
                        <SimpleData name="station_type">Acoustic</SimpleData>
                        <SimpleData name="latitude">28.40388</SimpleData>
                        <SimpleData name="longitude">-178.37508</SimpleData>
                        <SimpleData name="depth">unknown</SimpleData>
                        <SimpleData name="stationstatus">active</SimpleData>
                        <SimpleData name="stationclass">deployed</SimpleData>
                        <SimpleData name="first_year">2005-06-01</SimpleData>
                        <SimpleData name="last_year">2012-07-17</SimpleData>
                        <SimpleData name="notes">&lt;small&gt;&lt;table border=1&gt;&lt;tr&gt;&lt;th&gt;instrument&lt;/th&gt;&lt;th&gt;type&lt;/th&gt;&lt;th&gt;deploy date&lt;/th&gt;&lt;th&gt;last download&lt;/th&gt;&lt;th&gt;recovery date&lt;/th&gt;&lt;th&gt;downloads&lt;/th&gt;&lt;th&gt;offset&lt;/th&gt;&lt;/tr&gt;&lt;tr&gt;&lt;td&gt;VR2&lt;/td&gt;&lt;td align=center nowrap&gt;Acoustic&lt;/td&gt;&lt;td align=center nowrap&gt;2005-06-01&lt;/td&gt;&lt;td align=center nowrap&gt;-&lt;/td&gt;&lt;td align=center nowrap&gt;2005-09-29&lt;/td&gt;&lt;td align=center nowrap&gt;-&lt;/td&gt;&lt;td align=center nowrap&gt;2251.0 m&lt;/td&gt;&lt;/tr&gt;&lt;tr&gt;&lt;td&gt;VR2&lt;/td&gt;&lt;td align=center nowrap&gt;Acoustic&lt;/td&gt;&lt;td align=center nowrap&gt;2005-06-01&lt;/td&gt;&lt;td align=center nowrap&gt;-&lt;/td&gt;&lt;td align=center nowrap&gt;2005-09-29&lt;/td&gt;&lt;td align=center nowrap&gt;-&lt;/td&gt;&lt;td align=center nowrap&gt;0.0 m&lt;/td&gt;&lt;/tr&gt;&lt;tr&gt;&lt;td&gt;VR2&lt;/td&gt;&lt;td align=center nowrap&gt;Acoustic&lt;/td&gt;&lt;td align=center nowrap&gt;2005-09-30&lt;/td&gt;&lt;td align=center nowrap&gt;-&lt;/td&gt;&lt;td align=center nowrap&gt;2006-09-17&lt;/td&gt;&lt;td align=center nowrap&gt;-&lt;/td&gt;&lt;td align=center nowrap&gt;2251.0 m&lt;/td&gt;&lt;/tr&gt;&lt;tr&gt;&lt;td&gt;VR2&lt;/td&gt;&lt;td align=center nowrap&gt;Acoustic&lt;/td&gt;&lt;td align=center nowrap&gt;2005-09-30&lt;/td&gt;&lt;td align=center nowrap&gt;-&lt;/td&gt;&lt;td align=center nowrap&gt;2006-09-17&lt;/td&gt;&lt;td align=center nowrap&gt;-&lt;/td&gt;&lt;td align=center nowrap&gt;0.0 m&lt;/td&gt;&lt;/tr&gt;&lt;tr&gt;&lt;td&gt;VR2&lt;/td&gt;&lt;td align=center nowrap&gt;Acoustic&lt;/td&gt;&lt;td align=center nowrap&gt;2006-09-18&lt;/td&gt;&lt;td align=center nowrap&gt;-&lt;/td&gt;&lt;td align=center nowrap&gt;2007-07-20&lt;/td&gt;&lt;td align=center nowrap&gt;-&lt;/td&gt;&lt;td align=center nowrap&gt;0.0 m&lt;/td&gt;&lt;/tr&gt;&lt;tr&gt;&lt;td&gt;VR2&lt;/td&gt;&lt;td align=center nowrap&gt;Acoustic&lt;/td&gt;&lt;td align=center nowrap&gt;2007-07-20&lt;/td&gt;&lt;td align=center nowrap&gt;-&lt;/td&gt;&lt;td align=center nowrap&gt;2008-06-14&lt;/td&gt;&lt;td align=center nowrap&gt;-&lt;/td&gt;&lt;td align=center nowrap&gt;0.0 m&lt;/td&gt;&lt;/tr&gt;&lt;tr&gt;&lt;td&gt;VR2&lt;/td&gt;&lt;td align=center nowrap&gt;Acoustic&lt;/td&gt;&lt;td align=center nowrap&gt;2008-06-15&lt;/td&gt;&lt;td align=center nowrap&gt;-&lt;/td&gt;&lt;td align=center nowrap&gt;2009-06-25&lt;/td&gt;&lt;td align=center nowrap&gt;-&lt;/td&gt;&lt;td align=center nowrap&gt;0.0 m&lt;/td&gt;&lt;/tr&gt;&lt;tr&gt;&lt;td&gt;VR2&lt;/td&gt;&lt;td align=center nowrap&gt;Acoustic&lt;/td&gt;&lt;td align=center nowrap&gt;2008-08-14&lt;/td&gt;&lt;td align=center nowrap&gt;-&lt;/td&gt;&lt;td align=center nowrap&gt;2009-06-25&lt;/td&gt;&lt;td align=center nowrap&gt;-&lt;/td&gt;&lt;td align=center nowrap&gt;2099.1 m&lt;/td&gt;&lt;/tr&gt;&lt;tr&gt;&lt;td&gt;VR2&lt;/td&gt;&lt;td align=center nowrap&gt;Acoustic&lt;/td&gt;&lt;td align=center nowrap&gt;2009-06-24&lt;/td&gt;&lt;td align=center nowrap&gt;-&lt;/td&gt;&lt;td align=center nowrap&gt;2009-08-20&lt;/td&gt;&lt;td align=center nowrap&gt;-&lt;/td&gt;&lt;td align=center nowrap&gt;2099.1 m&lt;/td&gt;&lt;/tr&gt;&lt;tr&gt;&lt;td&gt;VR2&lt;/td&gt;&lt;td align=center nowrap&gt;Acoustic&lt;/td&gt;&lt;td align=center nowrap&gt;2009-06-25&lt;/td&gt;&lt;td align=center nowrap&gt;-&lt;/td&gt;&lt;td align=center nowrap&gt;2009-08-20&lt;/td&gt;&lt;td align=center nowrap&gt;-&lt;/td&gt;&lt;td align=center nowrap&gt;0.0 m&lt;/td&gt;&lt;/tr&gt;&lt;tr&gt;&lt;td&gt;VR2&lt;/td&gt;&lt;td align=center nowrap&gt;Acoustic&lt;/td&gt;&lt;td align=center nowrap&gt;2009-08-20&lt;/td&gt;&lt;td align=center nowrap&gt;-&lt;/td&gt;&lt;td align=center nowrap&gt;2010-05-22&lt;/td&gt;&lt;td align=center nowrap&gt;-&lt;/td&gt;&lt;td align=center nowrap&gt;2099.1 m&lt;/td&gt;&lt;/tr&gt;&lt;tr&gt;&lt;td&gt;VR2W&lt;/td&gt;&lt;td align=center nowrap&gt;Acoustic&lt;/td&gt;&lt;td align=center nowrap&gt;2010-05-22&lt;/td&gt;&lt;td align=center nowrap&gt;2014-11-14&lt;/td&gt;&lt;td align=center nowrap&gt;2012-07-17&lt;/td&gt;&lt;td align=center nowrap&gt;1&lt;/td&gt;&lt;td align=center nowrap&gt;0.0 m&lt;/td&gt;&lt;/tr&gt;&lt;/table&gt;&lt;/small&gt;</SimpleData>
                    </SchemaData>
                </ExtendedData>
                <Point>
                    <coordinates>-178.37508,28.40388</coordinates>
                </Point>
            </Placemark>
            <Placemark id="stations_series.fid--2e4a691_19d8297c619_-3c64">
                <ExtendedData>
                    <SchemaData schemaUrl="#stations_series_1">
                        <SimpleData name="collectioncode">PIRAT.PFRL</SimpleData>
                        <SimpleData name="seriescode">PIRAT</SimpleData>
                        <SimpleData name="ocean">MID PACIFIC</SimpleData>
                        <SimpleData name="station_name">PHR NE Side</SimpleData>
                        <SimpleData name="station_type">Acoustic</SimpleData>
                        <SimpleData name="latitude">27.90115</SimpleData>
                        <SimpleData name="longitude">-175.72205</SimpleData>
                        <SimpleData name="depth">unknown</SimpleData>
                        <SimpleData name="stationstatus">active</SimpleData>
                        <SimpleData name="stationclass">deployed</SimpleData>
                        <SimpleData name="first_year">2007-09-01</SimpleData>
                        <SimpleData name="notes">&lt;small&gt;&lt;table border=1&gt;&lt;tr&gt;&lt;th&gt;instrument&lt;/th&gt;&lt;th&gt;type&lt;/th&gt;&lt;th&gt;deploy date&lt;/th&gt;&lt;th&gt;last download&lt;/th&gt;&lt;th&gt;recovery date&lt;/th&gt;&lt;th&gt;downloads&lt;/th&gt;&lt;th&gt;offset&lt;/th&gt;&lt;/tr&gt;&lt;tr&gt;&lt;td&gt;VR2&lt;/td&gt;&lt;td align=center nowrap&gt;Acoustic&lt;/td&gt;&lt;td align=center nowrap&gt;2007-09-01&lt;/td&gt;&lt;td align=center nowrap&gt;-&lt;/td&gt;&lt;td align=center nowrap&gt;2008-08-07&lt;/td&gt;&lt;td align=center nowrap&gt;-&lt;/td&gt;&lt;td align=center nowrap&gt;0.0 m&lt;/td&gt;&lt;/tr&gt;&lt;tr&gt;&lt;td&gt;VR2W&lt;/td&gt;&lt;td align=center nowrap&gt;Acoustic&lt;/td&gt;&lt;td align=center nowrap&gt;2008-08-07&lt;/td&gt;&lt;td align=center nowrap&gt;-&lt;/td&gt;&lt;td align=center nowrap&gt;2009-08-18&lt;/td&gt;&lt;td align=center nowrap&gt;-&lt;/td&gt;&lt;td align=center nowrap&gt;0.0 m&lt;/td&gt;&lt;/tr&gt;&lt;tr&gt;&lt;td&gt;VR2&lt;/td&gt;&lt;td align=center nowrap&gt;Acoustic&lt;/td&gt;&lt;td align=center nowrap&gt;2009-08-18&lt;/td&gt;&lt;td align=center nowrap&gt;-&lt;/td&gt;&lt;td align=center nowrap&gt;2010-05-20&lt;/td&gt;&lt;td align=center nowrap&gt;-&lt;/td&gt;&lt;td align=center nowrap&gt;0.0 m&lt;/td&gt;&lt;/tr&gt;&lt;tr&gt;&lt;td&gt;VR2W&lt;/td&gt;&lt;td align=center nowrap&gt;Acoustic&lt;/td&gt;&lt;td align=center nowrap&gt;2010-05-20&lt;/td&gt;&lt;td align=center nowrap&gt;-&lt;/td&gt;&lt;td align=center nowrap&gt;2011-09-14&lt;/td&gt;&lt;td align=center nowrap&gt;-&lt;/td&gt;&lt;td align=center nowrap&gt;0.0 m&lt;/td&gt;&lt;/tr&gt;&lt;tr&gt;&lt;td&gt;VR2W&lt;/td&gt;&lt;td align=center nowrap&gt;Acoustic&lt;/td&gt;&lt;td align=center nowrap&gt;2011-09-14&lt;/td&gt;&lt;td align=center nowrap&gt;-&lt;/td&gt;&lt;td align=center nowrap&gt;2012-07-13&lt;/td&gt;&lt;td align=center nowrap&gt;-&lt;/td&gt;&lt;td align=center nowrap&gt;0.0 m&lt;/td&gt;&lt;/tr&gt;&lt;tr&gt;&lt;td&gt;VR2W&lt;/td&gt;&lt;td align=center nowrap&gt;Acoustic&lt;/td&gt;&lt;td align=center nowrap&gt;2014-09-23&lt;/td&gt;&lt;td align=center nowrap&gt;-&lt;/td&gt;&lt;td align=center nowrap&gt;2016-06-06&lt;/td&gt;&lt;td align=center nowrap&gt;-&lt;/td&gt;&lt;td align=center nowrap&gt;0.0 m&lt;/td&gt;&lt;/tr&gt;&lt;tr&gt;&lt;td&gt;VR2W&lt;/td&gt;&lt;td align=center nowrap&gt;Acoustic&lt;/td&gt;&lt;td align=center nowrap&gt;2016-06-06&lt;/td&gt;&lt;td align=center nowrap&gt;2017-10-30&lt;/td&gt;&lt;td align=center nowrap&gt;2017-09-21&lt;/td&gt;&lt;td align=center nowrap&gt;1&lt;/td&gt;&lt;td align=center nowrap&gt;0.0 m&lt;/td&gt;&lt;/tr&gt;&lt;tr&gt;&lt;td&gt;VR2W&lt;/td&gt;&lt;td align=center nowrap&gt;Acoustic&lt;/td&gt;&lt;td align=center nowrap&gt;2017-09-21&lt;/td&gt;&lt;td align=center nowrap&gt;-&lt;/td&gt;&lt;td align=center nowrap&gt;-&lt;/td&gt;&lt;td align=center nowrap&gt;-&lt;/td&gt;&lt;td align=center nowrap&gt;0.0 m&lt;/td&gt;&lt;/tr&gt;&lt;/table&gt;&lt;/small&gt;</SimpleData>
                    </SchemaData>
                </ExtendedData>
                <Point>
                    <coordinates>-175.72205,27.90115</coordinates>
                </Point>
            </Placemark>
            <Placemark id="stations_series.fid--2e4a691_19d8297c619_-3c63">
                <ExtendedData>
                    <SchemaData schemaUrl="#stations_series_1">
                        <SimpleData name="collectioncode">PIRAT.PFRL</SimpleData>
                        <SimpleData name="seriescode">PIRAT</SimpleData>
                        <SimpleData name="ocean">MID PACIFIC</SimpleData>
                        <SimpleData name="station_name">HIMB REEF 3 NORTH</SimpleData>
                        <SimpleData name="station_type">Acoustic</SimpleData>
                        <SimpleData name="latitude">21.43779</SimpleData>
                        <SimpleData name="longitude">-157.7933</SimpleData>
                        <SimpleData name="depth">unknown</SimpleData>
                        <SimpleData name="stationstatus">active</SimpleData>
                        <SimpleData name="stationclass">deployed</SimpleData>
                        <SimpleData name="first_year">2012-02-24</SimpleData>
                        <SimpleData name="last_year">2014-04-16</SimpleData>
                        <SimpleData name="notes">&lt;small&gt;&lt;table border=1&gt;&lt;tr&gt;&lt;th&gt;instrument&lt;/th&gt;&lt;th&gt;type&lt;/th&gt;&lt;th&gt;deploy date&lt;/th&gt;&lt;th&gt;last download&lt;/th&gt;&lt;th&gt;recovery date&lt;/th&gt;&lt;th&gt;downloads&lt;/th&gt;&lt;th&gt;offset&lt;/th&gt;&lt;/tr&gt;&lt;tr&gt;&lt;td&gt;VR2W&lt;/td&gt;&lt;td align=center nowrap&gt;Acoustic&lt;/td&gt;&lt;td align=center nowrap&gt;2012-02-24&lt;/td&gt;&lt;td align=center nowrap&gt;2012-10-26&lt;/td&gt;&lt;td align=center nowrap&gt;2012-10-25&lt;/td&gt;&lt;td align=center nowrap&gt;1&lt;/td&gt;&lt;td align=center nowrap&gt;0.0 m&lt;/td&gt;&lt;/tr&gt;&lt;tr&gt;&lt;td&gt;VR2W&lt;/td&gt;&lt;td align=center nowrap&gt;Acoustic&lt;/td&gt;&lt;td align=center nowrap&gt;2012-10-24&lt;/td&gt;&lt;td align=center nowrap&gt;2014-04-23&lt;/td&gt;&lt;td align=center nowrap&gt;2016-04-17&lt;/td&gt;&lt;td align=center nowrap&gt;4&lt;/td&gt;&lt;td align=center nowrap&gt;0.0 m&lt;/td&gt;&lt;/tr&gt;&lt;tr&gt;&lt;td&gt;VR2W&lt;/td&gt;&lt;td align=center nowrap&gt;Acoustic&lt;/td&gt;&lt;td align=center nowrap&gt;2012-10-25&lt;/td&gt;&lt;td align=center nowrap&gt;2014-04-23&lt;/td&gt;&lt;td align=center nowrap&gt;2014-04-16&lt;/td&gt;&lt;td align=center nowrap&gt;1&lt;/td&gt;&lt;td align=center nowrap&gt;0.0 m&lt;/td&gt;&lt;/tr&gt;&lt;/table&gt;&lt;/small&gt;</SimpleData>
                    </SchemaData>
                </ExtendedData>
                <Point>
                    <coordinates>-157.7933,21.43779</coordinates>
                </Point>
            </Placemark>
            <Placemark id="stations_series.fid--2e4a691_19d8297c619_-3c62">
                <ExtendedData>
                    <SchemaData schemaUrl="#stations_series_1">
                        <SimpleData name="collectioncode">PIRAT.PFRL</SimpleData>
                        <SimpleData name="seriescode">PIRAT</SimpleData>
                        <SimpleData name="ocean">MID PACIFIC</SimpleData>
                        <SimpleData name="station_name">Kaneohe Bay Lilipuna</SimpleData>
                        <SimpleData name="station_type">Acoustic</SimpleData>
                        <SimpleData name="latitude">21.43198</SimpleData>
                        <SimpleData name="longitude">-157.79348</SimpleData>
                        <SimpleData name="depth">unknown</SimpleData>
                        <SimpleData name="stationstatus">active</SimpleData>
                        <SimpleData name="stationclass">deployed</SimpleData>
                        <SimpleData name="first_year">2012-08-27</SimpleData>
                        <SimpleData name="last_year">2018-09-20</SimpleData>
                        <SimpleData name="notes">&lt;small&gt;&lt;table border=1&gt;&lt;tr&gt;&lt;th&gt;instrument&lt;/th&gt;&lt;th&gt;type&lt;/th&gt;&lt;th&gt;deploy date&lt;/th&gt;&lt;th&gt;last download&lt;/th&gt;&lt;th&gt;recovery date&lt;/th&gt;&lt;th&gt;downloads&lt;/th&gt;&lt;th&gt;offset&lt;/th&gt;&lt;/tr&gt;&lt;tr&gt;&lt;td&gt;VR2W&lt;/td&gt;&lt;td align=center nowrap&gt;Acoustic&lt;/td&gt;&lt;td align=center nowrap&gt;2012-08-27&lt;/td&gt;&lt;td align=center nowrap&gt;2014-08-12&lt;/td&gt;&lt;td align=center nowrap&gt;2014-08-12&lt;/td&gt;&lt;td align=center nowrap&gt;1&lt;/td&gt;&lt;td align=center nowrap&gt;0.0 m&lt;/td&gt;&lt;/tr&gt;&lt;tr&gt;&lt;td&gt;VR2W&lt;/td&gt;&lt;td align=center nowrap&gt;Acoustic&lt;/td&gt;&lt;td align=center nowrap&gt;2014-08-12&lt;/td&gt;&lt;td align=center nowrap&gt;2017-10-20&lt;/td&gt;&lt;td align=center nowrap&gt;2016-08-30&lt;/td&gt;&lt;td align=center nowrap&gt;2&lt;/td&gt;&lt;td align=center nowrap&gt;1.0 m&lt;/td&gt;&lt;/tr&gt;&lt;tr&gt;&lt;td&gt;VR2W&lt;/td&gt;&lt;td align=center nowrap&gt;Acoustic&lt;/td&gt;&lt;td align=center nowrap&gt;2016-08-30&lt;/td&gt;&lt;td align=center nowrap&gt;2017-11-07&lt;/td&gt;&lt;td align=center nowrap&gt;2017-11-03&lt;/td&gt;&lt;td align=center nowrap&gt;1&lt;/td&gt;&lt;td align=center nowrap&gt;1.0 m&lt;/td&gt;&lt;/tr&gt;&lt;tr&gt;&lt;td&gt;VR2W&lt;/td&gt;&lt;td align=center nowrap&gt;Acoustic&lt;/td&gt;&lt;td align=center nowrap&gt;2017-11-03&lt;/td&gt;&lt;td align=center nowrap&gt;2018-09-20&lt;/td&gt;&lt;td align=center nowrap&gt;2018-09-20&lt;/td&gt;&lt;td align=center nowrap&gt;1&lt;/td&gt;&lt;td align=center nowrap&gt;1.0 m&lt;/td&gt;&lt;/tr&gt;&lt;/table&gt;&lt;/small&gt;</SimpleData>
                    </SchemaData>
                </ExtendedData>
                <Point>
                    <coordinates>-157.79348,21.43198</coordinates>
                </Point>
            </Placemark>
            <Placemark id="stations_series.fid--2e4a691_19d8297c619_-3c61">
                <ExtendedData>
                    <SchemaData schemaUrl="#stations_series_1">
                        <SimpleData name="collectioncode">PIRAT.PFRL</SimpleData>
                        <SimpleData name="seriescode">PIRAT</SimpleData>
                        <SimpleData name="ocean">MID PACIFIC</SimpleData>
                        <SimpleData name="station_name">KAIWI PT NORTH</SimpleData>
                        <SimpleData name="station_type">Acoustic</SimpleData>
                        <SimpleData name="latitude">19.66207</SimpleData>
                        <SimpleData name="longitude">-156.03168</SimpleData>
                        <SimpleData name="depth">unknown</SimpleData>
                        <SimpleData name="stationstatus">active</SimpleData>
                        <SimpleData name="stationclass">deployed</SimpleData>
                        <SimpleData name="first_year">2003-06-27</SimpleData>
                        <SimpleData name="last_year">2010-12-18</SimpleData>
                        <SimpleData name="notes">&lt;small&gt;&lt;table border=1&gt;&lt;tr&gt;&lt;th&gt;instrument&lt;/th&gt;&lt;th&gt;type&lt;/th&gt;&lt;th&gt;deploy date&lt;/th&gt;&lt;th&gt;last download&lt;/th&gt;&lt;th&gt;recovery date&lt;/th&gt;&lt;th&gt;downloads&lt;/th&gt;&lt;th&gt;offset&lt;/th&gt;&lt;/tr&gt;&lt;tr&gt;&lt;td&gt;VR2&lt;/td&gt;&lt;td align=center nowrap&gt;Acoustic&lt;/td&gt;&lt;td align=center nowrap&gt;2003-06-27&lt;/td&gt;&lt;td align=center nowrap&gt;-&lt;/td&gt;&lt;td align=center nowrap&gt;2003-08-03&lt;/td&gt;&lt;td align=center nowrap&gt;-&lt;/td&gt;&lt;td align=center nowrap&gt;0.0 m&lt;/td&gt;&lt;/tr&gt;&lt;tr&gt;&lt;td&gt;VR2&lt;/td&gt;&lt;td align=center nowrap&gt;Acoustic&lt;/td&gt;&lt;td align=center nowrap&gt;2003-08-03&lt;/td&gt;&lt;td align=center nowrap&gt;-&lt;/td&gt;&lt;td align=center nowrap&gt;-&lt;/td&gt;&lt;td align=center nowrap&gt;-&lt;/td&gt;&lt;td align=center nowrap&gt;0.0 m&lt;/td&gt;&lt;/tr&gt;&lt;tr&gt;&lt;td&gt;VR2&lt;/td&gt;&lt;td align=center nowrap&gt;Acoustic&lt;/td&gt;&lt;td align=center nowrap&gt;2003-08-19&lt;/td&gt;&lt;td align=center nowrap&gt;-&lt;/td&gt;&lt;td align=center nowrap&gt;2003-11-04&lt;/td&gt;&lt;td align=center nowrap&gt;-&lt;/td&gt;&lt;td align=center nowrap&gt;0.0 m&lt;/td&gt;&lt;/tr&gt;&lt;tr&gt;&lt;td&gt;VR2&lt;/td&gt;&lt;td align=center nowrap&gt;Acoustic&lt;/td&gt;&lt;td align=center nowrap&gt;2003-11-04&lt;/td&gt;&lt;td align=center nowrap&gt;-&lt;/td&gt;&lt;td align=center nowrap&gt;2003-12-21&lt;/td&gt;&lt;td align=center nowrap&gt;-&lt;/td&gt;&lt;td align=center nowrap&gt;0.0 m&lt;/td&gt;&lt;/tr&gt;&lt;tr&gt;&lt;td&gt;VR2&lt;/td&gt;&lt;td align=center nowrap&gt;Acoustic&lt;/td&gt;&lt;td align=center nowrap&gt;2003-12-21&lt;/td&gt;&lt;td align=center nowrap&gt;-&lt;/td&gt;&lt;td align=center nowrap&gt;2004-05-28&lt;/td&gt;&lt;td align=center nowrap&gt;-&lt;/td&gt;&lt;td align=center nowrap&gt;0.0 m&lt;/td&gt;&lt;/tr&gt;&lt;tr&gt;&lt;td&gt;VR2&lt;/td&gt;&lt;td align=center nowrap&gt;Acoustic&lt;/td&gt;&lt;td align=center nowrap&gt;2004-05-31&lt;/td&gt;&lt;td align=center nowrap&gt;-&lt;/td&gt;&lt;td align=center nowrap&gt;2004-09-16&lt;/td&gt;&lt;td align=center nowrap&gt;-&lt;/td&gt;&lt;td align=center nowrap&gt;0.0 m&lt;/td&gt;&lt;/tr&gt;&lt;tr&gt;&lt;td&gt;VR2&lt;/td&gt;&lt;td align=center nowrap&gt;Acoustic&lt;/td&gt;&lt;td align=center nowrap&gt;2004-09-16&lt;/td&gt;&lt;td align=center nowrap&gt;-&lt;/td&gt;&lt;td align=center nowrap&gt;2004-12-28&lt;/td&gt;&lt;td align=center nowrap&gt;-&lt;/td&gt;&lt;td align=center nowrap&gt;0.0 m&lt;/td&gt;&lt;/tr&gt;&lt;tr&gt;&lt;td&gt;VR2&lt;/td&gt;&lt;td align=center nowrap&gt;Acoustic&lt;/td&gt;&lt;td align=center nowrap&gt;2004-12-30&lt;/td&gt;&lt;td align=center nowrap&gt;-&lt;/td&gt;&lt;td align=center nowrap&gt;2005-07-22&lt;/td&gt;&lt;td align=center nowrap&gt;-&lt;/td&gt;&lt;td align=center nowrap&gt;0.0 m&lt;/td&gt;&lt;/tr&gt;&lt;tr&gt;&lt;td&gt;VR2&lt;/td&gt;&lt;td align=center nowrap&gt;Acoustic&lt;/td&gt;&lt;td align=center nowrap&gt;2005-07-22&lt;/td&gt;&lt;td align=center nowrap&gt;-&lt;/td&gt;&lt;td align=center nowrap&gt;2006-01-09&lt;/td&gt;&lt;td align=center nowrap&gt;-&lt;/td&gt;&lt;td align=center nowrap&gt;0.0 m&lt;/td&gt;&lt;/tr&gt;&lt;tr&gt;&lt;td&gt;VR2&lt;/td&gt;&lt;td align=center nowrap&gt;Acoustic&lt;/td&gt;&lt;td align=center nowrap&gt;2006-01-09&lt;/td&gt;&lt;td align=center nowrap&gt;-&lt;/td&gt;&lt;td align=center nowrap&gt;2006-08-22&lt;/td&gt;&lt;td align=center nowrap&gt;-&lt;/td&gt;&lt;td align=center nowrap&gt;0.0 m&lt;/td&gt;&lt;/tr&gt;&lt;tr&gt;&lt;td&gt;VR2&lt;/td&gt;&lt;td align=center nowrap&gt;Acoustic&lt;/td&gt;&lt;td align=center nowrap&gt;2006-08-22&lt;/td&gt;&lt;td align=center nowrap&gt;-&lt;/td&gt;&lt;td align=center nowrap&gt;2007-04-28&lt;/td&gt;&lt;td align=center nowrap&gt;-&lt;/td&gt;&lt;td align=center nowrap&gt;0.0 m&lt;/td&gt;&lt;/tr&gt;&lt;tr&gt;&lt;td&gt;VR2&lt;/td&gt;&lt;td align=center nowrap&gt;Acoustic&lt;/td&gt;&lt;td align=center nowrap&gt;2007-04-28&lt;/td&gt;&lt;td align=center nowrap&gt;-&lt;/td&gt;&lt;td align=center nowrap&gt;2008-02-13&lt;/td&gt;&lt;td align=center nowrap&gt;-&lt;/td&gt;&lt;td align=center nowrap&gt;0.0 m&lt;/td&gt;&lt;/tr&gt;&lt;tr&gt;&lt;td&gt;VR2&lt;/td&gt;&lt;td align=center nowrap&gt;Acoustic&lt;/td&gt;&lt;td align=center nowrap&gt;2008-02-13&lt;/td&gt;&lt;td align=center nowrap&gt;-&lt;/td&gt;&lt;td align=center nowrap&gt;2008-08-17&lt;/td&gt;&lt;td align=center nowrap&gt;-&lt;/td&gt;&lt;td align=center nowrap&gt;0.0 m&lt;/td&gt;&lt;/tr&gt;&lt;tr&gt;&lt;td&gt;VR2&lt;/td&gt;&lt;td align=center nowrap&gt;Acoustic&lt;/td&gt;&lt;td align=center nowrap&gt;2008-08-17&lt;/td&gt;&lt;td align=center nowrap&gt;-&lt;/td&gt;&lt;td align=center nowrap&gt;2009-09-11&lt;/td&gt;&lt;td align=center nowrap&gt;-&lt;/td&gt;&lt;td align=center nowrap&gt;0.0 m&lt;/td&gt;&lt;/tr&gt;&lt;tr&gt;&lt;td&gt;VR2&lt;/td&gt;&lt;td align=center nowrap&gt;Acoustic&lt;/td&gt;&lt;td align=center nowrap&gt;2009-09-10&lt;/td&gt;&lt;td align=center nowrap&gt;-&lt;/td&gt;&lt;td align=center nowrap&gt;2010-12-18&lt;/td&gt;&lt;td align=center nowrap&gt;-&lt;/td&gt;&lt;td align=center nowrap&gt;0.0 m&lt;/td&gt;&lt;/tr&gt;&lt;/table&gt;&lt;/small&gt;</SimpleData>
                    </SchemaData>
                </ExtendedData>
                <Point>
                    <coordinates>-156.03168,19.66207</coordinates>
                </Point>
            </Placemark>
            <Placemark id="stations_series.fid--2e4a691_19d8297c619_-3c60">
                <ExtendedData>
                    <SchemaData schemaUrl="#stations_series_1">
                        <SimpleData name="collectioncode">PIRAT.PFRL</SimpleData>
                        <SimpleData name="seriescode">PIRAT</SimpleData>
                        <SimpleData name="ocean">MID PACIFIC</SimpleData>
                        <SimpleData name="station_name">GARDNER WEST COVE</SimpleData>
                        <SimpleData name="station_type">Acoustic</SimpleData>
                        <SimpleData name="latitude">24.99834</SimpleData>
                        <SimpleData name="longitude">-167.99982</SimpleData>
                        <SimpleData name="depth">unknown</SimpleData>
                        <SimpleData name="stationstatus">active</SimpleData>
                        <SimpleData name="stationclass">deployed</SimpleData>
                        <SimpleData name="first_year">2006-09-06</SimpleData>
                        <SimpleData name="last_year">2007-07-11</SimpleData>
                        <SimpleData name="notes">&lt;small&gt;&lt;table border=1&gt;&lt;tr&gt;&lt;th&gt;instrument&lt;/th&gt;&lt;th&gt;type&lt;/th&gt;&lt;th&gt;deploy date&lt;/th&gt;&lt;th&gt;last download&lt;/th&gt;&lt;th&gt;recovery date&lt;/th&gt;&lt;th&gt;downloads&lt;/th&gt;&lt;th&gt;offset&lt;/th&gt;&lt;/tr&gt;&lt;tr&gt;&lt;td&gt;VR2&lt;/td&gt;&lt;td align=center nowrap&gt;Acoustic&lt;/td&gt;&lt;td align=center nowrap&gt;2006-09-06&lt;/td&gt;&lt;td align=center nowrap&gt;-&lt;/td&gt;&lt;td align=center nowrap&gt;2007-07-11&lt;/td&gt;&lt;td align=center nowrap&gt;-&lt;/td&gt;&lt;td align=center nowrap&gt;0.0 m&lt;/td&gt;&lt;/tr&gt;&lt;/table&gt;&lt;/small&gt;</SimpleData>
                    </SchemaData>
                </ExtendedData>
                <Point>
                    <coordinates>-167.99982,24.99834</coordinates>
                </Point>
            </Placemark>
            <Placemark id="stations_series.fid--2e4a691_19d8297c619_-3c5f">
                <ExtendedData>
                    <SchemaData schemaUrl="#stations_series_1">
                        <SimpleData name="collectioncode">PIRAT.PFRL</SimpleData>
                        <SimpleData name="seriescode">PIRAT</SimpleData>
                        <SimpleData name="ocean">MID PACIFIC</SimpleData>
                        <SimpleData name="station_name">Pailolo</SimpleData>
                        <SimpleData name="station_type">Acoustic</SimpleData>
                        <SimpleData name="latitude">21.12643</SimpleData>
                        <SimpleData name="longitude">-156.70389</SimpleData>
                        <SimpleData name="depth">unknown</SimpleData>
                        <SimpleData name="stationstatus">active</SimpleData>
                        <SimpleData name="stationclass">deployed</SimpleData>
                        <SimpleData name="first_year">2015-06-30</SimpleData>
                        <SimpleData name="notes">&lt;small&gt;&lt;table border=1&gt;&lt;tr&gt;&lt;th&gt;instrument&lt;/th&gt;&lt;th&gt;type&lt;/th&gt;&lt;th&gt;deploy date&lt;/th&gt;&lt;th&gt;last download&lt;/th&gt;&lt;th&gt;recovery date&lt;/th&gt;&lt;th&gt;downloads&lt;/th&gt;&lt;th&gt;offset&lt;/th&gt;&lt;/tr&gt;&lt;tr&gt;&lt;td&gt;VR2W&lt;/td&gt;&lt;td align=center nowrap&gt;Acoustic&lt;/td&gt;&lt;td align=center nowrap&gt;2015-06-30&lt;/td&gt;&lt;td align=center nowrap&gt;-&lt;/td&gt;&lt;td align=center nowrap&gt;-&lt;/td&gt;&lt;td align=center nowrap&gt;-&lt;/td&gt;&lt;td align=center nowrap&gt;0.0 m&lt;/td&gt;&lt;/tr&gt;&lt;/table&gt;&lt;/small&gt;</SimpleData>
                    </SchemaData>
                </ExtendedData>
                <Point>
                    <coordinates>-156.70389,21.12643</coordinates>
                </Point>
            </Placemark>
            <Placemark id="stations_series.fid--2e4a691_19d8297c619_-3c5e">
                <ExtendedData>
                    <SchemaData schemaUrl="#stations_series_1">
                        <SimpleData name="collectioncode">PIRAT.PFRL</SimpleData>
                        <SimpleData name="seriescode">PIRAT</SimpleData>
                        <SimpleData name="ocean">MID PACIFIC</SimpleData>
                        <SimpleData name="station_name">FAD X</SimpleData>
                        <SimpleData name="station_type">Acoustic</SimpleData>
                        <SimpleData name="latitude">21.86333</SimpleData>
                        <SimpleData name="longitude">-157.99333</SimpleData>
                        <SimpleData name="depth">unknown</SimpleData>
                        <SimpleData name="stationstatus">active</SimpleData>
                        <SimpleData name="stationclass">deployed</SimpleData>
                        <SimpleData name="first_year">2008-03-13</SimpleData>
                        <SimpleData name="last_year">2011-02-02</SimpleData>
                        <SimpleData name="notes">&lt;small&gt;&lt;table border=1&gt;&lt;tr&gt;&lt;th&gt;instrument&lt;/th&gt;&lt;th&gt;type&lt;/th&gt;&lt;th&gt;deploy date&lt;/th&gt;&lt;th&gt;last download&lt;/th&gt;&lt;th&gt;recovery date&lt;/th&gt;&lt;th&gt;downloads&lt;/th&gt;&lt;th&gt;offset&lt;/th&gt;&lt;/tr&gt;&lt;tr&gt;&lt;td&gt;VR2&lt;/td&gt;&lt;td align=center nowrap&gt;Acoustic&lt;/td&gt;&lt;td align=center nowrap&gt;2008-03-13&lt;/td&gt;&lt;td align=center nowrap&gt;-&lt;/td&gt;&lt;td align=center nowrap&gt;2008-08-20&lt;/td&gt;&lt;td align=center nowrap&gt;-&lt;/td&gt;&lt;td align=center nowrap&gt;0.0 m&lt;/td&gt;&lt;/tr&gt;&lt;tr&gt;&lt;td&gt;VR2&lt;/td&gt;&lt;td align=center nowrap&gt;Acoustic&lt;/td&gt;&lt;td align=center nowrap&gt;2010-07-08&lt;/td&gt;&lt;td align=center nowrap&gt;-&lt;/td&gt;&lt;td align=center nowrap&gt;2011-02-02&lt;/td&gt;&lt;td align=center nowrap&gt;-&lt;/td&gt;&lt;td align=center nowrap&gt;0.0 m&lt;/td&gt;&lt;/tr&gt;&lt;/table&gt;&lt;/small&gt;</SimpleData>
                    </SchemaData>
                </ExtendedData>
                <Point>
                    <coordinates>-157.99333,21.86333</coordinates>
                </Point>
            </Placemark>
            <Placemark id="stations_series.fid--2e4a691_19d8297c619_-3c5d">
                <ExtendedData>
                    <SchemaData schemaUrl="#stations_series_1">
                        <SimpleData name="collectioncode">PIRAT.PFRL</SimpleData>
                        <SimpleData name="seriescode">PIRAT</SimpleData>
                        <SimpleData name="ocean">MID PACIFIC</SimpleData>
                        <SimpleData name="station_name">TURTLE PINNACLE</SimpleData>
                        <SimpleData name="station_type">Acoustic</SimpleData>
                        <SimpleData name="latitude">19.67163</SimpleData>
                        <SimpleData name="longitude">-156.03112</SimpleData>
                        <SimpleData name="depth">unknown</SimpleData>
                        <SimpleData name="stationstatus">active</SimpleData>
                        <SimpleData name="stationclass">deployed</SimpleData>
                        <SimpleData name="first_year">2003-08-27</SimpleData>
                        <SimpleData name="last_year">2008-08-16</SimpleData>
                        <SimpleData name="notes">&lt;small&gt;&lt;table border=1&gt;&lt;tr&gt;&lt;th&gt;instrument&lt;/th&gt;&lt;th&gt;type&lt;/th&gt;&lt;th&gt;deploy date&lt;/th&gt;&lt;th&gt;last download&lt;/th&gt;&lt;th&gt;recovery date&lt;/th&gt;&lt;th&gt;downloads&lt;/th&gt;&lt;th&gt;offset&lt;/th&gt;&lt;/tr&gt;&lt;tr&gt;&lt;td&gt;VR2&lt;/td&gt;&lt;td align=center nowrap&gt;Acoustic&lt;/td&gt;&lt;td align=center nowrap&gt;2003-08-27&lt;/td&gt;&lt;td align=center nowrap&gt;-&lt;/td&gt;&lt;td align=center nowrap&gt;2003-11-04&lt;/td&gt;&lt;td align=center nowrap&gt;-&lt;/td&gt;&lt;td align=center nowrap&gt;0.0 m&lt;/td&gt;&lt;/tr&gt;&lt;tr&gt;&lt;td&gt;VR2&lt;/td&gt;&lt;td align=center nowrap&gt;Acoustic&lt;/td&gt;&lt;td align=center nowrap&gt;2003-11-04&lt;/td&gt;&lt;td align=center nowrap&gt;-&lt;/td&gt;&lt;td align=center nowrap&gt;2003-12-10&lt;/td&gt;&lt;td align=center nowrap&gt;-&lt;/td&gt;&lt;td align=center nowrap&gt;0.0 m&lt;/td&gt;&lt;/tr&gt;&lt;tr&gt;&lt;td&gt;VR2&lt;/td&gt;&lt;td align=center nowrap&gt;Acoustic&lt;/td&gt;&lt;td align=center nowrap&gt;2003-12-10&lt;/td&gt;&lt;td align=center nowrap&gt;-&lt;/td&gt;&lt;td align=center nowrap&gt;2004-04-27&lt;/td&gt;&lt;td align=center nowrap&gt;-&lt;/td&gt;&lt;td align=center nowrap&gt;0.0 m&lt;/td&gt;&lt;/tr&gt;&lt;tr&gt;&lt;td&gt;VR2&lt;/td&gt;&lt;td align=center nowrap&gt;Acoustic&lt;/td&gt;&lt;td align=center nowrap&gt;2004-04-27&lt;/td&gt;&lt;td align=center nowrap&gt;-&lt;/td&gt;&lt;td align=center nowrap&gt;2004-05-29&lt;/td&gt;&lt;td align=center nowrap&gt;-&lt;/td&gt;&lt;td align=center nowrap&gt;0.0 m&lt;/td&gt;&lt;/tr&gt;&lt;tr&gt;&lt;td&gt;VR2&lt;/td&gt;&lt;td align=center nowrap&gt;Acoustic&lt;/td&gt;&lt;td align=center nowrap&gt;2004-05-29&lt;/td&gt;&lt;td align=center nowrap&gt;-&lt;/td&gt;&lt;td align=center nowrap&gt;2004-07-27&lt;/td&gt;&lt;td align=center nowrap&gt;-&lt;/td&gt;&lt;td align=center nowrap&gt;0.0 m&lt;/td&gt;&lt;/tr&gt;&lt;tr&gt;&lt;td&gt;VR2&lt;/td&gt;&lt;td align=center nowrap&gt;Acoustic&lt;/td&gt;&lt;td align=center nowrap&gt;2004-07-28&lt;/td&gt;&lt;td align=center nowrap&gt;-&lt;/td&gt;&lt;td align=center nowrap&gt;2004-09-04&lt;/td&gt;&lt;td align=center nowrap&gt;-&lt;/td&gt;&lt;td align=center nowrap&gt;0.0 m&lt;/td&gt;&lt;/tr&gt;&lt;tr&gt;&lt;td&gt;VR2&lt;/td&gt;&lt;td align=center nowrap&gt;Acoustic&lt;/td&gt;&lt;td align=center nowrap&gt;2004-09-04&lt;/td&gt;&lt;td align=center nowrap&gt;-&lt;/td&gt;&lt;td align=center nowrap&gt;2004-12-22&lt;/td&gt;&lt;td align=center nowrap&gt;-&lt;/td&gt;&lt;td align=center nowrap&gt;0.0 m&lt;/td&gt;&lt;/tr&gt;&lt;tr&gt;&lt;td&gt;VR2&lt;/td&gt;&lt;td align=center nowrap&gt;Acoustic&lt;/td&gt;&lt;td align=center nowrap&gt;2004-12-28&lt;/td&gt;&lt;td align=center nowrap&gt;-&lt;/td&gt;&lt;td align=center nowrap&gt;2005-07-24&lt;/td&gt;&lt;td align=center nowrap&gt;-&lt;/td&gt;&lt;td align=center nowrap&gt;0.0 m&lt;/td&gt;&lt;/tr&gt;&lt;tr&gt;&lt;td&gt;VR2&lt;/td&gt;&lt;td align=center nowrap&gt;Acoustic&lt;/td&gt;&lt;td align=center nowrap&gt;2005-07-24&lt;/td&gt;&lt;td align=center nowrap&gt;-&lt;/td&gt;&lt;td align=center nowrap&gt;2006-01-06&lt;/td&gt;&lt;td align=center nowrap&gt;-&lt;/td&gt;&lt;td align=center nowrap&gt;0.0 m&lt;/td&gt;&lt;/tr&gt;&lt;tr&gt;&lt;td&gt;VR2&lt;/td&gt;&lt;td align=center nowrap&gt;Acoustic&lt;/td&gt;&lt;td align=center nowrap&gt;2006-01-06&lt;/td&gt;&lt;td align=center nowrap&gt;-&lt;/td&gt;&lt;td align=center nowrap&gt;2006-08-22&lt;/td&gt;&lt;td align=center nowrap&gt;-&lt;/td&gt;&lt;td align=center nowrap&gt;0.0 m&lt;/td&gt;&lt;/tr&gt;&lt;tr&gt;&lt;td&gt;VR2&lt;/td&gt;&lt;td align=center nowrap&gt;Acoustic&lt;/td&gt;&lt;td align=center nowrap&gt;2006-08-22&lt;/td&gt;&lt;td align=center nowrap&gt;-&lt;/td&gt;&lt;td align=center nowrap&gt;2007-04-28&lt;/td&gt;&lt;td align=center nowrap&gt;-&lt;/td&gt;&lt;td align=center nowrap&gt;0.0 m&lt;/td&gt;&lt;/tr&gt;&lt;tr&gt;&lt;td&gt;VR2&lt;/td&gt;&lt;td align=center nowrap&gt;Acoustic&lt;/td&gt;&lt;td align=center nowrap&gt;2007-04-28&lt;/td&gt;&lt;td align=center nowrap&gt;-&lt;/td&gt;&lt;td align=center nowrap&gt;2008-02-13&lt;/td&gt;&lt;td align=center nowrap&gt;-&lt;/td&gt;&lt;td align=center nowrap&gt;0.0 m&lt;/td&gt;&lt;/tr&gt;&lt;tr&gt;&lt;td&gt;VR2&lt;/td&gt;&lt;td align=center nowrap&gt;Acoustic&lt;/td&gt;&lt;td align=center nowrap&gt;2008-02-13&lt;/td&gt;&lt;td align=center nowrap&gt;-&lt;/td&gt;&lt;td align=center nowrap&gt;2008-08-16&lt;/td&gt;&lt;td align=center nowrap&gt;-&lt;/td&gt;&lt;td align=center nowrap&gt;0.0 m&lt;/td&gt;&lt;/tr&gt;&lt;/table&gt;&lt;/small&gt;</SimpleData>
                    </SchemaData>
                </ExtendedData>
                <Point>
                    <coordinates>-156.03112,19.67163</coordinates>
                </Point>
            </Placemark>
            <Placemark id="stations_series.fid--2e4a691_19d8297c619_-3c5c">
                <ExtendedData>
                    <SchemaData schemaUrl="#stations_series_1">
                        <SimpleData name="collectioncode">PIRAT.PFRL</SimpleData>
                        <SimpleData name="seriescode">PIRAT</SimpleData>
                        <SimpleData name="ocean">MID PACIFIC</SimpleData>
                        <SimpleData name="station_name">Kaneohe Bay North Channel GR5</SimpleData>
                        <SimpleData name="station_type">Acoustic</SimpleData>
                        <SimpleData name="latitude">21.49908</SimpleData>
                        <SimpleData name="longitude">-157.82785</SimpleData>
                        <SimpleData name="depth">unknown</SimpleData>
                        <SimpleData name="stationstatus">active</SimpleData>
                        <SimpleData name="stationclass">deployed</SimpleData>
                        <SimpleData name="first_year">2011-08-03</SimpleData>
                        <SimpleData name="last_year">2021-10-03</SimpleData>
                        <SimpleData name="notes">&lt;small&gt;&lt;table border=1&gt;&lt;tr&gt;&lt;th&gt;instrument&lt;/th&gt;&lt;th&gt;type&lt;/th&gt;&lt;th&gt;deploy date&lt;/th&gt;&lt;th&gt;last download&lt;/th&gt;&lt;th&gt;recovery date&lt;/th&gt;&lt;th&gt;downloads&lt;/th&gt;&lt;th&gt;offset&lt;/th&gt;&lt;/tr&gt;&lt;tr&gt;&lt;td&gt;VR2W&lt;/td&gt;&lt;td align=center nowrap&gt;Acoustic&lt;/td&gt;&lt;td align=center nowrap&gt;2011-08-03&lt;/td&gt;&lt;td align=center nowrap&gt;-&lt;/td&gt;&lt;td align=center nowrap&gt;2012-01-12&lt;/td&gt;&lt;td align=center nowrap&gt;-&lt;/td&gt;&lt;td align=center nowrap&gt;0.0 m&lt;/td&gt;&lt;/tr&gt;&lt;tr&gt;&lt;td&gt;VR2W&lt;/td&gt;&lt;td align=center nowrap&gt;Acoustic&lt;/td&gt;&lt;td align=center nowrap&gt;2012-01-12&lt;/td&gt;&lt;td align=center nowrap&gt;-&lt;/td&gt;&lt;td align=center nowrap&gt;2012-08-28&lt;/td&gt;&lt;td align=center nowrap&gt;-&lt;/td&gt;&lt;td align=center nowrap&gt;0.0 m&lt;/td&gt;&lt;/tr&gt;&lt;tr&gt;&lt;td&gt;VR2W&lt;/td&gt;&lt;td align=center nowrap&gt;Acoustic&lt;/td&gt;&lt;td align=center nowrap&gt;2012-08-27&lt;/td&gt;&lt;td align=center nowrap&gt;2017-05-02&lt;/td&gt;&lt;td align=center nowrap&gt;2013-07-06&lt;/td&gt;&lt;td align=center nowrap&gt;2&lt;/td&gt;&lt;td align=center nowrap&gt;0.0 m&lt;/td&gt;&lt;/tr&gt;&lt;tr&gt;&lt;td&gt;VR2W&lt;/td&gt;&lt;td align=center nowrap&gt;Acoustic&lt;/td&gt;&lt;td align=center nowrap&gt;2013-07-05&lt;/td&gt;&lt;td align=center nowrap&gt;2016-09-14&lt;/td&gt;&lt;td align=center nowrap&gt;2016-08-29&lt;/td&gt;&lt;td align=center nowrap&gt;1&lt;/td&gt;&lt;td align=center nowrap&gt;0.0 m&lt;/td&gt;&lt;/tr&gt;&lt;tr&gt;&lt;td&gt;VR2W&lt;/td&gt;&lt;td align=center nowrap&gt;Acoustic&lt;/td&gt;&lt;td align=center nowrap&gt;2016-08-29&lt;/td&gt;&lt;td align=center nowrap&gt;2017-11-07&lt;/td&gt;&lt;td align=center nowrap&gt;2017-11-07&lt;/td&gt;&lt;td align=center nowrap&gt;1&lt;/td&gt;&lt;td align=center nowrap&gt;0.0 m&lt;/td&gt;&lt;/tr&gt;&lt;tr&gt;&lt;td&gt;VR2W&lt;/td&gt;&lt;td align=center nowrap&gt;Acoustic&lt;/td&gt;&lt;td align=center nowrap&gt;2017-11-07&lt;/td&gt;&lt;td align=center nowrap&gt;2018-09-20&lt;/td&gt;&lt;td align=center nowrap&gt;2018-09-19&lt;/td&gt;&lt;td align=center nowrap&gt;1&lt;/td&gt;&lt;td align=center nowrap&gt;0.0 m&lt;/td&gt;&lt;/tr&gt;&lt;tr&gt;&lt;td&gt;VR2W&lt;/td&gt;&lt;td align=center nowrap&gt;Acoustic&lt;/td&gt;&lt;td align=center nowrap&gt;2018-09-19&lt;/td&gt;&lt;td align=center nowrap&gt;2019-11-28&lt;/td&gt;&lt;td align=center nowrap&gt;2019-11-27&lt;/td&gt;&lt;td align=center nowrap&gt;1&lt;/td&gt;&lt;td align=center nowrap&gt;0.0 m&lt;/td&gt;&lt;/tr&gt;&lt;tr&gt;&lt;td&gt;VR2W&lt;/td&gt;&lt;td align=center nowrap&gt;Acoustic&lt;/td&gt;&lt;td align=center nowrap&gt;2019-11-27&lt;/td&gt;&lt;td align=center nowrap&gt;2020-09-02&lt;/td&gt;&lt;td align=center nowrap&gt;2020-09-01&lt;/td&gt;&lt;td align=center nowrap&gt;1&lt;/td&gt;&lt;td align=center nowrap&gt;0.0 m&lt;/td&gt;&lt;/tr&gt;&lt;tr&gt;&lt;td&gt;VR2W&lt;/td&gt;&lt;td align=center nowrap&gt;Acoustic&lt;/td&gt;&lt;td align=center nowrap&gt;2020-01-09&lt;/td&gt;&lt;td align=center nowrap&gt;2021-10-05&lt;/td&gt;&lt;td align=center nowrap&gt;2021-10-03&lt;/td&gt;&lt;td align=center nowrap&gt;1&lt;/td&gt;&lt;td align=center nowrap&gt;0.0 m&lt;/td&gt;&lt;/tr&gt;&lt;/table&gt;&lt;/small&gt;</SimpleData>
                    </SchemaData>
                </ExtendedData>
                <Point>
                    <coordinates>-157.82785,21.49908</coordinates>
                </Point>
            </Placemark>
            <Placemark id="stations_series.fid--2e4a691_19d8297c619_-3c5b">
                <ExtendedData>
                    <SchemaData schemaUrl="#stations_series_1">
                        <SimpleData name="collectioncode">PIRAT.PFRL</SimpleData>
                        <SimpleData name="seriescode">PIRAT</SimpleData>
                        <SimpleData name="ocean">MID PACIFIC</SimpleData>
                        <SimpleData name="station_name">KEAHOLE POINT</SimpleData>
                        <SimpleData name="station_type">Acoustic</SimpleData>
                        <SimpleData name="latitude">19.72</SimpleData>
                        <SimpleData name="longitude">-156.06</SimpleData>
                        <SimpleData name="depth">unknown</SimpleData>
                        <SimpleData name="stationstatus">active</SimpleData>
                        <SimpleData name="stationclass">deployed</SimpleData>
                        <SimpleData name="first_year">2004-01-06</SimpleData>
                        <SimpleData name="notes">&lt;small&gt;&lt;table border=1&gt;&lt;tr&gt;&lt;th&gt;instrument&lt;/th&gt;&lt;th&gt;type&lt;/th&gt;&lt;th&gt;deploy date&lt;/th&gt;&lt;th&gt;last download&lt;/th&gt;&lt;th&gt;recovery date&lt;/th&gt;&lt;th&gt;downloads&lt;/th&gt;&lt;th&gt;offset&lt;/th&gt;&lt;/tr&gt;&lt;tr&gt;&lt;td&gt;VR2&lt;/td&gt;&lt;td align=center nowrap&gt;Acoustic&lt;/td&gt;&lt;td align=center nowrap&gt;2004-01-06&lt;/td&gt;&lt;td align=center nowrap&gt;-&lt;/td&gt;&lt;td align=center nowrap&gt;2004-06-01&lt;/td&gt;&lt;td align=center nowrap&gt;-&lt;/td&gt;&lt;td align=center nowrap&gt;0.0 m&lt;/td&gt;&lt;/tr&gt;&lt;tr&gt;&lt;td&gt;VR2&lt;/td&gt;&lt;td align=center nowrap&gt;Acoustic&lt;/td&gt;&lt;td align=center nowrap&gt;2004-06-01&lt;/td&gt;&lt;td align=center nowrap&gt;-&lt;/td&gt;&lt;td align=center nowrap&gt;2004-12-30&lt;/td&gt;&lt;td align=center nowrap&gt;-&lt;/td&gt;&lt;td align=center nowrap&gt;0.0 m&lt;/td&gt;&lt;/tr&gt;&lt;tr&gt;&lt;td&gt;VR2&lt;/td&gt;&lt;td align=center nowrap&gt;Acoustic&lt;/td&gt;&lt;td align=center nowrap&gt;2004-12-30&lt;/td&gt;&lt;td align=center nowrap&gt;-&lt;/td&gt;&lt;td align=center nowrap&gt;2004-12-31&lt;/td&gt;&lt;td align=center nowrap&gt;-&lt;/td&gt;&lt;td align=center nowrap&gt;0.0 m&lt;/td&gt;&lt;/tr&gt;&lt;tr&gt;&lt;td&gt;VR2&lt;/td&gt;&lt;td align=center nowrap&gt;Acoustic&lt;/td&gt;&lt;td align=center nowrap&gt;2004-12-31&lt;/td&gt;&lt;td align=center nowrap&gt;-&lt;/td&gt;&lt;td align=center nowrap&gt;2005-07-26&lt;/td&gt;&lt;td align=center nowrap&gt;-&lt;/td&gt;&lt;td align=center nowrap&gt;0.0 m&lt;/td&gt;&lt;/tr&gt;&lt;tr&gt;&lt;td&gt;VR2&lt;/td&gt;&lt;td align=center nowrap&gt;Acoustic&lt;/td&gt;&lt;td align=center nowrap&gt;2005-07-26&lt;/td&gt;&lt;td align=center nowrap&gt;-&lt;/td&gt;&lt;td align=center nowrap&gt;-&lt;/td&gt;&lt;td align=center nowrap&gt;-&lt;/td&gt;&lt;td align=center nowrap&gt;0.0 m&lt;/td&gt;&lt;/tr&gt;&lt;/table&gt;&lt;/small&gt;</SimpleData>
                    </SchemaData>
                </ExtendedData>
                <Point>
                    <coordinates>-156.06,19.72</coordinates>
                </Point>
            </Placemark>
            <Placemark id="stations_series.fid--2e4a691_19d8297c619_-3c5a">
                <ExtendedData>
                    <SchemaData schemaUrl="#stations_series_1">
                        <SimpleData name="collectioncode">PIRAT.PFRL</SimpleData>
                        <SimpleData name="seriescode">PIRAT</SimpleData>
                        <SimpleData name="ocean">MID PACIFIC</SimpleData>
                        <SimpleData name="station_name">Kahului Mid</SimpleData>
                        <SimpleData name="station_type">Acoustic</SimpleData>
                        <SimpleData name="latitude">20.92818</SimpleData>
                        <SimpleData name="longitude">-156.45049</SimpleData>
                        <SimpleData name="depth">unknown</SimpleData>
                        <SimpleData name="stationstatus">active</SimpleData>
                        <SimpleData name="stationclass">deployed</SimpleData>
                        <SimpleData name="first_year">2014-01-15</SimpleData>
                        <SimpleData name="last_year">2019-04-08</SimpleData>
                        <SimpleData name="notes">&lt;small&gt;&lt;table border=1&gt;&lt;tr&gt;&lt;th&gt;instrument&lt;/th&gt;&lt;th&gt;type&lt;/th&gt;&lt;th&gt;deploy date&lt;/th&gt;&lt;th&gt;last download&lt;/th&gt;&lt;th&gt;recovery date&lt;/th&gt;&lt;th&gt;downloads&lt;/th&gt;&lt;th&gt;offset&lt;/th&gt;&lt;/tr&gt;&lt;tr&gt;&lt;td&gt;VR2W&lt;/td&gt;&lt;td align=center nowrap&gt;Acoustic&lt;/td&gt;&lt;td align=center nowrap&gt;2014-01-15&lt;/td&gt;&lt;td align=center nowrap&gt;2015-04-27&lt;/td&gt;&lt;td align=center nowrap&gt;2015-04-26&lt;/td&gt;&lt;td align=center nowrap&gt;1&lt;/td&gt;&lt;td align=center nowrap&gt;0.0 m&lt;/td&gt;&lt;/tr&gt;&lt;tr&gt;&lt;td&gt;VR2W&lt;/td&gt;&lt;td align=center nowrap&gt;Acoustic&lt;/td&gt;&lt;td align=center nowrap&gt;2018-01-25&lt;/td&gt;&lt;td align=center nowrap&gt;-&lt;/td&gt;&lt;td align=center nowrap&gt;2019-04-08&lt;/td&gt;&lt;td align=center nowrap&gt;-&lt;/td&gt;&lt;td align=center nowrap&gt;57.3 m&lt;/td&gt;&lt;/tr&gt;&lt;/table&gt;&lt;/small&gt;</SimpleData>
                    </SchemaData>
                </ExtendedData>
                <Point>
                    <coordinates>-156.45049,20.92818</coordinates>
                </Point>
            </Placemark>
            <Placemark id="stations_series.fid--2e4a691_19d8297c619_-3c59">
                <ExtendedData>
                    <SchemaData schemaUrl="#stations_series_1">
                        <SimpleData name="collectioncode">PIRAT.PFRL</SimpleData>
                        <SimpleData name="seriescode">PIRAT</SimpleData>
                        <SimpleData name="ocean">MID PACIFIC</SimpleData>
                        <SimpleData name="station_name">FRANK PARRISH MAUI RAY</SimpleData>
                        <SimpleData name="station_type">Acoustic</SimpleData>
                        <SimpleData name="latitude">20.80608</SimpleData>
                        <SimpleData name="longitude">-156.6497</SimpleData>
                        <SimpleData name="depth">unknown</SimpleData>
                        <SimpleData name="stationstatus">active</SimpleData>
                        <SimpleData name="stationclass">deployed</SimpleData>
                        <SimpleData name="first_year">2009-07-30</SimpleData>
                        <SimpleData name="last_year">2010-07-08</SimpleData>
                        <SimpleData name="notes">&lt;small&gt;&lt;table border=1&gt;&lt;tr&gt;&lt;th&gt;instrument&lt;/th&gt;&lt;th&gt;type&lt;/th&gt;&lt;th&gt;deploy date&lt;/th&gt;&lt;th&gt;last download&lt;/th&gt;&lt;th&gt;recovery date&lt;/th&gt;&lt;th&gt;downloads&lt;/th&gt;&lt;th&gt;offset&lt;/th&gt;&lt;/tr&gt;&lt;tr&gt;&lt;td&gt;VR2&lt;/td&gt;&lt;td align=center nowrap&gt;Acoustic&lt;/td&gt;&lt;td align=center nowrap&gt;2009-07-30&lt;/td&gt;&lt;td align=center nowrap&gt;-&lt;/td&gt;&lt;td align=center nowrap&gt;2010-07-08&lt;/td&gt;&lt;td align=center nowrap&gt;-&lt;/td&gt;&lt;td align=center nowrap&gt;0.0 m&lt;/td&gt;&lt;/tr&gt;&lt;/table&gt;&lt;/small&gt;</SimpleData>
                    </SchemaData>
                </ExtendedData>
                <Point>
                    <coordinates>-156.6497,20.80608</coordinates>
                </Point>
            </Placemark>
            <Placemark id="stations_series.fid--2e4a691_19d8297c619_-3c58">
                <ExtendedData>
                    <SchemaData schemaUrl="#stations_series_1">
                        <SimpleData name="collectioncode">PIRAT.PFRL</SimpleData>
                        <SimpleData name="seriescode">PIRAT</SimpleData>
                        <SimpleData name="ocean">MID PACIFIC</SimpleData>
                        <SimpleData name="station_name">FFS Rapture Meso</SimpleData>
                        <SimpleData name="station_type">Acoustic</SimpleData>
                        <SimpleData name="latitude">23.63033</SimpleData>
                        <SimpleData name="longitude">-166.18883</SimpleData>
                        <SimpleData name="depth">unknown</SimpleData>
                        <SimpleData name="stationstatus">active</SimpleData>
                        <SimpleData name="stationclass">deployed</SimpleData>
                        <SimpleData name="first_year">2014-09-11</SimpleData>
                        <SimpleData name="last_year">2016-06-12</SimpleData>
                        <SimpleData name="notes">&lt;small&gt;&lt;table border=1&gt;&lt;tr&gt;&lt;th&gt;instrument&lt;/th&gt;&lt;th&gt;type&lt;/th&gt;&lt;th&gt;deploy date&lt;/th&gt;&lt;th&gt;last download&lt;/th&gt;&lt;th&gt;recovery date&lt;/th&gt;&lt;th&gt;downloads&lt;/th&gt;&lt;th&gt;offset&lt;/th&gt;&lt;/tr&gt;&lt;tr&gt;&lt;td&gt;VR2W&lt;/td&gt;&lt;td align=center nowrap&gt;Acoustic&lt;/td&gt;&lt;td align=center nowrap&gt;2014-09-11&lt;/td&gt;&lt;td align=center nowrap&gt;-&lt;/td&gt;&lt;td align=center nowrap&gt;-&lt;/td&gt;&lt;td align=center nowrap&gt;-&lt;/td&gt;&lt;td align=center nowrap&gt;0.0 m&lt;/td&gt;&lt;/tr&gt;&lt;tr&gt;&lt;td&gt;VR2W&lt;/td&gt;&lt;td align=center nowrap&gt;Acoustic&lt;/td&gt;&lt;td align=center nowrap&gt;2015-09-07&lt;/td&gt;&lt;td align=center nowrap&gt;-&lt;/td&gt;&lt;td align=center nowrap&gt;2016-06-12&lt;/td&gt;&lt;td align=center nowrap&gt;-&lt;/td&gt;&lt;td align=center nowrap&gt;49.0 m&lt;/td&gt;&lt;/tr&gt;&lt;/table&gt;&lt;/small&gt;</SimpleData>
                    </SchemaData>
                </ExtendedData>
                <Point>
                    <coordinates>-166.18883,23.63033</coordinates>
                </Point>
            </Placemark>
            <Placemark id="stations_series.fid--2e4a691_19d8297c619_-3c57">
                <ExtendedData>
                    <SchemaData schemaUrl="#stations_series_1">
                        <SimpleData name="collectioncode">PIRAT.PFRL</SimpleData>
                        <SimpleData name="seriescode">PIRAT</SimpleData>
                        <SimpleData name="ocean">MID PACIFIC</SimpleData>
                        <SimpleData name="station_name">FFS SE OF LA PEROUSE</SimpleData>
                        <SimpleData name="station_type">Acoustic</SimpleData>
                        <SimpleData name="latitude">23.74926</SimpleData>
                        <SimpleData name="longitude">-166.21773</SimpleData>
                        <SimpleData name="depth">unknown</SimpleData>
                        <SimpleData name="stationstatus">active</SimpleData>
                        <SimpleData name="stationclass">deployed</SimpleData>
                        <SimpleData name="first_year">2009-07-01</SimpleData>
                        <SimpleData name="last_year">2019-07-18</SimpleData>
                        <SimpleData name="notes">&lt;small&gt;&lt;table border=1&gt;&lt;tr&gt;&lt;th&gt;instrument&lt;/th&gt;&lt;th&gt;type&lt;/th&gt;&lt;th&gt;deploy date&lt;/th&gt;&lt;th&gt;last download&lt;/th&gt;&lt;th&gt;recovery date&lt;/th&gt;&lt;th&gt;downloads&lt;/th&gt;&lt;th&gt;offset&lt;/th&gt;&lt;/tr&gt;&lt;tr&gt;&lt;td&gt;VR2W&lt;/td&gt;&lt;td align=center nowrap&gt;Acoustic&lt;/td&gt;&lt;td align=center nowrap&gt;2009-07-01&lt;/td&gt;&lt;td align=center nowrap&gt;-&lt;/td&gt;&lt;td align=center nowrap&gt;2010-05-14&lt;/td&gt;&lt;td align=center nowrap&gt;-&lt;/td&gt;&lt;td align=center nowrap&gt;0.0 m&lt;/td&gt;&lt;/tr&gt;&lt;tr&gt;&lt;td&gt;VR2W&lt;/td&gt;&lt;td align=center nowrap&gt;Acoustic&lt;/td&gt;&lt;td align=center nowrap&gt;2010-05-14&lt;/td&gt;&lt;td align=center nowrap&gt;-&lt;/td&gt;&lt;td align=center nowrap&gt;2011-09-19&lt;/td&gt;&lt;td align=center nowrap&gt;-&lt;/td&gt;&lt;td align=center nowrap&gt;0.0 m&lt;/td&gt;&lt;/tr&gt;&lt;tr&gt;&lt;td&gt;VR2W&lt;/td&gt;&lt;td align=center nowrap&gt;Acoustic&lt;/td&gt;&lt;td align=center nowrap&gt;2011-09-19&lt;/td&gt;&lt;td align=center nowrap&gt;-&lt;/td&gt;&lt;td align=center nowrap&gt;2012-07-09&lt;/td&gt;&lt;td align=center nowrap&gt;-&lt;/td&gt;&lt;td align=center nowrap&gt;0.0 m&lt;/td&gt;&lt;/tr&gt;&lt;tr&gt;&lt;td&gt;VR2W&lt;/td&gt;&lt;td align=center nowrap&gt;Acoustic&lt;/td&gt;&lt;td align=center nowrap&gt;2012-07-09&lt;/td&gt;&lt;td align=center nowrap&gt;2013-06-13&lt;/td&gt;&lt;td align=center nowrap&gt;2013-05-20&lt;/td&gt;&lt;td align=center nowrap&gt;1&lt;/td&gt;&lt;td align=center nowrap&gt;0.0 m&lt;/td&gt;&lt;/tr&gt;&lt;tr&gt;&lt;td&gt;VR2W&lt;/td&gt;&lt;td align=center nowrap&gt;Acoustic&lt;/td&gt;&lt;td align=center nowrap&gt;2013-05-21&lt;/td&gt;&lt;td align=center nowrap&gt;-&lt;/td&gt;&lt;td align=center nowrap&gt;2014-09-11&lt;/td&gt;&lt;td align=center nowrap&gt;-&lt;/td&gt;&lt;td align=center nowrap&gt;0.0 m&lt;/td&gt;&lt;/tr&gt;&lt;tr&gt;&lt;td&gt;VR2W&lt;/td&gt;&lt;td align=center nowrap&gt;Acoustic&lt;/td&gt;&lt;td align=center nowrap&gt;2014-09-11&lt;/td&gt;&lt;td align=center nowrap&gt;2016-05-28&lt;/td&gt;&lt;td align=center nowrap&gt;2016-05-27&lt;/td&gt;&lt;td align=center nowrap&gt;1&lt;/td&gt;&lt;td align=center nowrap&gt;0.0 m&lt;/td&gt;&lt;/tr&gt;&lt;tr&gt;&lt;td&gt;VR2W&lt;/td&gt;&lt;td align=center nowrap&gt;Acoustic&lt;/td&gt;&lt;td align=center nowrap&gt;2016-05-27&lt;/td&gt;&lt;td align=center nowrap&gt;2017-10-30&lt;/td&gt;&lt;td align=center nowrap&gt;2017-09-09&lt;/td&gt;&lt;td align=center nowrap&gt;1&lt;/td&gt;&lt;td align=center nowrap&gt;0.0 m&lt;/td&gt;&lt;/tr&gt;&lt;tr&gt;&lt;td&gt;VR2W&lt;/td&gt;&lt;td align=center nowrap&gt;Acoustic&lt;/td&gt;&lt;td align=center nowrap&gt;2017-09-09&lt;/td&gt;&lt;td align=center nowrap&gt;-&lt;/td&gt;&lt;td align=center nowrap&gt;2019-07-18&lt;/td&gt;&lt;td align=center nowrap&gt;-&lt;/td&gt;&lt;td align=center nowrap&gt;0.0 m&lt;/td&gt;&lt;/tr&gt;&lt;/table&gt;&lt;/small&gt;</SimpleData>
                    </SchemaData>
                </ExtendedData>
                <Point>
                    <coordinates>-166.21773,23.74926</coordinates>
                </Point>
            </Placemark>
            <Placemark id="stations_series.fid--2e4a691_19d8297c619_-3c56">
                <ExtendedData>
                    <SchemaData schemaUrl="#stations_series_1">
                        <SimpleData name="collectioncode">PIRAT.PFRL</SimpleData>
                        <SimpleData name="seriescode">PIRAT</SimpleData>
                        <SimpleData name="ocean">MID PACIFIC</SimpleData>
                        <SimpleData name="station_name">KIHOLO BAY</SimpleData>
                        <SimpleData name="station_type">Acoustic</SimpleData>
                        <SimpleData name="latitude">19.87322</SimpleData>
                        <SimpleData name="longitude">-155.92272</SimpleData>
                        <SimpleData name="depth">unknown</SimpleData>
                        <SimpleData name="stationstatus">active</SimpleData>
                        <SimpleData name="stationclass">deployed</SimpleData>
                        <SimpleData name="first_year">2003-12-30</SimpleData>
                        <SimpleData name="last_year">2012-03-20</SimpleData>
                        <SimpleData name="notes">&lt;small&gt;&lt;table border=1&gt;&lt;tr&gt;&lt;th&gt;instrument&lt;/th&gt;&lt;th&gt;type&lt;/th&gt;&lt;th&gt;deploy date&lt;/th&gt;&lt;th&gt;last download&lt;/th&gt;&lt;th&gt;recovery date&lt;/th&gt;&lt;th&gt;downloads&lt;/th&gt;&lt;th&gt;offset&lt;/th&gt;&lt;/tr&gt;&lt;tr&gt;&lt;td&gt;VR2&lt;/td&gt;&lt;td align=center nowrap&gt;Acoustic&lt;/td&gt;&lt;td align=center nowrap&gt;2003-12-30&lt;/td&gt;&lt;td align=center nowrap&gt;-&lt;/td&gt;&lt;td align=center nowrap&gt;2005-01-05&lt;/td&gt;&lt;td align=center nowrap&gt;-&lt;/td&gt;&lt;td align=center nowrap&gt;0.0 m&lt;/td&gt;&lt;/tr&gt;&lt;tr&gt;&lt;td&gt;VR2&lt;/td&gt;&lt;td align=center nowrap&gt;Acoustic&lt;/td&gt;&lt;td align=center nowrap&gt;2005-01-05&lt;/td&gt;&lt;td align=center nowrap&gt;-&lt;/td&gt;&lt;td align=center nowrap&gt;2005-07-26&lt;/td&gt;&lt;td align=center nowrap&gt;-&lt;/td&gt;&lt;td align=center nowrap&gt;0.0 m&lt;/td&gt;&lt;/tr&gt;&lt;tr&gt;&lt;td&gt;VR2&lt;/td&gt;&lt;td align=center nowrap&gt;Acoustic&lt;/td&gt;&lt;td align=center nowrap&gt;2005-07-26&lt;/td&gt;&lt;td align=center nowrap&gt;-&lt;/td&gt;&lt;td align=center nowrap&gt;2006-01-05&lt;/td&gt;&lt;td align=center nowrap&gt;-&lt;/td&gt;&lt;td align=center nowrap&gt;0.0 m&lt;/td&gt;&lt;/tr&gt;&lt;tr&gt;&lt;td&gt;VR2&lt;/td&gt;&lt;td align=center nowrap&gt;Acoustic&lt;/td&gt;&lt;td align=center nowrap&gt;2006-01-05&lt;/td&gt;&lt;td align=center nowrap&gt;-&lt;/td&gt;&lt;td align=center nowrap&gt;2006-09-05&lt;/td&gt;&lt;td align=center nowrap&gt;-&lt;/td&gt;&lt;td align=center nowrap&gt;0.0 m&lt;/td&gt;&lt;/tr&gt;&lt;tr&gt;&lt;td&gt;VR2&lt;/td&gt;&lt;td align=center nowrap&gt;Acoustic&lt;/td&gt;&lt;td align=center nowrap&gt;2006-09-05&lt;/td&gt;&lt;td align=center nowrap&gt;-&lt;/td&gt;&lt;td align=center nowrap&gt;2007-06-18&lt;/td&gt;&lt;td align=center nowrap&gt;-&lt;/td&gt;&lt;td align=center nowrap&gt;0.0 m&lt;/td&gt;&lt;/tr&gt;&lt;tr&gt;&lt;td&gt;VR2&lt;/td&gt;&lt;td align=center nowrap&gt;Acoustic&lt;/td&gt;&lt;td align=center nowrap&gt;2007-06-18&lt;/td&gt;&lt;td align=center nowrap&gt;-&lt;/td&gt;&lt;td align=center nowrap&gt;2008-02-15&lt;/td&gt;&lt;td align=center nowrap&gt;-&lt;/td&gt;&lt;td align=center nowrap&gt;0.0 m&lt;/td&gt;&lt;/tr&gt;&lt;tr&gt;&lt;td&gt;VR2&lt;/td&gt;&lt;td align=center nowrap&gt;Acoustic&lt;/td&gt;&lt;td align=center nowrap&gt;2008-02-15&lt;/td&gt;&lt;td align=center nowrap&gt;-&lt;/td&gt;&lt;td align=center nowrap&gt;2008-08-19&lt;/td&gt;&lt;td align=center nowrap&gt;-&lt;/td&gt;&lt;td align=center nowrap&gt;0.0 m&lt;/td&gt;&lt;/tr&gt;&lt;tr&gt;&lt;td&gt;VR2&lt;/td&gt;&lt;td align=center nowrap&gt;Acoustic&lt;/td&gt;&lt;td align=center nowrap&gt;2008-08-19&lt;/td&gt;&lt;td align=center nowrap&gt;-&lt;/td&gt;&lt;td align=center nowrap&gt;2009-09-10&lt;/td&gt;&lt;td align=center nowrap&gt;-&lt;/td&gt;&lt;td align=center nowrap&gt;0.0 m&lt;/td&gt;&lt;/tr&gt;&lt;tr&gt;&lt;td&gt;VR2&lt;/td&gt;&lt;td align=center nowrap&gt;Acoustic&lt;/td&gt;&lt;td align=center nowrap&gt;2009-09-10&lt;/td&gt;&lt;td align=center nowrap&gt;-&lt;/td&gt;&lt;td align=center nowrap&gt;2010-12-17&lt;/td&gt;&lt;td align=center nowrap&gt;-&lt;/td&gt;&lt;td align=center nowrap&gt;0.0 m&lt;/td&gt;&lt;/tr&gt;&lt;tr&gt;&lt;td&gt;VR2W&lt;/td&gt;&lt;td align=center nowrap&gt;Acoustic&lt;/td&gt;&lt;td align=center nowrap&gt;2010-12-17&lt;/td&gt;&lt;td align=center nowrap&gt;-&lt;/td&gt;&lt;td align=center nowrap&gt;2012-03-20&lt;/td&gt;&lt;td align=center nowrap&gt;-&lt;/td&gt;&lt;td align=center nowrap&gt;0.0 m&lt;/td&gt;&lt;/tr&gt;&lt;/table&gt;&lt;/small&gt;</SimpleData>
                    </SchemaData>
                </ExtendedData>
                <Point>
                    <coordinates>-155.92272,19.87322</coordinates>
                </Point>
            </Placemark>
            <Placemark id="stations_series.fid--2e4a691_19d8297c619_-3c55">
                <ExtendedData>
                    <SchemaData schemaUrl="#stations_series_1">
                        <SimpleData name="collectioncode">PIRAT.PFRL</SimpleData>
                        <SimpleData name="seriescode">PIRAT</SimpleData>
                        <SimpleData name="ocean">MID PACIFIC</SimpleData>
                        <SimpleData name="station_name">FFS-FFS SE MESO</SimpleData>
                        <SimpleData name="station_type">Acoustic</SimpleData>
                        <SimpleData name="latitude">23.61809</SimpleData>
                        <SimpleData name="longitude">-166.13956</SimpleData>
                        <SimpleData name="depth">unknown</SimpleData>
                        <SimpleData name="stationstatus">active</SimpleData>
                        <SimpleData name="stationclass">deployed</SimpleData>
                        <SimpleData name="first_year">2014-09-11</SimpleData>
                        <SimpleData name="notes">&lt;small&gt;&lt;table border=1&gt;&lt;tr&gt;&lt;th&gt;instrument&lt;/th&gt;&lt;th&gt;type&lt;/th&gt;&lt;th&gt;deploy date&lt;/th&gt;&lt;th&gt;last download&lt;/th&gt;&lt;th&gt;recovery date&lt;/th&gt;&lt;th&gt;downloads&lt;/th&gt;&lt;th&gt;offset&lt;/th&gt;&lt;/tr&gt;&lt;tr&gt;&lt;td&gt;VR2W&lt;/td&gt;&lt;td align=center nowrap&gt;Acoustic&lt;/td&gt;&lt;td align=center nowrap&gt;2014-09-11&lt;/td&gt;&lt;td align=center nowrap&gt;-&lt;/td&gt;&lt;td align=center nowrap&gt;-&lt;/td&gt;&lt;td align=center nowrap&gt;-&lt;/td&gt;&lt;td align=center nowrap&gt;0.0 m&lt;/td&gt;&lt;/tr&gt;&lt;/table&gt;&lt;/small&gt;</SimpleData>
                    </SchemaData>
                </ExtendedData>
                <Point>
                    <coordinates>-166.13956,23.61809</coordinates>
                </Point>
            </Placemark>
            <Placemark id="stations_series.fid--2e4a691_19d8297c619_-3c54">
                <ExtendedData>
                    <SchemaData schemaUrl="#stations_series_1">
                        <SimpleData name="collectioncode">PIRAT.PFRL</SimpleData>
                        <SimpleData name="seriescode">PIRAT</SimpleData>
                        <SimpleData name="ocean">MID PACIFIC</SimpleData>
                        <SimpleData name="station_name">FRANK PARRISH MAUI DAN</SimpleData>
                        <SimpleData name="station_type">Acoustic</SimpleData>
                        <SimpleData name="latitude">20.80937</SimpleData>
                        <SimpleData name="longitude">-156.68153</SimpleData>
                        <SimpleData name="depth">unknown</SimpleData>
                        <SimpleData name="stationstatus">active</SimpleData>
                        <SimpleData name="stationclass">deployed</SimpleData>
                        <SimpleData name="first_year">2009-07-29</SimpleData>
                        <SimpleData name="last_year">2010-07-08</SimpleData>
                        <SimpleData name="notes">&lt;small&gt;&lt;table border=1&gt;&lt;tr&gt;&lt;th&gt;instrument&lt;/th&gt;&lt;th&gt;type&lt;/th&gt;&lt;th&gt;deploy date&lt;/th&gt;&lt;th&gt;last download&lt;/th&gt;&lt;th&gt;recovery date&lt;/th&gt;&lt;th&gt;downloads&lt;/th&gt;&lt;th&gt;offset&lt;/th&gt;&lt;/tr&gt;&lt;tr&gt;&lt;td&gt;VR2&lt;/td&gt;&lt;td align=center nowrap&gt;Acoustic&lt;/td&gt;&lt;td align=center nowrap&gt;2009-07-29&lt;/td&gt;&lt;td align=center nowrap&gt;-&lt;/td&gt;&lt;td align=center nowrap&gt;2010-07-08&lt;/td&gt;&lt;td align=center nowrap&gt;-&lt;/td&gt;&lt;td align=center nowrap&gt;0.0 m&lt;/td&gt;&lt;/tr&gt;&lt;/table&gt;&lt;/small&gt;</SimpleData>
                    </SchemaData>
                </ExtendedData>
                <Point>
                    <coordinates>-156.68153,20.80937</coordinates>
                </Point>
            </Placemark>
            <Placemark id="stations_series.fid--2e4a691_19d8297c619_-3c53">
                <ExtendedData>
                    <SchemaData schemaUrl="#stations_series_1">
                        <SimpleData name="collectioncode">PIRAT.PFRL</SimpleData>
                        <SimpleData name="seriescode">PIRAT</SimpleData>
                        <SimpleData name="ocean">MID PACIFIC</SimpleData>
                        <SimpleData name="station_name">SAND ISLAND</SimpleData>
                        <SimpleData name="station_type">Acoustic</SimpleData>
                        <SimpleData name="latitude">21.28772</SimpleData>
                        <SimpleData name="longitude">-157.88872</SimpleData>
                        <SimpleData name="depth">unknown</SimpleData>
                        <SimpleData name="stationstatus">active</SimpleData>
                        <SimpleData name="stationclass">deployed</SimpleData>
                        <SimpleData name="first_year">2007-03-13</SimpleData>
                        <SimpleData name="last_year">2007-10-01</SimpleData>
                        <SimpleData name="notes">&lt;small&gt;&lt;table border=1&gt;&lt;tr&gt;&lt;th&gt;instrument&lt;/th&gt;&lt;th&gt;type&lt;/th&gt;&lt;th&gt;deploy date&lt;/th&gt;&lt;th&gt;last download&lt;/th&gt;&lt;th&gt;recovery date&lt;/th&gt;&lt;th&gt;downloads&lt;/th&gt;&lt;th&gt;offset&lt;/th&gt;&lt;/tr&gt;&lt;tr&gt;&lt;td&gt;VR2&lt;/td&gt;&lt;td align=center nowrap&gt;Acoustic&lt;/td&gt;&lt;td align=center nowrap&gt;2007-03-13&lt;/td&gt;&lt;td align=center nowrap&gt;-&lt;/td&gt;&lt;td align=center nowrap&gt;2007-10-01&lt;/td&gt;&lt;td align=center nowrap&gt;-&lt;/td&gt;&lt;td align=center nowrap&gt;0.0 m&lt;/td&gt;&lt;/tr&gt;&lt;/table&gt;&lt;/small&gt;</SimpleData>
                    </SchemaData>
                </ExtendedData>
                <Point>
                    <coordinates>-157.88872,21.28772</coordinates>
                </Point>
            </Placemark>
            <Placemark id="stations_series.fid--2e4a691_19d8297c619_-3c52">
                <ExtendedData>
                    <SchemaData schemaUrl="#stations_series_1">
                        <SimpleData name="collectioncode">PIRAT.PFRL</SimpleData>
                        <SimpleData name="seriescode">PIRAT</SimpleData>
                        <SimpleData name="ocean">MID PACIFIC</SimpleData>
                        <SimpleData name="station_name">FFS EAST TERN</SimpleData>
                        <SimpleData name="station_type">Acoustic</SimpleData>
                        <SimpleData name="latitude">23.87135</SimpleData>
                        <SimpleData name="longitude">-166.28203</SimpleData>
                        <SimpleData name="depth">unknown</SimpleData>
                        <SimpleData name="stationstatus">active</SimpleData>
                        <SimpleData name="stationclass">deployed</SimpleData>
                        <SimpleData name="first_year">2009-07-21</SimpleData>
                        <SimpleData name="last_year">2012-07-10</SimpleData>
                        <SimpleData name="notes">&lt;small&gt;&lt;table border=1&gt;&lt;tr&gt;&lt;th&gt;instrument&lt;/th&gt;&lt;th&gt;type&lt;/th&gt;&lt;th&gt;deploy date&lt;/th&gt;&lt;th&gt;last download&lt;/th&gt;&lt;th&gt;recovery date&lt;/th&gt;&lt;th&gt;downloads&lt;/th&gt;&lt;th&gt;offset&lt;/th&gt;&lt;/tr&gt;&lt;tr&gt;&lt;td&gt;VR2W&lt;/td&gt;&lt;td align=center nowrap&gt;Acoustic&lt;/td&gt;&lt;td align=center nowrap&gt;2009-07-21&lt;/td&gt;&lt;td align=center nowrap&gt;-&lt;/td&gt;&lt;td align=center nowrap&gt;2009-07-21&lt;/td&gt;&lt;td align=center nowrap&gt;-&lt;/td&gt;&lt;td align=center nowrap&gt;0.0 m&lt;/td&gt;&lt;/tr&gt;&lt;tr&gt;&lt;td&gt;VR2W&lt;/td&gt;&lt;td align=center nowrap&gt;Acoustic&lt;/td&gt;&lt;td align=center nowrap&gt;2009-07-21&lt;/td&gt;&lt;td align=center nowrap&gt;-&lt;/td&gt;&lt;td align=center nowrap&gt;2009-07-22&lt;/td&gt;&lt;td align=center nowrap&gt;-&lt;/td&gt;&lt;td align=center nowrap&gt;0.0 m&lt;/td&gt;&lt;/tr&gt;&lt;tr&gt;&lt;td&gt;VR2W&lt;/td&gt;&lt;td align=center nowrap&gt;Acoustic&lt;/td&gt;&lt;td align=center nowrap&gt;2009-07-23&lt;/td&gt;&lt;td align=center nowrap&gt;-&lt;/td&gt;&lt;td align=center nowrap&gt;2010-05-13&lt;/td&gt;&lt;td align=center nowrap&gt;-&lt;/td&gt;&lt;td align=center nowrap&gt;0.0 m&lt;/td&gt;&lt;/tr&gt;&lt;tr&gt;&lt;td&gt;VR2W&lt;/td&gt;&lt;td align=center nowrap&gt;Acoustic&lt;/td&gt;&lt;td align=center nowrap&gt;2010-05-13&lt;/td&gt;&lt;td align=center nowrap&gt;-&lt;/td&gt;&lt;td align=center nowrap&gt;2011-09-01&lt;/td&gt;&lt;td align=center nowrap&gt;-&lt;/td&gt;&lt;td align=center nowrap&gt;0.0 m&lt;/td&gt;&lt;/tr&gt;&lt;tr&gt;&lt;td&gt;VR2W&lt;/td&gt;&lt;td align=center nowrap&gt;Acoustic&lt;/td&gt;&lt;td align=center nowrap&gt;2011-09-01&lt;/td&gt;&lt;td align=center nowrap&gt;-&lt;/td&gt;&lt;td align=center nowrap&gt;2012-07-10&lt;/td&gt;&lt;td align=center nowrap&gt;-&lt;/td&gt;&lt;td align=center nowrap&gt;0.0 m&lt;/td&gt;&lt;/tr&gt;&lt;/table&gt;&lt;/small&gt;</SimpleData>
                    </SchemaData>
                </ExtendedData>
                <Point>
                    <coordinates>-166.28203,23.87135</coordinates>
                </Point>
            </Placemark>
            <Placemark id="stations_series.fid--2e4a691_19d8297c619_-3c51">
                <ExtendedData>
                    <SchemaData schemaUrl="#stations_series_1">
                        <SimpleData name="collectioncode">PIRAT.PFRL</SimpleData>
                        <SimpleData name="seriescode">PIRAT</SimpleData>
                        <SimpleData name="ocean">MID PACIFIC</SimpleData>
                        <SimpleData name="station_name">MARO SOUTH END</SimpleData>
                        <SimpleData name="station_type">Acoustic</SimpleData>
                        <SimpleData name="latitude">25.37815</SimpleData>
                        <SimpleData name="longitude">-170.56727</SimpleData>
                        <SimpleData name="depth">unknown</SimpleData>
                        <SimpleData name="stationstatus">active</SimpleData>
                        <SimpleData name="stationclass">deployed</SimpleData>
                        <SimpleData name="first_year">2005-05-22</SimpleData>
                        <SimpleData name="last_year">2005-09-21</SimpleData>
                        <SimpleData name="notes">&lt;small&gt;&lt;table border=1&gt;&lt;tr&gt;&lt;th&gt;instrument&lt;/th&gt;&lt;th&gt;type&lt;/th&gt;&lt;th&gt;deploy date&lt;/th&gt;&lt;th&gt;last download&lt;/th&gt;&lt;th&gt;recovery date&lt;/th&gt;&lt;th&gt;downloads&lt;/th&gt;&lt;th&gt;offset&lt;/th&gt;&lt;/tr&gt;&lt;tr&gt;&lt;td&gt;VR2&lt;/td&gt;&lt;td align=center nowrap&gt;Acoustic&lt;/td&gt;&lt;td align=center nowrap&gt;2005-05-22&lt;/td&gt;&lt;td align=center nowrap&gt;-&lt;/td&gt;&lt;td align=center nowrap&gt;2005-09-21&lt;/td&gt;&lt;td align=center nowrap&gt;-&lt;/td&gt;&lt;td align=center nowrap&gt;0.0 m&lt;/td&gt;&lt;/tr&gt;&lt;/table&gt;&lt;/small&gt;</SimpleData>
                    </SchemaData>
                </ExtendedData>
                <Point>
                    <coordinates>-170.56727,25.37815</coordinates>
                </Point>
            </Placemark>
            <Placemark id="stations_series.fid--2e4a691_19d8297c619_-3c50">
                <ExtendedData>
                    <SchemaData schemaUrl="#stations_series_1">
                        <SimpleData name="collectioncode">PIRAT.PFRL</SimpleData>
                        <SimpleData name="seriescode">PIRAT</SimpleData>
                        <SimpleData name="ocean">MID PACIFIC</SimpleData>
                        <SimpleData name="station_name">PHR SW CORNER</SimpleData>
                        <SimpleData name="station_type">Acoustic</SimpleData>
                        <SimpleData name="latitude">27.7529</SimpleData>
                        <SimpleData name="longitude">-175.94805</SimpleData>
                        <SimpleData name="depth">unknown</SimpleData>
                        <SimpleData name="stationstatus">active</SimpleData>
                        <SimpleData name="stationclass">deployed</SimpleData>
                        <SimpleData name="first_year">2005-05-24</SimpleData>
                        <SimpleData name="last_year">2017-09-16</SimpleData>
                        <SimpleData name="notes">&lt;small&gt;&lt;table border=1&gt;&lt;tr&gt;&lt;th&gt;instrument&lt;/th&gt;&lt;th&gt;type&lt;/th&gt;&lt;th&gt;deploy date&lt;/th&gt;&lt;th&gt;last download&lt;/th&gt;&lt;th&gt;recovery date&lt;/th&gt;&lt;th&gt;downloads&lt;/th&gt;&lt;th&gt;offset&lt;/th&gt;&lt;/tr&gt;&lt;tr&gt;&lt;td&gt;VR2&lt;/td&gt;&lt;td align=center nowrap&gt;Acoustic&lt;/td&gt;&lt;td align=center nowrap&gt;2005-05-24&lt;/td&gt;&lt;td align=center nowrap&gt;-&lt;/td&gt;&lt;td align=center nowrap&gt;2005-09-24&lt;/td&gt;&lt;td align=center nowrap&gt;-&lt;/td&gt;&lt;td align=center nowrap&gt;0.0 m&lt;/td&gt;&lt;/tr&gt;&lt;tr&gt;&lt;td&gt;VR2&lt;/td&gt;&lt;td align=center nowrap&gt;Acoustic&lt;/td&gt;&lt;td align=center nowrap&gt;2005-09-25&lt;/td&gt;&lt;td align=center nowrap&gt;-&lt;/td&gt;&lt;td align=center nowrap&gt;2006-09-12&lt;/td&gt;&lt;td align=center nowrap&gt;-&lt;/td&gt;&lt;td align=center nowrap&gt;0.0 m&lt;/td&gt;&lt;/tr&gt;&lt;tr&gt;&lt;td&gt;VR2&lt;/td&gt;&lt;td align=center nowrap&gt;Acoustic&lt;/td&gt;&lt;td align=center nowrap&gt;2006-09-13&lt;/td&gt;&lt;td align=center nowrap&gt;-&lt;/td&gt;&lt;td align=center nowrap&gt;2007-07-17&lt;/td&gt;&lt;td align=center nowrap&gt;-&lt;/td&gt;&lt;td align=center nowrap&gt;0.0 m&lt;/td&gt;&lt;/tr&gt;&lt;tr&gt;&lt;td&gt;VR2&lt;/td&gt;&lt;td align=center nowrap&gt;Acoustic&lt;/td&gt;&lt;td align=center nowrap&gt;2007-07-18&lt;/td&gt;&lt;td align=center nowrap&gt;-&lt;/td&gt;&lt;td align=center nowrap&gt;2008-06-18&lt;/td&gt;&lt;td align=center nowrap&gt;-&lt;/td&gt;&lt;td align=center nowrap&gt;0.0 m&lt;/td&gt;&lt;/tr&gt;&lt;tr&gt;&lt;td&gt;VR2W&lt;/td&gt;&lt;td align=center nowrap&gt;Acoustic&lt;/td&gt;&lt;td align=center nowrap&gt;2008-06-18&lt;/td&gt;&lt;td align=center nowrap&gt;-&lt;/td&gt;&lt;td align=center nowrap&gt;2009-06-19&lt;/td&gt;&lt;td align=center nowrap&gt;-&lt;/td&gt;&lt;td align=center nowrap&gt;0.0 m&lt;/td&gt;&lt;/tr&gt;&lt;tr&gt;&lt;td&gt;VR2W&lt;/td&gt;&lt;td align=center nowrap&gt;Acoustic&lt;/td&gt;&lt;td align=center nowrap&gt;2009-06-19&lt;/td&gt;&lt;td align=center nowrap&gt;-&lt;/td&gt;&lt;td align=center nowrap&gt;2010-05-19&lt;/td&gt;&lt;td align=center nowrap&gt;-&lt;/td&gt;&lt;td align=center nowrap&gt;0.0 m&lt;/td&gt;&lt;/tr&gt;&lt;tr&gt;&lt;td&gt;VR2W&lt;/td&gt;&lt;td align=center nowrap&gt;Acoustic&lt;/td&gt;&lt;td align=center nowrap&gt;2010-05-19&lt;/td&gt;&lt;td align=center nowrap&gt;2012-10-26&lt;/td&gt;&lt;td align=center nowrap&gt;2011-09-13&lt;/td&gt;&lt;td align=center nowrap&gt;1&lt;/td&gt;&lt;td align=center nowrap&gt;0.0 m&lt;/td&gt;&lt;/tr&gt;&lt;tr&gt;&lt;td&gt;VR2W&lt;/td&gt;&lt;td align=center nowrap&gt;Acoustic&lt;/td&gt;&lt;td align=center nowrap&gt;2011-09-13&lt;/td&gt;&lt;td align=center nowrap&gt;-&lt;/td&gt;&lt;td align=center nowrap&gt;2012-07-13&lt;/td&gt;&lt;td align=center nowrap&gt;-&lt;/td&gt;&lt;td align=center nowrap&gt;0.0 m&lt;/td&gt;&lt;/tr&gt;&lt;tr&gt;&lt;td&gt;VR2W&lt;/td&gt;&lt;td align=center nowrap&gt;Acoustic&lt;/td&gt;&lt;td align=center nowrap&gt;2012-07-13&lt;/td&gt;&lt;td align=center nowrap&gt;-&lt;/td&gt;&lt;td align=center nowrap&gt;2014-09-18&lt;/td&gt;&lt;td align=center nowrap&gt;-&lt;/td&gt;&lt;td align=center nowrap&gt;0.0 m&lt;/td&gt;&lt;/tr&gt;&lt;tr&gt;&lt;td&gt;VR2W&lt;/td&gt;&lt;td align=center nowrap&gt;Acoustic&lt;/td&gt;&lt;td align=center nowrap&gt;2014-09-18&lt;/td&gt;&lt;td align=center nowrap&gt;2015-09-16&lt;/td&gt;&lt;td align=center nowrap&gt;2015-09-14&lt;/td&gt;&lt;td align=center nowrap&gt;1&lt;/td&gt;&lt;td align=center nowrap&gt;0.0 m&lt;/td&gt;&lt;/tr&gt;&lt;tr&gt;&lt;td&gt;VR2W&lt;/td&gt;&lt;td align=center nowrap&gt;Acoustic&lt;/td&gt;&lt;td align=center nowrap&gt;2015-09-14&lt;/td&gt;&lt;td align=center nowrap&gt;2017-10-30&lt;/td&gt;&lt;td align=center nowrap&gt;2017-09-16&lt;/td&gt;&lt;td align=center nowrap&gt;1&lt;/td&gt;&lt;td align=center nowrap&gt;0.0 m&lt;/td&gt;&lt;/tr&gt;&lt;/table&gt;&lt;/small&gt;</SimpleData>
                    </SchemaData>
                </ExtendedData>
                <Point>
                    <coordinates>-175.94805,27.7529</coordinates>
                </Point>
            </Placemark>
            <Placemark id="stations_series.fid--2e4a691_19d8297c619_-3c4f">
                <ExtendedData>
                    <SchemaData schemaUrl="#stations_series_1">
                        <SimpleData name="collectioncode">PIRAT.PFRL</SimpleData>
                        <SimpleData name="seriescode">PIRAT</SimpleData>
                        <SimpleData name="ocean">MID PACIFIC</SimpleData>
                        <SimpleData name="station_name">HONOKOWAI SHALLOW</SimpleData>
                        <SimpleData name="station_type">Acoustic</SimpleData>
                        <SimpleData name="latitude">20.97911</SimpleData>
                        <SimpleData name="longitude">-156.71402</SimpleData>
                        <SimpleData name="depth">unknown</SimpleData>
                        <SimpleData name="stationstatus">active</SimpleData>
                        <SimpleData name="stationclass">deployed</SimpleData>
                        <SimpleData name="first_year">2014-07-21</SimpleData>
                        <SimpleData name="last_year">2019-04-07</SimpleData>
                        <SimpleData name="notes">&lt;small&gt;&lt;table border=1&gt;&lt;tr&gt;&lt;th&gt;instrument&lt;/th&gt;&lt;th&gt;type&lt;/th&gt;&lt;th&gt;deploy date&lt;/th&gt;&lt;th&gt;last download&lt;/th&gt;&lt;th&gt;recovery date&lt;/th&gt;&lt;th&gt;downloads&lt;/th&gt;&lt;th&gt;offset&lt;/th&gt;&lt;/tr&gt;&lt;tr&gt;&lt;td&gt;VR2W&lt;/td&gt;&lt;td align=center nowrap&gt;Acoustic&lt;/td&gt;&lt;td align=center nowrap&gt;2014-07-21&lt;/td&gt;&lt;td align=center nowrap&gt;2015-06-30&lt;/td&gt;&lt;td align=center nowrap&gt;2015-06-29&lt;/td&gt;&lt;td align=center nowrap&gt;1&lt;/td&gt;&lt;td align=center nowrap&gt;0.0 m&lt;/td&gt;&lt;/tr&gt;&lt;tr&gt;&lt;td&gt;VR2W&lt;/td&gt;&lt;td align=center nowrap&gt;Acoustic&lt;/td&gt;&lt;td align=center nowrap&gt;2015-06-29&lt;/td&gt;&lt;td align=center nowrap&gt;2017-03-21&lt;/td&gt;&lt;td align=center nowrap&gt;2017-02-15&lt;/td&gt;&lt;td align=center nowrap&gt;1&lt;/td&gt;&lt;td align=center nowrap&gt;0.0 m&lt;/td&gt;&lt;/tr&gt;&lt;tr&gt;&lt;td&gt;VR2W&lt;/td&gt;&lt;td align=center nowrap&gt;Acoustic&lt;/td&gt;&lt;td align=center nowrap&gt;2017-02-17&lt;/td&gt;&lt;td align=center nowrap&gt;-&lt;/td&gt;&lt;td align=center nowrap&gt;2018-01-27&lt;/td&gt;&lt;td align=center nowrap&gt;-&lt;/td&gt;&lt;td align=center nowrap&gt;0.0 m&lt;/td&gt;&lt;/tr&gt;&lt;tr&gt;&lt;td&gt;VR2W&lt;/td&gt;&lt;td align=center nowrap&gt;Acoustic&lt;/td&gt;&lt;td align=center nowrap&gt;2018-01-27&lt;/td&gt;&lt;td align=center nowrap&gt;2019-05-13&lt;/td&gt;&lt;td align=center nowrap&gt;2019-04-07&lt;/td&gt;&lt;td align=center nowrap&gt;1&lt;/td&gt;&lt;td align=center nowrap&gt;0.0 m&lt;/td&gt;&lt;/tr&gt;&lt;/table&gt;&lt;/small&gt;</SimpleData>
                    </SchemaData>
                </ExtendedData>
                <Point>
                    <coordinates>-156.71402,20.97911</coordinates>
                </Point>
            </Placemark>
            <Placemark id="stations_series.fid--2e4a691_19d8297c619_-3c4e">
                <ExtendedData>
                    <SchemaData schemaUrl="#stations_series_1">
                        <SimpleData name="collectioncode">PIRAT.PFRL</SimpleData>
                        <SimpleData name="seriescode">PIRAT</SimpleData>
                        <SimpleData name="ocean">MID PACIFIC</SimpleData>
                        <SimpleData name="station_name">A-BAY</SimpleData>
                        <SimpleData name="station_type">Acoustic</SimpleData>
                        <SimpleData name="latitude">19.94</SimpleData>
                        <SimpleData name="longitude">-155.87</SimpleData>
                        <SimpleData name="depth">unknown</SimpleData>
                        <SimpleData name="stationstatus">active</SimpleData>
                        <SimpleData name="stationclass">deployed</SimpleData>
                        <SimpleData name="first_year">2003-11-25</SimpleData>
                        <SimpleData name="last_year">2004-06-02</SimpleData>
                        <SimpleData name="notes">&lt;small&gt;&lt;table border=1&gt;&lt;tr&gt;&lt;th&gt;instrument&lt;/th&gt;&lt;th&gt;type&lt;/th&gt;&lt;th&gt;deploy date&lt;/th&gt;&lt;th&gt;last download&lt;/th&gt;&lt;th&gt;recovery date&lt;/th&gt;&lt;th&gt;downloads&lt;/th&gt;&lt;th&gt;offset&lt;/th&gt;&lt;/tr&gt;&lt;tr&gt;&lt;td&gt;VR2&lt;/td&gt;&lt;td align=center nowrap&gt;Acoustic&lt;/td&gt;&lt;td align=center nowrap&gt;2003-11-25&lt;/td&gt;&lt;td align=center nowrap&gt;-&lt;/td&gt;&lt;td align=center nowrap&gt;2004-06-02&lt;/td&gt;&lt;td align=center nowrap&gt;-&lt;/td&gt;&lt;td align=center nowrap&gt;0.0 m&lt;/td&gt;&lt;/tr&gt;&lt;/table&gt;&lt;/small&gt;</SimpleData>
                    </SchemaData>
                </ExtendedData>
                <Point>
                    <coordinates>-155.87,19.94</coordinates>
                </Point>
            </Placemark>
            <Placemark id="stations_series.fid--2e4a691_19d8297c619_-3c4d">
                <ExtendedData>
                    <SchemaData schemaUrl="#stations_series_1">
                        <SimpleData name="collectioncode">PIRAT.PFRL</SimpleData>
                        <SimpleData name="seriescode">PIRAT</SimpleData>
                        <SimpleData name="ocean">MID PACIFIC</SimpleData>
                        <SimpleData name="station_name">LOA POINT</SimpleData>
                        <SimpleData name="station_type">Acoustic</SimpleData>
                        <SimpleData name="latitude">19.39632</SimpleData>
                        <SimpleData name="longitude">-155.91218</SimpleData>
                        <SimpleData name="depth">unknown</SimpleData>
                        <SimpleData name="stationstatus">active</SimpleData>
                        <SimpleData name="stationclass">deployed</SimpleData>
                        <SimpleData name="first_year">2003-12-14</SimpleData>
                        <SimpleData name="last_year">2012-03-21</SimpleData>
                        <SimpleData name="notes">&lt;small&gt;&lt;table border=1&gt;&lt;tr&gt;&lt;th&gt;instrument&lt;/th&gt;&lt;th&gt;type&lt;/th&gt;&lt;th&gt;deploy date&lt;/th&gt;&lt;th&gt;last download&lt;/th&gt;&lt;th&gt;recovery date&lt;/th&gt;&lt;th&gt;downloads&lt;/th&gt;&lt;th&gt;offset&lt;/th&gt;&lt;/tr&gt;&lt;tr&gt;&lt;td&gt;VR2&lt;/td&gt;&lt;td align=center nowrap&gt;Acoustic&lt;/td&gt;&lt;td align=center nowrap&gt;2003-12-14&lt;/td&gt;&lt;td align=center nowrap&gt;-&lt;/td&gt;&lt;td align=center nowrap&gt;2004-05-30&lt;/td&gt;&lt;td align=center nowrap&gt;-&lt;/td&gt;&lt;td align=center nowrap&gt;0.0 m&lt;/td&gt;&lt;/tr&gt;&lt;tr&gt;&lt;td&gt;VR2&lt;/td&gt;&lt;td align=center nowrap&gt;Acoustic&lt;/td&gt;&lt;td align=center nowrap&gt;2004-05-30&lt;/td&gt;&lt;td align=center nowrap&gt;-&lt;/td&gt;&lt;td align=center nowrap&gt;2004-12-30&lt;/td&gt;&lt;td align=center nowrap&gt;-&lt;/td&gt;&lt;td align=center nowrap&gt;51.7 m&lt;/td&gt;&lt;/tr&gt;&lt;tr&gt;&lt;td&gt;VR2&lt;/td&gt;&lt;td align=center nowrap&gt;Acoustic&lt;/td&gt;&lt;td align=center nowrap&gt;2004-12-31&lt;/td&gt;&lt;td align=center nowrap&gt;-&lt;/td&gt;&lt;td align=center nowrap&gt;2005-07-25&lt;/td&gt;&lt;td align=center nowrap&gt;-&lt;/td&gt;&lt;td align=center nowrap&gt;51.7 m&lt;/td&gt;&lt;/tr&gt;&lt;tr&gt;&lt;td&gt;VR2&lt;/td&gt;&lt;td align=center nowrap&gt;Acoustic&lt;/td&gt;&lt;td align=center nowrap&gt;2005-07-25&lt;/td&gt;&lt;td align=center nowrap&gt;-&lt;/td&gt;&lt;td align=center nowrap&gt;2005-12-11&lt;/td&gt;&lt;td align=center nowrap&gt;-&lt;/td&gt;&lt;td align=center nowrap&gt;51.7 m&lt;/td&gt;&lt;/tr&gt;&lt;tr&gt;&lt;td&gt;VR2&lt;/td&gt;&lt;td align=center nowrap&gt;Acoustic&lt;/td&gt;&lt;td align=center nowrap&gt;2005-12-11&lt;/td&gt;&lt;td align=center nowrap&gt;-&lt;/td&gt;&lt;td align=center nowrap&gt;2006-08-29&lt;/td&gt;&lt;td align=center nowrap&gt;-&lt;/td&gt;&lt;td align=center nowrap&gt;51.7 m&lt;/td&gt;&lt;/tr&gt;&lt;tr&gt;&lt;td&gt;VR2&lt;/td&gt;&lt;td align=center nowrap&gt;Acoustic&lt;/td&gt;&lt;td align=center nowrap&gt;2006-08-30&lt;/td&gt;&lt;td align=center nowrap&gt;-&lt;/td&gt;&lt;td align=center nowrap&gt;-&lt;/td&gt;&lt;td align=center nowrap&gt;-&lt;/td&gt;&lt;td align=center nowrap&gt;51.7 m&lt;/td&gt;&lt;/tr&gt;&lt;tr&gt;&lt;td&gt;VR2&lt;/td&gt;&lt;td align=center nowrap&gt;Acoustic&lt;/td&gt;&lt;td align=center nowrap&gt;2008-02-11&lt;/td&gt;&lt;td align=center nowrap&gt;-&lt;/td&gt;&lt;td align=center nowrap&gt;2008-08-21&lt;/td&gt;&lt;td align=center nowrap&gt;-&lt;/td&gt;&lt;td align=center nowrap&gt;115.9 m&lt;/td&gt;&lt;/tr&gt;&lt;tr&gt;&lt;td&gt;VR2&lt;/td&gt;&lt;td align=center nowrap&gt;Acoustic&lt;/td&gt;&lt;td align=center nowrap&gt;2008-08-21&lt;/td&gt;&lt;td align=center nowrap&gt;-&lt;/td&gt;&lt;td align=center nowrap&gt;2009-09-08&lt;/td&gt;&lt;td align=center nowrap&gt;-&lt;/td&gt;&lt;td align=center nowrap&gt;51.7 m&lt;/td&gt;&lt;/tr&gt;&lt;tr&gt;&lt;td&gt;VR2W&lt;/td&gt;&lt;td align=center nowrap&gt;Acoustic&lt;/td&gt;&lt;td align=center nowrap&gt;2009-09-08&lt;/td&gt;&lt;td align=center nowrap&gt;-&lt;/td&gt;&lt;td align=center nowrap&gt;2010-12-20&lt;/td&gt;&lt;td align=center nowrap&gt;-&lt;/td&gt;&lt;td align=center nowrap&gt;51.7 m&lt;/td&gt;&lt;/tr&gt;&lt;tr&gt;&lt;td&gt;VR2W&lt;/td&gt;&lt;td align=center nowrap&gt;Acoustic&lt;/td&gt;&lt;td align=center nowrap&gt;2010-12-19&lt;/td&gt;&lt;td align=center nowrap&gt;-&lt;/td&gt;&lt;td align=center nowrap&gt;2012-03-21&lt;/td&gt;&lt;td align=center nowrap&gt;-&lt;/td&gt;&lt;td align=center nowrap&gt;51.7 m&lt;/td&gt;&lt;/tr&gt;&lt;/table&gt;&lt;/small&gt;</SimpleData>
                    </SchemaData>
                </ExtendedData>
                <Point>
                    <coordinates>-155.91218,19.39632</coordinates>
                </Point>
            </Placemark>
            <Placemark id="stations_series.fid--2e4a691_19d8297c619_-3c4c">
                <ExtendedData>
                    <SchemaData schemaUrl="#stations_series_1">
                        <SimpleData name="collectioncode">PIRAT.PFRL</SimpleData>
                        <SimpleData name="seriescode">PIRAT</SimpleData>
                        <SimpleData name="ocean">MID PACIFIC</SimpleData>
                        <SimpleData name="station_name">KOOLINA BARGE</SimpleData>
                        <SimpleData name="station_type">Acoustic</SimpleData>
                        <SimpleData name="latitude">21.33065</SimpleData>
                        <SimpleData name="longitude">-158.20115</SimpleData>
                        <SimpleData name="depth">unknown</SimpleData>
                        <SimpleData name="stationstatus">active</SimpleData>
                        <SimpleData name="stationclass">deployed</SimpleData>
                        <SimpleData name="first_year">2007-02-11</SimpleData>
                        <SimpleData name="last_year">2007-10-01</SimpleData>
                        <SimpleData name="notes">&lt;small&gt;&lt;table border=1&gt;&lt;tr&gt;&lt;th&gt;instrument&lt;/th&gt;&lt;th&gt;type&lt;/th&gt;&lt;th&gt;deploy date&lt;/th&gt;&lt;th&gt;last download&lt;/th&gt;&lt;th&gt;recovery date&lt;/th&gt;&lt;th&gt;downloads&lt;/th&gt;&lt;th&gt;offset&lt;/th&gt;&lt;/tr&gt;&lt;tr&gt;&lt;td&gt;VR2&lt;/td&gt;&lt;td align=center nowrap&gt;Acoustic&lt;/td&gt;&lt;td align=center nowrap&gt;2007-02-11&lt;/td&gt;&lt;td align=center nowrap&gt;-&lt;/td&gt;&lt;td align=center nowrap&gt;2007-10-01&lt;/td&gt;&lt;td align=center nowrap&gt;-&lt;/td&gt;&lt;td align=center nowrap&gt;0.0 m&lt;/td&gt;&lt;/tr&gt;&lt;/table&gt;&lt;/small&gt;</SimpleData>
                    </SchemaData>
                </ExtendedData>
                <Point>
                    <coordinates>-158.20115,21.33065</coordinates>
                </Point>
            </Placemark>
            <Placemark id="stations_series.fid--2e4a691_19d8297c619_-3c4b">
                <ExtendedData>
                    <SchemaData schemaUrl="#stations_series_1">
                        <SimpleData name="collectioncode">PIRAT.PFRL</SimpleData>
                        <SimpleData name="seriescode">PIRAT</SimpleData>
                        <SimpleData name="ocean">MID PACIFIC</SimpleData>
                        <SimpleData name="station_name">FFS LA PEROUSE</SimpleData>
                        <SimpleData name="station_type">Acoustic</SimpleData>
                        <SimpleData name="latitude">23.76945</SimpleData>
                        <SimpleData name="longitude">-166.20621</SimpleData>
                        <SimpleData name="depth">unknown</SimpleData>
                        <SimpleData name="stationstatus">active</SimpleData>
                        <SimpleData name="stationclass">deployed</SimpleData>
                        <SimpleData name="first_year">2005-05-17</SimpleData>
                        <SimpleData name="last_year">2009-06-12</SimpleData>
                        <SimpleData name="notes">&lt;small&gt;&lt;table border=1&gt;&lt;tr&gt;&lt;th&gt;instrument&lt;/th&gt;&lt;th&gt;type&lt;/th&gt;&lt;th&gt;deploy date&lt;/th&gt;&lt;th&gt;last download&lt;/th&gt;&lt;th&gt;recovery date&lt;/th&gt;&lt;th&gt;downloads&lt;/th&gt;&lt;th&gt;offset&lt;/th&gt;&lt;/tr&gt;&lt;tr&gt;&lt;td&gt;VR2&lt;/td&gt;&lt;td align=center nowrap&gt;Acoustic&lt;/td&gt;&lt;td align=center nowrap&gt;2005-05-17&lt;/td&gt;&lt;td align=center nowrap&gt;-&lt;/td&gt;&lt;td align=center nowrap&gt;2005-09-17&lt;/td&gt;&lt;td align=center nowrap&gt;-&lt;/td&gt;&lt;td align=center nowrap&gt;0.0 m&lt;/td&gt;&lt;/tr&gt;&lt;tr&gt;&lt;td&gt;VR2&lt;/td&gt;&lt;td align=center nowrap&gt;Acoustic&lt;/td&gt;&lt;td align=center nowrap&gt;2005-09-18&lt;/td&gt;&lt;td align=center nowrap&gt;-&lt;/td&gt;&lt;td align=center nowrap&gt;2006-05-27&lt;/td&gt;&lt;td align=center nowrap&gt;-&lt;/td&gt;&lt;td align=center nowrap&gt;0.0 m&lt;/td&gt;&lt;/tr&gt;&lt;tr&gt;&lt;td&gt;VR2&lt;/td&gt;&lt;td align=center nowrap&gt;Acoustic&lt;/td&gt;&lt;td align=center nowrap&gt;2006-05-28&lt;/td&gt;&lt;td align=center nowrap&gt;-&lt;/td&gt;&lt;td align=center nowrap&gt;2006-09-30&lt;/td&gt;&lt;td align=center nowrap&gt;-&lt;/td&gt;&lt;td align=center nowrap&gt;0.0 m&lt;/td&gt;&lt;/tr&gt;&lt;tr&gt;&lt;td&gt;VR2&lt;/td&gt;&lt;td align=center nowrap&gt;Acoustic&lt;/td&gt;&lt;td align=center nowrap&gt;2006-09-30&lt;/td&gt;&lt;td align=center nowrap&gt;-&lt;/td&gt;&lt;td align=center nowrap&gt;2007-07-09&lt;/td&gt;&lt;td align=center nowrap&gt;-&lt;/td&gt;&lt;td align=center nowrap&gt;0.0 m&lt;/td&gt;&lt;/tr&gt;&lt;tr&gt;&lt;td&gt;VR2W&lt;/td&gt;&lt;td align=center nowrap&gt;Acoustic&lt;/td&gt;&lt;td align=center nowrap&gt;2007-09-06&lt;/td&gt;&lt;td align=center nowrap&gt;-&lt;/td&gt;&lt;td align=center nowrap&gt;2008-06-08&lt;/td&gt;&lt;td align=center nowrap&gt;-&lt;/td&gt;&lt;td align=center nowrap&gt;0.0 m&lt;/td&gt;&lt;/tr&gt;&lt;tr&gt;&lt;td&gt;VR2W&lt;/td&gt;&lt;td align=center nowrap&gt;Acoustic&lt;/td&gt;&lt;td align=center nowrap&gt;2008-06-08&lt;/td&gt;&lt;td align=center nowrap&gt;-&lt;/td&gt;&lt;td align=center nowrap&gt;2009-06-12&lt;/td&gt;&lt;td align=center nowrap&gt;-&lt;/td&gt;&lt;td align=center nowrap&gt;0.0 m&lt;/td&gt;&lt;/tr&gt;&lt;/table&gt;&lt;/small&gt;</SimpleData>
                    </SchemaData>
                </ExtendedData>
                <Point>
                    <coordinates>-166.20621,23.76945</coordinates>
                </Point>
            </Placemark>
            <Placemark id="stations_series.fid--2e4a691_19d8297c619_-3c4a">
                <ExtendedData>
                    <SchemaData schemaUrl="#stations_series_1">
                        <SimpleData name="collectioncode">PIRAT.PFRL</SimpleData>
                        <SimpleData name="seriescode">PIRAT</SimpleData>
                        <SimpleData name="ocean">MID PACIFIC</SimpleData>
                        <SimpleData name="station_name">Kipapa Medium</SimpleData>
                        <SimpleData name="station_type">Acoustic</SimpleData>
                        <SimpleData name="latitude">21.49728</SimpleData>
                        <SimpleData name="longitude">-157.77423</SimpleData>
                        <SimpleData name="depth">unknown</SimpleData>
                        <SimpleData name="stationstatus">active</SimpleData>
                        <SimpleData name="stationclass">deployed</SimpleData>
                        <SimpleData name="first_year">2012-12-07</SimpleData>
                        <SimpleData name="last_year">2018-10-04</SimpleData>
                        <SimpleData name="notes">&lt;small&gt;&lt;table border=1&gt;&lt;tr&gt;&lt;th&gt;instrument&lt;/th&gt;&lt;th&gt;type&lt;/th&gt;&lt;th&gt;deploy date&lt;/th&gt;&lt;th&gt;last download&lt;/th&gt;&lt;th&gt;recovery date&lt;/th&gt;&lt;th&gt;downloads&lt;/th&gt;&lt;th&gt;offset&lt;/th&gt;&lt;/tr&gt;&lt;tr&gt;&lt;td&gt;VR2W&lt;/td&gt;&lt;td align=center nowrap&gt;Acoustic&lt;/td&gt;&lt;td align=center nowrap&gt;2012-12-07&lt;/td&gt;&lt;td align=center nowrap&gt;2013-11-20&lt;/td&gt;&lt;td align=center nowrap&gt;2013-11-19&lt;/td&gt;&lt;td align=center nowrap&gt;1&lt;/td&gt;&lt;td align=center nowrap&gt;0.0 m&lt;/td&gt;&lt;/tr&gt;&lt;tr&gt;&lt;td&gt;VR2W&lt;/td&gt;&lt;td align=center nowrap&gt;Acoustic&lt;/td&gt;&lt;td align=center nowrap&gt;2017-08-30&lt;/td&gt;&lt;td align=center nowrap&gt;2018-10-12&lt;/td&gt;&lt;td align=center nowrap&gt;2018-10-04&lt;/td&gt;&lt;td align=center nowrap&gt;1&lt;/td&gt;&lt;td align=center nowrap&gt;31.3 m&lt;/td&gt;&lt;/tr&gt;&lt;/table&gt;&lt;/small&gt;</SimpleData>
                    </SchemaData>
                </ExtendedData>
                <Point>
                    <coordinates>-157.77423,21.49728</coordinates>
                </Point>
            </Placemark>
            <Placemark id="stations_series.fid--2e4a691_19d8297c619_-3c49">
                <ExtendedData>
                    <SchemaData schemaUrl="#stations_series_1">
                        <SimpleData name="collectioncode">PIRAT.PFRL</SimpleData>
                        <SimpleData name="seriescode">PIRAT</SimpleData>
                        <SimpleData name="ocean">MID PACIFIC</SimpleData>
                        <SimpleData name="station_name">PHR Meso Mid Ledge</SimpleData>
                        <SimpleData name="station_type">Acoustic</SimpleData>
                        <SimpleData name="latitude">27.76528</SimpleData>
                        <SimpleData name="longitude">-175.89598</SimpleData>
                        <SimpleData name="depth">unknown</SimpleData>
                        <SimpleData name="stationstatus">active</SimpleData>
                        <SimpleData name="stationclass">deployed</SimpleData>
                        <SimpleData name="first_year">2014-09-18</SimpleData>
                        <SimpleData name="last_year">2017-09-16</SimpleData>
                        <SimpleData name="notes">&lt;small&gt;&lt;table border=1&gt;&lt;tr&gt;&lt;th&gt;instrument&lt;/th&gt;&lt;th&gt;type&lt;/th&gt;&lt;th&gt;deploy date&lt;/th&gt;&lt;th&gt;last download&lt;/th&gt;&lt;th&gt;recovery date&lt;/th&gt;&lt;th&gt;downloads&lt;/th&gt;&lt;th&gt;offset&lt;/th&gt;&lt;/tr&gt;&lt;tr&gt;&lt;td&gt;VR2W&lt;/td&gt;&lt;td align=center nowrap&gt;Acoustic&lt;/td&gt;&lt;td align=center nowrap&gt;2014-09-18&lt;/td&gt;&lt;td align=center nowrap&gt;2015-09-16&lt;/td&gt;&lt;td align=center nowrap&gt;2015-09-13&lt;/td&gt;&lt;td align=center nowrap&gt;1&lt;/td&gt;&lt;td align=center nowrap&gt;41.2 m&lt;/td&gt;&lt;/tr&gt;&lt;tr&gt;&lt;td&gt;VR2W&lt;/td&gt;&lt;td align=center nowrap&gt;Acoustic&lt;/td&gt;&lt;td align=center nowrap&gt;2015-09-13&lt;/td&gt;&lt;td align=center nowrap&gt;2016-06-05&lt;/td&gt;&lt;td align=center nowrap&gt;2016-06-01&lt;/td&gt;&lt;td align=center nowrap&gt;1&lt;/td&gt;&lt;td align=center nowrap&gt;26.3 m&lt;/td&gt;&lt;/tr&gt;&lt;tr&gt;&lt;td&gt;VR2W&lt;/td&gt;&lt;td align=center nowrap&gt;Acoustic&lt;/td&gt;&lt;td align=center nowrap&gt;2016-06-01&lt;/td&gt;&lt;td align=center nowrap&gt;2017-10-30&lt;/td&gt;&lt;td align=center nowrap&gt;2017-09-16&lt;/td&gt;&lt;td align=center nowrap&gt;1&lt;/td&gt;&lt;td align=center nowrap&gt;0.0 m&lt;/td&gt;&lt;/tr&gt;&lt;/table&gt;&lt;/small&gt;</SimpleData>
                    </SchemaData>
                </ExtendedData>
                <Point>
                    <coordinates>-175.89598,27.76528</coordinates>
                </Point>
            </Placemark>
            <Placemark id="stations_series.fid--2e4a691_19d8297c619_-3c48">
                <ExtendedData>
                    <SchemaData schemaUrl="#stations_series_1">
                        <SimpleData name="collectioncode">PIRAT.PFRL</SimpleData>
                        <SimpleData name="seriescode">PIRAT</SimpleData>
                        <SimpleData name="ocean">MID PACIFIC</SimpleData>
                        <SimpleData name="station_name">NIIHAU ARCHES</SimpleData>
                        <SimpleData name="station_type">Acoustic</SimpleData>
                        <SimpleData name="latitude">22.00831</SimpleData>
                        <SimpleData name="longitude">-160.09871</SimpleData>
                        <SimpleData name="depth">unknown</SimpleData>
                        <SimpleData name="stationstatus">active</SimpleData>
                        <SimpleData name="stationclass">deployed</SimpleData>
                        <SimpleData name="first_year">2008-11-15</SimpleData>
                        <SimpleData name="last_year">2009-10-22</SimpleData>
                        <SimpleData name="notes">&lt;small&gt;&lt;table border=1&gt;&lt;tr&gt;&lt;th&gt;instrument&lt;/th&gt;&lt;th&gt;type&lt;/th&gt;&lt;th&gt;deploy date&lt;/th&gt;&lt;th&gt;last download&lt;/th&gt;&lt;th&gt;recovery date&lt;/th&gt;&lt;th&gt;downloads&lt;/th&gt;&lt;th&gt;offset&lt;/th&gt;&lt;/tr&gt;&lt;tr&gt;&lt;td&gt;VR2&lt;/td&gt;&lt;td align=center nowrap&gt;Acoustic&lt;/td&gt;&lt;td align=center nowrap&gt;2008-11-15&lt;/td&gt;&lt;td align=center nowrap&gt;-&lt;/td&gt;&lt;td align=center nowrap&gt;2009-10-22&lt;/td&gt;&lt;td align=center nowrap&gt;-&lt;/td&gt;&lt;td align=center nowrap&gt;0.0 m&lt;/td&gt;&lt;/tr&gt;&lt;/table&gt;&lt;/small&gt;</SimpleData>
                    </SchemaData>
                </ExtendedData>
                <Point>
                    <coordinates>-160.09871,22.00831</coordinates>
                </Point>
            </Placemark>
            <Placemark id="stations_series.fid--2e4a691_19d8297c619_-3c47">
                <ExtendedData>
                    <SchemaData schemaUrl="#stations_series_1">
                        <SimpleData name="collectioncode">PIRAT.PFRL</SimpleData>
                        <SimpleData name="seriescode">PIRAT</SimpleData>
                        <SimpleData name="ocean">MID PACIFIC</SimpleData>
                        <SimpleData name="station_name">Kaanapali Deep</SimpleData>
                        <SimpleData name="station_type">Acoustic</SimpleData>
                        <SimpleData name="latitude">20.92041</SimpleData>
                        <SimpleData name="longitude">-156.74126</SimpleData>
                        <SimpleData name="depth">unknown</SimpleData>
                        <SimpleData name="stationstatus">active</SimpleData>
                        <SimpleData name="stationclass">deployed</SimpleData>
                        <SimpleData name="first_year">2014-07-22</SimpleData>
                        <SimpleData name="last_year">2018-01-27</SimpleData>
                        <SimpleData name="notes">&lt;small&gt;&lt;table border=1&gt;&lt;tr&gt;&lt;th&gt;instrument&lt;/th&gt;&lt;th&gt;type&lt;/th&gt;&lt;th&gt;deploy date&lt;/th&gt;&lt;th&gt;last download&lt;/th&gt;&lt;th&gt;recovery date&lt;/th&gt;&lt;th&gt;downloads&lt;/th&gt;&lt;th&gt;offset&lt;/th&gt;&lt;/tr&gt;&lt;tr&gt;&lt;td&gt;VR2W&lt;/td&gt;&lt;td align=center nowrap&gt;Acoustic&lt;/td&gt;&lt;td align=center nowrap&gt;2014-07-22&lt;/td&gt;&lt;td align=center nowrap&gt;2015-04-28&lt;/td&gt;&lt;td align=center nowrap&gt;2015-04-26&lt;/td&gt;&lt;td align=center nowrap&gt;1&lt;/td&gt;&lt;td align=center nowrap&gt;29.7 m&lt;/td&gt;&lt;/tr&gt;&lt;tr&gt;&lt;td&gt;VR2W&lt;/td&gt;&lt;td align=center nowrap&gt;Acoustic&lt;/td&gt;&lt;td align=center nowrap&gt;2015-04-26&lt;/td&gt;&lt;td align=center nowrap&gt;-&lt;/td&gt;&lt;td align=center nowrap&gt;-&lt;/td&gt;&lt;td align=center nowrap&gt;-&lt;/td&gt;&lt;td align=center nowrap&gt;0.0 m&lt;/td&gt;&lt;/tr&gt;&lt;tr&gt;&lt;td&gt;VR2W&lt;/td&gt;&lt;td align=center nowrap&gt;Acoustic&lt;/td&gt;&lt;td align=center nowrap&gt;2017-02-17&lt;/td&gt;&lt;td align=center nowrap&gt;-&lt;/td&gt;&lt;td align=center nowrap&gt;2018-01-27&lt;/td&gt;&lt;td align=center nowrap&gt;-&lt;/td&gt;&lt;td align=center nowrap&gt;29.7 m&lt;/td&gt;&lt;/tr&gt;&lt;/table&gt;&lt;/small&gt;</SimpleData>
                    </SchemaData>
                </ExtendedData>
                <Point>
                    <coordinates>-156.74126,20.92041</coordinates>
                </Point>
            </Placemark>
            <Placemark id="stations_series.fid--2e4a691_19d8297c619_-3c46">
                <ExtendedData>
                    <SchemaData schemaUrl="#stations_series_1">
                        <SimpleData name="collectioncode">PIRAT.PFRL</SimpleData>
                        <SimpleData name="seriescode">PIRAT</SimpleData>
                        <SimpleData name="ocean">MID PACIFIC</SimpleData>
                        <SimpleData name="station_name">PHR Meso Mid Channel</SimpleData>
                        <SimpleData name="station_type">Acoustic</SimpleData>
                        <SimpleData name="latitude">27.78388</SimpleData>
                        <SimpleData name="longitude">-175.85747</SimpleData>
                        <SimpleData name="depth">unknown</SimpleData>
                        <SimpleData name="stationstatus">active</SimpleData>
                        <SimpleData name="stationclass">deployed</SimpleData>
                        <SimpleData name="first_year">2014-09-17</SimpleData>
                        <SimpleData name="last_year">2019-07-27</SimpleData>
                        <SimpleData name="notes">&lt;small&gt;&lt;table border=1&gt;&lt;tr&gt;&lt;th&gt;instrument&lt;/th&gt;&lt;th&gt;type&lt;/th&gt;&lt;th&gt;deploy date&lt;/th&gt;&lt;th&gt;last download&lt;/th&gt;&lt;th&gt;recovery date&lt;/th&gt;&lt;th&gt;downloads&lt;/th&gt;&lt;th&gt;offset&lt;/th&gt;&lt;/tr&gt;&lt;tr&gt;&lt;td&gt;VR2W&lt;/td&gt;&lt;td align=center nowrap&gt;Acoustic&lt;/td&gt;&lt;td align=center nowrap&gt;2014-09-17&lt;/td&gt;&lt;td align=center nowrap&gt;2015-09-16&lt;/td&gt;&lt;td align=center nowrap&gt;2015-09-14&lt;/td&gt;&lt;td align=center nowrap&gt;1&lt;/td&gt;&lt;td align=center nowrap&gt;0.0 m&lt;/td&gt;&lt;/tr&gt;&lt;tr&gt;&lt;td&gt;VR2W&lt;/td&gt;&lt;td align=center nowrap&gt;Acoustic&lt;/td&gt;&lt;td align=center nowrap&gt;2015-09-14&lt;/td&gt;&lt;td align=center nowrap&gt;2016-06-10&lt;/td&gt;&lt;td align=center nowrap&gt;2016-06-01&lt;/td&gt;&lt;td align=center nowrap&gt;1&lt;/td&gt;&lt;td align=center nowrap&gt;15.8 m&lt;/td&gt;&lt;/tr&gt;&lt;tr&gt;&lt;td&gt;VR2W&lt;/td&gt;&lt;td align=center nowrap&gt;Acoustic&lt;/td&gt;&lt;td align=center nowrap&gt;2016-06-01&lt;/td&gt;&lt;td align=center nowrap&gt;2017-10-30&lt;/td&gt;&lt;td align=center nowrap&gt;2017-09-16&lt;/td&gt;&lt;td align=center nowrap&gt;1&lt;/td&gt;&lt;td align=center nowrap&gt;15.8 m&lt;/td&gt;&lt;/tr&gt;&lt;tr&gt;&lt;td&gt;VR2W&lt;/td&gt;&lt;td align=center nowrap&gt;Acoustic&lt;/td&gt;&lt;td align=center nowrap&gt;2017-09-16&lt;/td&gt;&lt;td align=center nowrap&gt;2018-11-14&lt;/td&gt;&lt;td align=center nowrap&gt;2019-07-27&lt;/td&gt;&lt;td align=center nowrap&gt;1&lt;/td&gt;&lt;td align=center nowrap&gt;15.8 m&lt;/td&gt;&lt;/tr&gt;&lt;/table&gt;&lt;/small&gt;</SimpleData>
                    </SchemaData>
                </ExtendedData>
                <Point>
                    <coordinates>-175.85747,27.78388</coordinates>
                </Point>
            </Placemark>
            <Placemark id="stations_series.fid--2e4a691_19d8297c619_-3c45">
                <ExtendedData>
                    <SchemaData schemaUrl="#stations_series_1">
                        <SimpleData name="collectioncode">PIRAT.PFRL</SimpleData>
                        <SimpleData name="seriescode">PIRAT</SimpleData>
                        <SimpleData name="ocean">MID PACIFIC</SimpleData>
                        <SimpleData name="station_name">KANAHA SHALLOW</SimpleData>
                        <SimpleData name="station_type">Acoustic</SimpleData>
                        <SimpleData name="latitude">20.9084</SimpleData>
                        <SimpleData name="longitude">-156.44199</SimpleData>
                        <SimpleData name="depth">unknown</SimpleData>
                        <SimpleData name="stationstatus">active</SimpleData>
                        <SimpleData name="stationclass">deployed</SimpleData>
                        <SimpleData name="first_year">2014-01-15</SimpleData>
                        <SimpleData name="last_year">2018-01-25</SimpleData>
                        <SimpleData name="notes">&lt;small&gt;&lt;table border=1&gt;&lt;tr&gt;&lt;th&gt;instrument&lt;/th&gt;&lt;th&gt;type&lt;/th&gt;&lt;th&gt;deploy date&lt;/th&gt;&lt;th&gt;last download&lt;/th&gt;&lt;th&gt;recovery date&lt;/th&gt;&lt;th&gt;downloads&lt;/th&gt;&lt;th&gt;offset&lt;/th&gt;&lt;/tr&gt;&lt;tr&gt;&lt;td&gt;VR2W&lt;/td&gt;&lt;td align=center nowrap&gt;Acoustic&lt;/td&gt;&lt;td align=center nowrap&gt;2014-01-15&lt;/td&gt;&lt;td align=center nowrap&gt;2015-04-27&lt;/td&gt;&lt;td align=center nowrap&gt;2015-04-26&lt;/td&gt;&lt;td align=center nowrap&gt;1&lt;/td&gt;&lt;td align=center nowrap&gt;0.0 m&lt;/td&gt;&lt;/tr&gt;&lt;tr&gt;&lt;td&gt;VR2W&lt;/td&gt;&lt;td align=center nowrap&gt;Acoustic&lt;/td&gt;&lt;td align=center nowrap&gt;2017-03-16&lt;/td&gt;&lt;td align=center nowrap&gt;-&lt;/td&gt;&lt;td align=center nowrap&gt;2018-01-25&lt;/td&gt;&lt;td align=center nowrap&gt;-&lt;/td&gt;&lt;td align=center nowrap&gt;11.8 m&lt;/td&gt;&lt;/tr&gt;&lt;/table&gt;&lt;/small&gt;</SimpleData>
                    </SchemaData>
                </ExtendedData>
                <Point>
                    <coordinates>-156.44199,20.9084</coordinates>
                </Point>
            </Placemark>
            <Placemark id="stations_series.fid--2e4a691_19d8297c619_-3c44">
                <ExtendedData>
                    <SchemaData schemaUrl="#stations_series_1">
                        <SimpleData name="collectioncode">PIRAT.PFRL</SimpleData>
                        <SimpleData name="seriescode">PIRAT</SimpleData>
                        <SimpleData name="ocean">MID PACIFIC</SimpleData>
                        <SimpleData name="station_name">SLIP J-29</SimpleData>
                        <SimpleData name="station_type">Acoustic</SimpleData>
                        <SimpleData name="latitude">19.66923</SimpleData>
                        <SimpleData name="longitude">-156.02313</SimpleData>
                        <SimpleData name="depth">unknown</SimpleData>
                        <SimpleData name="stationstatus">active</SimpleData>
                        <SimpleData name="stationclass">deployed</SimpleData>
                        <SimpleData name="first_year">2003-08-03</SimpleData>
                        <SimpleData name="last_year">2008-02-10</SimpleData>
                        <SimpleData name="notes">&lt;small&gt;&lt;table border=1&gt;&lt;tr&gt;&lt;th&gt;instrument&lt;/th&gt;&lt;th&gt;type&lt;/th&gt;&lt;th&gt;deploy date&lt;/th&gt;&lt;th&gt;last download&lt;/th&gt;&lt;th&gt;recovery date&lt;/th&gt;&lt;th&gt;downloads&lt;/th&gt;&lt;th&gt;offset&lt;/th&gt;&lt;/tr&gt;&lt;tr&gt;&lt;td&gt;VR2&lt;/td&gt;&lt;td align=center nowrap&gt;Acoustic&lt;/td&gt;&lt;td align=center nowrap&gt;2003-08-03&lt;/td&gt;&lt;td align=center nowrap&gt;-&lt;/td&gt;&lt;td align=center nowrap&gt;2003-12-21&lt;/td&gt;&lt;td align=center nowrap&gt;-&lt;/td&gt;&lt;td align=center nowrap&gt;0.0 m&lt;/td&gt;&lt;/tr&gt;&lt;tr&gt;&lt;td&gt;VR2&lt;/td&gt;&lt;td align=center nowrap&gt;Acoustic&lt;/td&gt;&lt;td align=center nowrap&gt;2003-12-21&lt;/td&gt;&lt;td align=center nowrap&gt;-&lt;/td&gt;&lt;td align=center nowrap&gt;2004-09-04&lt;/td&gt;&lt;td align=center nowrap&gt;-&lt;/td&gt;&lt;td align=center nowrap&gt;0.0 m&lt;/td&gt;&lt;/tr&gt;&lt;tr&gt;&lt;td&gt;VR2&lt;/td&gt;&lt;td align=center nowrap&gt;Acoustic&lt;/td&gt;&lt;td align=center nowrap&gt;2004-09-04&lt;/td&gt;&lt;td align=center nowrap&gt;-&lt;/td&gt;&lt;td align=center nowrap&gt;2004-12-22&lt;/td&gt;&lt;td align=center nowrap&gt;-&lt;/td&gt;&lt;td align=center nowrap&gt;0.0 m&lt;/td&gt;&lt;/tr&gt;&lt;tr&gt;&lt;td&gt;VR2&lt;/td&gt;&lt;td align=center nowrap&gt;Acoustic&lt;/td&gt;&lt;td align=center nowrap&gt;2004-12-23&lt;/td&gt;&lt;td align=center nowrap&gt;-&lt;/td&gt;&lt;td align=center nowrap&gt;2005-07-20&lt;/td&gt;&lt;td align=center nowrap&gt;-&lt;/td&gt;&lt;td align=center nowrap&gt;0.0 m&lt;/td&gt;&lt;/tr&gt;&lt;tr&gt;&lt;td&gt;VR2&lt;/td&gt;&lt;td align=center nowrap&gt;Acoustic&lt;/td&gt;&lt;td align=center nowrap&gt;2005-07-21&lt;/td&gt;&lt;td align=center nowrap&gt;-&lt;/td&gt;&lt;td align=center nowrap&gt;2005-12-12&lt;/td&gt;&lt;td align=center nowrap&gt;-&lt;/td&gt;&lt;td align=center nowrap&gt;0.0 m&lt;/td&gt;&lt;/tr&gt;&lt;tr&gt;&lt;td&gt;VR2&lt;/td&gt;&lt;td align=center nowrap&gt;Acoustic&lt;/td&gt;&lt;td align=center nowrap&gt;2005-12-16&lt;/td&gt;&lt;td align=center nowrap&gt;-&lt;/td&gt;&lt;td align=center nowrap&gt;2008-02-10&lt;/td&gt;&lt;td align=center nowrap&gt;-&lt;/td&gt;&lt;td align=center nowrap&gt;0.0 m&lt;/td&gt;&lt;/tr&gt;&lt;/table&gt;&lt;/small&gt;</SimpleData>
                    </SchemaData>
                </ExtendedData>
                <Point>
                    <coordinates>-156.02313,19.66923</coordinates>
                </Point>
            </Placemark>
            <Placemark id="stations_series.fid--2e4a691_19d8297c619_-3c43">
                <ExtendedData>
                    <SchemaData schemaUrl="#stations_series_1">
                        <SimpleData name="collectioncode">PIRAT.PFRL</SimpleData>
                        <SimpleData name="seriescode">PIRAT</SimpleData>
                        <SimpleData name="ocean">MID PACIFIC</SimpleData>
                        <SimpleData name="station_name">FISH POINT</SimpleData>
                        <SimpleData name="station_type">Acoustic</SimpleData>
                        <SimpleData name="latitude">19.47818</SimpleData>
                        <SimpleData name="longitude">-155.93432</SimpleData>
                        <SimpleData name="depth">unknown</SimpleData>
                        <SimpleData name="stationstatus">active</SimpleData>
                        <SimpleData name="stationclass">deployed</SimpleData>
                        <SimpleData name="first_year">2005-12-10</SimpleData>
                        <SimpleData name="last_year">2012-03-21</SimpleData>
                        <SimpleData name="notes">&lt;small&gt;&lt;table border=1&gt;&lt;tr&gt;&lt;th&gt;instrument&lt;/th&gt;&lt;th&gt;type&lt;/th&gt;&lt;th&gt;deploy date&lt;/th&gt;&lt;th&gt;last download&lt;/th&gt;&lt;th&gt;recovery date&lt;/th&gt;&lt;th&gt;downloads&lt;/th&gt;&lt;th&gt;offset&lt;/th&gt;&lt;/tr&gt;&lt;tr&gt;&lt;td&gt;VR2&lt;/td&gt;&lt;td align=center nowrap&gt;Acoustic&lt;/td&gt;&lt;td align=center nowrap&gt;2005-12-10&lt;/td&gt;&lt;td align=center nowrap&gt;-&lt;/td&gt;&lt;td align=center nowrap&gt;2006-02-17&lt;/td&gt;&lt;td align=center nowrap&gt;-&lt;/td&gt;&lt;td align=center nowrap&gt;0.0 m&lt;/td&gt;&lt;/tr&gt;&lt;tr&gt;&lt;td&gt;VR2&lt;/td&gt;&lt;td align=center nowrap&gt;Acoustic&lt;/td&gt;&lt;td align=center nowrap&gt;2006-02-17&lt;/td&gt;&lt;td align=center nowrap&gt;-&lt;/td&gt;&lt;td align=center nowrap&gt;2006-06-26&lt;/td&gt;&lt;td align=center nowrap&gt;-&lt;/td&gt;&lt;td align=center nowrap&gt;34.9 m&lt;/td&gt;&lt;/tr&gt;&lt;tr&gt;&lt;td&gt;VR2&lt;/td&gt;&lt;td align=center nowrap&gt;Acoustic&lt;/td&gt;&lt;td align=center nowrap&gt;2006-06-26&lt;/td&gt;&lt;td align=center nowrap&gt;-&lt;/td&gt;&lt;td align=center nowrap&gt;2007-05-13&lt;/td&gt;&lt;td align=center nowrap&gt;-&lt;/td&gt;&lt;td align=center nowrap&gt;34.9 m&lt;/td&gt;&lt;/tr&gt;&lt;tr&gt;&lt;td&gt;VR2&lt;/td&gt;&lt;td align=center nowrap&gt;Acoustic&lt;/td&gt;&lt;td align=center nowrap&gt;2007-05-14&lt;/td&gt;&lt;td align=center nowrap&gt;-&lt;/td&gt;&lt;td align=center nowrap&gt;2008-01-15&lt;/td&gt;&lt;td align=center nowrap&gt;-&lt;/td&gt;&lt;td align=center nowrap&gt;1012.7 m&lt;/td&gt;&lt;/tr&gt;&lt;tr&gt;&lt;td&gt;VR2&lt;/td&gt;&lt;td align=center nowrap&gt;Acoustic&lt;/td&gt;&lt;td align=center nowrap&gt;2008-01-15&lt;/td&gt;&lt;td align=center nowrap&gt;-&lt;/td&gt;&lt;td align=center nowrap&gt;2008-03-03&lt;/td&gt;&lt;td align=center nowrap&gt;-&lt;/td&gt;&lt;td align=center nowrap&gt;34.9 m&lt;/td&gt;&lt;/tr&gt;&lt;tr&gt;&lt;td&gt;VR2&lt;/td&gt;&lt;td align=center nowrap&gt;Acoustic&lt;/td&gt;&lt;td align=center nowrap&gt;2008-03-03&lt;/td&gt;&lt;td align=center nowrap&gt;-&lt;/td&gt;&lt;td align=center nowrap&gt;2008-08-21&lt;/td&gt;&lt;td align=center nowrap&gt;-&lt;/td&gt;&lt;td align=center nowrap&gt;34.9 m&lt;/td&gt;&lt;/tr&gt;&lt;tr&gt;&lt;td&gt;VR2&lt;/td&gt;&lt;td align=center nowrap&gt;Acoustic&lt;/td&gt;&lt;td align=center nowrap&gt;2008-08-21&lt;/td&gt;&lt;td align=center nowrap&gt;-&lt;/td&gt;&lt;td align=center nowrap&gt;-&lt;/td&gt;&lt;td align=center nowrap&gt;-&lt;/td&gt;&lt;td align=center nowrap&gt;34.9 m&lt;/td&gt;&lt;/tr&gt;&lt;tr&gt;&lt;td&gt;VR2W&lt;/td&gt;&lt;td align=center nowrap&gt;Acoustic&lt;/td&gt;&lt;td align=center nowrap&gt;2009-09-09&lt;/td&gt;&lt;td align=center nowrap&gt;-&lt;/td&gt;&lt;td align=center nowrap&gt;2010-12-19&lt;/td&gt;&lt;td align=center nowrap&gt;-&lt;/td&gt;&lt;td align=center nowrap&gt;34.9 m&lt;/td&gt;&lt;/tr&gt;&lt;tr&gt;&lt;td&gt;VR2W&lt;/td&gt;&lt;td align=center nowrap&gt;Acoustic&lt;/td&gt;&lt;td align=center nowrap&gt;2010-12-19&lt;/td&gt;&lt;td align=center nowrap&gt;-&lt;/td&gt;&lt;td align=center nowrap&gt;2012-03-21&lt;/td&gt;&lt;td align=center nowrap&gt;-&lt;/td&gt;&lt;td align=center nowrap&gt;34.9 m&lt;/td&gt;&lt;/tr&gt;&lt;/table&gt;&lt;/small&gt;</SimpleData>
                    </SchemaData>
                </ExtendedData>
                <Point>
                    <coordinates>-155.93432,19.47818</coordinates>
                </Point>
            </Placemark>
            <Placemark id="stations_series.fid--2e4a691_19d8297c619_-3c42">
                <ExtendedData>
                    <SchemaData schemaUrl="#stations_series_1">
                        <SimpleData name="collectioncode">PIRAT.PFRL</SimpleData>
                        <SimpleData name="seriescode">PIRAT</SimpleData>
                        <SimpleData name="ocean">MID PACIFIC</SimpleData>
                        <SimpleData name="station_name">Waikiki East Mid</SimpleData>
                        <SimpleData name="station_type">Acoustic</SimpleData>
                        <SimpleData name="latitude">21.27402</SimpleData>
                        <SimpleData name="longitude">-157.85913</SimpleData>
                        <SimpleData name="depth">73</SimpleData>
                        <SimpleData name="stationstatus">active</SimpleData>
                        <SimpleData name="stationclass">deployed</SimpleData>
                        <SimpleData name="first_year">2012-04-26</SimpleData>
                        <SimpleData name="notes">&lt;small&gt;&lt;table border=1&gt;&lt;tr&gt;&lt;th&gt;instrument&lt;/th&gt;&lt;th&gt;type&lt;/th&gt;&lt;th&gt;deploy date&lt;/th&gt;&lt;th&gt;last download&lt;/th&gt;&lt;th&gt;recovery date&lt;/th&gt;&lt;th&gt;downloads&lt;/th&gt;&lt;th&gt;offset&lt;/th&gt;&lt;/tr&gt;&lt;tr&gt;&lt;td&gt;VR2W&lt;/td&gt;&lt;td align=center nowrap&gt;Acoustic&lt;/td&gt;&lt;td align=center nowrap&gt;2012-04-26&lt;/td&gt;&lt;td align=center nowrap&gt;2013-06-17&lt;/td&gt;&lt;td align=center nowrap&gt;2013-06-17&lt;/td&gt;&lt;td align=center nowrap&gt;2&lt;/td&gt;&lt;td align=center nowrap&gt;0.0 m&lt;/td&gt;&lt;/tr&gt;&lt;tr&gt;&lt;td&gt;VR2W&lt;/td&gt;&lt;td align=center nowrap&gt;Acoustic&lt;/td&gt;&lt;td align=center nowrap&gt;2013-06-18&lt;/td&gt;&lt;td align=center nowrap&gt;2013-12-13&lt;/td&gt;&lt;td align=center nowrap&gt;2013-12-12&lt;/td&gt;&lt;td align=center nowrap&gt;1&lt;/td&gt;&lt;td align=center nowrap&gt;32.0 m&lt;/td&gt;&lt;/tr&gt;&lt;tr&gt;&lt;td&gt;VR2W&lt;/td&gt;&lt;td align=center nowrap&gt;Acoustic&lt;/td&gt;&lt;td align=center nowrap&gt;2013-12-12&lt;/td&gt;&lt;td align=center nowrap&gt;2014-11-26&lt;/td&gt;&lt;td align=center nowrap&gt;2014-11-25&lt;/td&gt;&lt;td align=center nowrap&gt;1&lt;/td&gt;&lt;td align=center nowrap&gt;52364.0 m&lt;/td&gt;&lt;/tr&gt;&lt;tr&gt;&lt;td&gt;VR2W&lt;/td&gt;&lt;td align=center nowrap&gt;Acoustic&lt;/td&gt;&lt;td align=center nowrap&gt;2014-11-25&lt;/td&gt;&lt;td align=center nowrap&gt;2015-06-20&lt;/td&gt;&lt;td align=center nowrap&gt;2015-06-19&lt;/td&gt;&lt;td align=center nowrap&gt;1&lt;/td&gt;&lt;td align=center nowrap&gt;514.9 m&lt;/td&gt;&lt;/tr&gt;&lt;tr&gt;&lt;td&gt;VR2W&lt;/td&gt;&lt;td align=center nowrap&gt;Acoustic&lt;/td&gt;&lt;td align=center nowrap&gt;2015-06-19&lt;/td&gt;&lt;td align=center nowrap&gt;2016-12-21&lt;/td&gt;&lt;td align=center nowrap&gt;2016-11-18&lt;/td&gt;&lt;td align=center nowrap&gt;1&lt;/td&gt;&lt;td align=center nowrap&gt;52364.1 m&lt;/td&gt;&lt;/tr&gt;&lt;tr&gt;&lt;td&gt;VR2W&lt;/td&gt;&lt;td align=center nowrap&gt;Acoustic&lt;/td&gt;&lt;td align=center nowrap&gt;2016-11-18&lt;/td&gt;&lt;td align=center nowrap&gt;2017-08-24&lt;/td&gt;&lt;td align=center nowrap&gt;2017-08-08&lt;/td&gt;&lt;td align=center nowrap&gt;1&lt;/td&gt;&lt;td align=center nowrap&gt;0.0 m&lt;/td&gt;&lt;/tr&gt;&lt;tr&gt;&lt;td&gt;VR2W&lt;/td&gt;&lt;td align=center nowrap&gt;Acoustic&lt;/td&gt;&lt;td align=center nowrap&gt;2018-11-08&lt;/td&gt;&lt;td align=center nowrap&gt;-&lt;/td&gt;&lt;td align=center nowrap&gt;-&lt;/td&gt;&lt;td align=center nowrap&gt;-&lt;/td&gt;&lt;td align=center nowrap&gt;93.5 m&lt;/td&gt;&lt;/tr&gt;&lt;/table&gt;&lt;/small&gt;</SimpleData>
                    </SchemaData>
                </ExtendedData>
                <Point>
                    <coordinates>-157.85913,21.27402</coordinates>
                </Point>
            </Placemark>
            <Placemark id="stations_series.fid--2e4a691_19d8297c619_-3c41">
                <ExtendedData>
                    <SchemaData schemaUrl="#stations_series_1">
                        <SimpleData name="collectioncode">PIRAT.PFRL</SimpleData>
                        <SimpleData name="seriescode">PIRAT</SimpleData>
                        <SimpleData name="ocean">MID PACIFIC</SimpleData>
                        <SimpleData name="station_name">MARO NORTH TIP</SimpleData>
                        <SimpleData name="station_type">Acoustic</SimpleData>
                        <SimpleData name="latitude">25.45842</SimpleData>
                        <SimpleData name="longitude">-170.67104</SimpleData>
                        <SimpleData name="depth">unknown</SimpleData>
                        <SimpleData name="stationstatus">active</SimpleData>
                        <SimpleData name="stationclass">deployed</SimpleData>
                        <SimpleData name="first_year">2005-05-21</SimpleData>
                        <SimpleData name="last_year">2006-09-07</SimpleData>
                        <SimpleData name="notes">&lt;small&gt;&lt;table border=1&gt;&lt;tr&gt;&lt;th&gt;instrument&lt;/th&gt;&lt;th&gt;type&lt;/th&gt;&lt;th&gt;deploy date&lt;/th&gt;&lt;th&gt;last download&lt;/th&gt;&lt;th&gt;recovery date&lt;/th&gt;&lt;th&gt;downloads&lt;/th&gt;&lt;th&gt;offset&lt;/th&gt;&lt;/tr&gt;&lt;tr&gt;&lt;td&gt;VR2&lt;/td&gt;&lt;td align=center nowrap&gt;Acoustic&lt;/td&gt;&lt;td align=center nowrap&gt;2005-05-21&lt;/td&gt;&lt;td align=center nowrap&gt;-&lt;/td&gt;&lt;td align=center nowrap&gt;2005-09-21&lt;/td&gt;&lt;td align=center nowrap&gt;-&lt;/td&gt;&lt;td align=center nowrap&gt;0.0 m&lt;/td&gt;&lt;/tr&gt;&lt;tr&gt;&lt;td&gt;VR2&lt;/td&gt;&lt;td align=center nowrap&gt;Acoustic&lt;/td&gt;&lt;td align=center nowrap&gt;2005-09-21&lt;/td&gt;&lt;td align=center nowrap&gt;-&lt;/td&gt;&lt;td align=center nowrap&gt;2006-09-07&lt;/td&gt;&lt;td align=center nowrap&gt;-&lt;/td&gt;&lt;td align=center nowrap&gt;0.0 m&lt;/td&gt;&lt;/tr&gt;&lt;/table&gt;&lt;/small&gt;</SimpleData>
                    </SchemaData>
                </ExtendedData>
                <Point>
                    <coordinates>-170.67104,25.45842</coordinates>
                </Point>
            </Placemark>
        </Folder>
    </Document>
</kml>
